:100000000C94C30E0C94EC3D0C94C13D0C94963DA5
:100010000C946B3D0C94403D0C94153D0C94EA3CC3
:100020000C94BF3C0C94F40E0C94F40E0C94F40E4F
:100030000C94F40E0C94F40E0C94F40E0C94F40E38
:100040000C94F40E0C94F40E0C94F40E0C94F40E28
:100050000C94F40E0C94F40E0C94F40E0C94753C69
:100060000C94F40E0C943F3C0C94153C0C94F40E40
:100070000C94F40E0C94F40E0C94F40E0C94F40EF8
:100080000C94F40E0C94F40E0C94F40E0C94F40EE8
:100090000C94DF3B0C94B53B0C94F40E0C94173E7F
:1000A0000C94F40E0C94F40E0C94F40E0C94F40EC8
:1000B0000C94F40E0C94F40E0C94F40E0C94F40EB8
:1000C0000C94F40E0C94F40E0C94F40E0C94F40EA8
:1000D0000C94F40E0C94F40E0C94F40E0C94F40E98
:1000E0000C94F40E0C9454110C94210F0C942311C5
:1000F0000C942B0F0C942D0F0C94FB110C94B71037
:100100000C94BB100C94EE160C9446100C942C0F0F
:100110000C94F1100C94200F0C94DE160C9499148E
:100120000C94860F0C94E8100C94590F0C94DE106C
:100130000C9401170C9453180C94C6100C9435179A
:100140000C94F2100C94F7140C94DF160C94B70F67
:100150000C94A90F0C94BF100C94731A0C94C31830
:100160000C94D0100C94C3100C94CC100C94081761
:100170000C94B1100C94E4100C94E7510C942A41A7
:100180000C94F90F0C94EC100C94950F0C94DA105D
:100190000C94D6100C9494110C94F6104E414E49C8
:1001A0004E495459494E46CDCCCC3D0AD7233C1735
:1001B000B7D13877CC2B329595E6241FB14F0A0082
:1001C0000020410000C84200401C4620BCBE4CCA72
:1001D0001B0E5AAEC59D7400407A10F35A00A072EF
:1001E0004E18090010A5D4E80000E8764817000072
:1001F000E40B54020000CA9A3B000000E1F5050040
:100200000080969800000040420F000000A0860188
:10021000000000102700000000E803000000006458
:1002200000000000000A00000000000100000000C3
:10023000002C76D888DC674F0823DFC1DFAE59E198
:10024000B1B796E5E3E453C63AE651997696E8E607
:10025000C28426EB898C9B62ED407C6FFCEFBC9CDA
:100260009F40F2BAA56FA5F490055A2AF75C936BEC
:100270006CF9676DC11BFCE0E40D47FEF520E6B5A7
:1002800000D0ED902E0300943577050080841E0881
:100290000000204E0A000000C80C333333330F989F
:1002A0006E12831141EF8D2114893BE65516CFFE66
:1002B000E6DB18D1844B381BF77C1D901DA4BBE4F2
:1002C00024203284725E228100C9F124ECA1E53D34
:1002D00027436F696E20496E7365727465642120CF
:1002E00043757272656E742042616C616E63653A2B
:1002F0002054736820005072652D436C6F73652025
:100300004F66667365742073617665643A200045B4
:100310004550524F4D207772697465206661696C53
:10032000656420666F7220746F74616C436F696ED0
:100330007321205265747279696E672E2E2E0053D8
:1003400061766564204F776E6572204E756D6265CB
:10035000723A2000454550524F4D207772697465BE
:10036000206661696C656420666F7220666C6F77C9
:1003700043616C6962726174696F6E466163746F28
:100380007221205265747279696E672E2E2E004597
:100390004550524F4D207772697465206661696CD3
:1003A000656420666F722070726963655065724C77
:1003B0006974657221205265747279696E672E2E98
:1003C0002E0053544F5245445F43415244533A0028
:1003D0002000436F6D6D616E64733A2027707269FF
:1003E0006365272C202763616C666163746F7227D5
:1003F0002C2027707265636C6F7365272C20277320
:10040000657470686F6E65272C202762616C616E61
:100410006365272C20277265736574272C20276E4F
:10042000657770617373272C20277573657270610F
:100430007373272C2027414444434152443A3C6E75
:10044000616D653E3A3C62616C616E63653E272C6E
:10045000202741444442414C414E43453A3C6E6161
:100460006D653E3A3C616D6F756E743E272C20279A
:1004700044454C455445434152443A3C6E616D6598
:100480003E272C202744454C455445414C4C434184
:100490005244533A3C70617373776F72643E272CF9
:1004A0002027434152444C495354272C2027657838
:1004B0006974270020005072652D436C6F736520AE
:1004C0004F6666736574206C6F616465643A2000E2
:1004D000200050686F6E653A200043616C6962725B
:1004E0006174696F6E20466163746F723A200050C8
:1004F000726963652F4C203A20547368200043755D
:100500007272656E7420446174613A0020002000AC
:10051000436F6D6D616E64733A20274144444341DB
:1005200052443A3C6E616D653E3A3C62616C616E6C
:1005300063653E272C202741444442414C414E43B1
:10054000453A3C6E616D653E3A3C616D6F756E7407
:100550003E272C202765786974270020002000435F
:100560006F6E746163743A202B3235353734333013
:100570003938343932005448414E4B5320464F529B
:10058000205452555354494E472044757261626C51
:10059000652057617465722056656E6473005265FC
:1005A0007475726E656420746F20576F726B204D86
:1005B0006F64652E00416C6C20646174612073610E
:1005C0007665642100200020002000456E7465726D
:1005D000202744454C455445414C4C4341524453DB
:1005E0003A3C70617373776F72643E270020004558
:1005F0006E746572202744454C455445434152442E
:100600003A3C6E616D653E27002000456E74657250
:10061000202741444442414C414E43453A3C6E619F
:100620006D653E3A3C616D6F756E743E270020002B
:10063000200020004F722073656E64206F7468651F
:100640007220636F6D6D616E64732E00456E74650C
:10065000726564205365742050686F6E65204D6F1D
:1006600064653A2053656E642070686F6E65206E15
:10067000756D6265722028652E672E2C202B323511
:1006800035373433303938343932290020002000EE
:1006900053656E64206F7468657220636F6D6D6161
:1006A0006E64732E002000546F74616C2053616C73
:1006B0006573206E6F773A205473682000200053D2
:1006C000616C6573207265736574210020002000E1
:1006D00053656E64206F7468657220636F6D6D6121
:1006E0006E64732E002000546F74616C2053616C33
:1006F00065733A20547368200020002000456E7412
:100700006572656420557365722050617373776FED
:100710007264204368616E6765204D6F64653A209E
:1007200053656E64206E6577207573657220706105
:100730007373776F72642028342D313520636861BC
:1007400072616374657273290020002000456E7425
:10075000657265642050617373776F7264204368BB
:10076000616E6765204D6F64653A2053656E642045
:100770006E65772070617373776F72642028342DF3
:10078000313520636861726163746572732900207A
:100790000020004F722073656E64206F746865726C
:1007A00020636F6D6D616E64732E00456E746572AB
:1007B00065642043616C6663746F72204D6F64657D
:1007C0003A2053656E6420666163746F72202865F9
:1007D0002E672E2C20372E352900200020004F7246
:1007E0002073656E64206F7468657220636F6D6D31
:1007F000616E64732E00456E74657265642050727C
:10080000696365206D6F64653A2053656E6420707E
:10081000726963652028652E672E2C2036302E30B5
:100820002900200029005D202841534349493A20EE
:100830000044697363617264656420636861723A3D
:10084000205B00200053656E642064656661756CF2
:1008500074206F72206E65772070617373776F728A
:10086000642E0050617373776F72642072657365D4
:100870007420746F2064656661756C7421002000BB
:1008800050617373776F726420616E64206F776E4E
:100890006572206E756D6265722072657365742075
:1008A000746F2064656661756C742E0053455450F6
:1008B00052453A0043415244544F5055503A004536
:1008C00052524F523A496E76616C696420416D6FA5
:1008D000756E74004552524F523A43617264204E15
:1008E0006F7420466F756E640043617264204465C6
:1008F0006C6574656400535543434553533A4361F3
:1009000072642044656C65746564004361726420A0
:100910004E6F7420466F756E64004552524F523AC6
:1009200043617264204E6F7420466F756E6400459B
:100930004550524F4D20436172647320436C656192
:100940007265640053455450524943453A0053453B
:100950005443414C3A002000496E76616C69642032
:10096000636F6D6D616E64212053656E6420274155
:100970004444434152443A3C6E616D653E3A3C62A8
:10098000616C616E63653E27206F72202765786910
:1009900074272E002000456E7465726564204164E2
:1009A000642043617264204D6F64653A2053636133
:1009B0006E2052464944206361726400200020008A
:1009C000456E7465722027414444434152443A3C89
:1009D0006E616D653E3A3C62616C616E63653E2797
:1009E000206F7220276578697427004552524F5254
:1009F0003A496E76616C696420416D6F756E740062
:100A00002000456E7465722027414444434152449E
:100A10003A3C6E616D653E3A3C62616C616E636545
:100A20003E27206F7220276578697427004552524F
:100A30004F523A4E616D6520416C72656164792058
:100A40005573656400456E746572202741444443C4
:100A50004152443A3C6E616D653E3A3C62616C6164
:100A60006E63653E27206F722027657869742700C2
:100A70004552524F523A4E616D6520546F6F204C73
:100A80006F6E6700456E7465722027414444434190
:100A900052443A3C6E616D653E3A3C62616C616EF7
:100AA00063653E27206F72202765786974270045AB
:100AB00052524F523A496E76616C696420466F72A9
:100AC0006D617400496E76616C696420636F6D6D51
:100AD000616E64212053656E642027636F6E7469B4
:100AE0006E756527206F72202765786974272E0040
:100AF00020004F722073656E642027657869742723
:100B000020746F2073746F7020616464696E672055
:100B1000636172647300456E7465722027414444BA
:100B2000434152443A3C6E616D653E3A3C62616CB1
:100B3000616E63653E2720746F20636F6E74696E0B
:100B4000756520616464696E672061206361726409
:100B50000020002000496E76616C696420636F6D2F
:100B60006D616E64212053656E6420202770726968
:100B70006365272C202773657470686F6E65272C5A
:100B8000202763616C666163746F72272C20276E67
:100B9000657770617373272C202775736572706198
:100BA0007373272C202741444443415244272C206F
:100BB0002741444442414C414E4345272C20274481
:100BC000454C45544543415244272C202744454C2D
:100BD000455445414C4C4341524453272C20274314
:100BE0004152444C495354272C206F72202765787A
:100BF0006974272E002000496E76616C6964206359
:100C00006F6D6D616E64212053656E642027707274
:100C1000696365272C202773657470686F6E65277C
:100C20002C202763616C666163746F72272C202708
:100C30007265736574272C20276E657770617373F6
:100C4000272C20277573657270617373272C2027FA
:100C500041444443415244272C20274144444241CB
:100C60004C414E4345272C202744454C4554454391
:100C7000415244272C202744454C455445414C4C77
:100C80004341524453272C2027434152444C49535B
:100C900054272C206F72202765786974272E002036
:100CA0000053656E64206F7468657220636F6D6DAC
:100CB000616E64732E005573657220706173737773
:100CC0006F7264206368616E67656420616E642082
:100CD00073617665642100200020005573657220E1
:100CE00070617373776F7264206D757374206265C1
:100CF000203420746F203135206368617261637421
:100D0000657273212054727920616761696E2E00CB
:100D1000200053656E64206F7468657220636F6D88
:100D20006D616E64732E0050617373776F7264200F
:100D30006368616E67656420616E642073617665C7
:100D40006421002000200050617373776F7264206B
:100D50006D757374206265203420746F20313520E6
:100D600063686172616374657273212054727920C3
:100D7000616761696E2E00200053656E64206F7498
:100D800068657220636F6D6D616E64732E005068CC
:100D90006F6E65206E756D6265722073657420617B
:100DA0006E642073617665643A200020002000495B
:100DB0006E76616C69642070686F6E65206E756D0B
:100DC00062657221204C656E6774682031302D3168
:100DD000392063686172732C20652E672E2C202BBE
:100DE0003235353734333039383439322C206F725C
:100DF000206F7468657220636F6D6D616E64732E11
:100E00000020002000496E76616C69642063616C8B
:100E1000666163746F72212053656E642061206E79
:100E2000756D626572206265747765656E20302E1F
:100E30003120616E642031302E302C206F72206F93
:100E40007468657220636F6D6D616E64732E0053FC
:100E5000656E64206F7468657220636F6D6D616E7E
:100E600064732E00200043616C466163746F7220CE
:100E700077617465722073657420616E642073619C
:100E80007665643A200020002000496E76616C6926
:100E90006420707269636520706572206C69746586
:100EA00072212053656E642061206E756D626572DB
:100EB000206265747765656E20302E303120616E5A
:100EC000642031303030302E302C206F72206F741F
:100ED00068657220636F6D6D616E64732E00200013
:100EE000200053656E64206F7468657220636F6DB7
:100EF0006D616E64732E0050726963652070657257
:100F0000206C697465722073657420616E6420734F
:100F1000617665643A2054736820002000496E763B
:100F2000616C696420636F6D6D616E64212053652F
:100F30006E642027414444434152443A3C6E616D03
:100F4000653E3A3C62616C616E63653E272C2027EA
:100F500041444442414C414E43453A3C6E616D65CB
:100F60003E3A3C616D6F756E743E272C2027657884
:100F70006974272E00496E76616C696420636F6D19
:100F80006D616E64212053656E6420202770726944
:100F90006365272C202763616C666163746F722719
:100FA0002C202773657470686F6E65272C2027626C
:100FB000616C616E6365272C2027726573657427E9
:100FC0002C20276E657770617373272C202775732B
:100FD000657270617373272C20274144444341524A
:100FE000443A3C6E616D653E3A3C62616C616E6391
:100FF000653E272C202741444442414C414E434505
:101000003A3C6E616D653E3A3C616D6F756E743E43
:10101000272C202744454C455445434152443A3CF3
:101020006E616D653E272C202744454C4554454153
:101030004C4C43415244533A3C70617373776F7226
:10104000643E272C2027434152444C495354272CBB
:10105000202765786974272E002000436F6E746125
:1010600063743A202B3235353734333039383439DC
:1010700032005448414E4B5320464F522054525553
:101080005354494E472044757261626C6520576124
:101090007465722056656E64730052657475726E65
:1010A000656420746F20576F726B204D6F64652EDE
:1010B00000416C6C20646174612073617665642109
:1010C0000020002000556E617574686F72697A6542
:1010D0006420636F6D6D616E6421002000556E6148
:1010E0007574686F72697A656420636F6D6D616E87
:1010F000642100200020004552524F523A57726F2F
:101100006E672050617373776F7264002000200057
:10111000535543434553533A416C6C2043617264C9
:10112000732044656C657465640020004552524F1D
:10113000523A4F776E657220417574686F72697AA2
:101140006174696F6E2052657175697265640045DE
:1011500052524F523A496E76616C696420466F7202
:101160006D6174002000456E746572656420416491
:10117000642043617264204D6F64653A205363615B
:101180006E205246494420636172640020002000B2
:101190004552524F523A496E76616C696420416DF6
:1011A0006F756E740020004552524F523A4E616D79
:1011B0006520416C726561647920557365640045F2
:1011C00052524F523A4E616D6520546F6F204C6FF2
:1011D0006E670020004552524F523A496E76616C5C
:1011E000696420466F726D6174002000556E6175F0
:1011F00074686F72697A656420636F6D6D616E6487
:1012000021002000200053656E64206F74686572B1
:1012100020636F6D6D616E64732E002000546F74D7
:10122000616C2053616C6573206E6F773A20547344
:10123000682000200053616C6573207265736574CB
:1012400021002000556E617574686F72697A65645B
:1012500020636F6D6D616E64210020002000536576
:101260006E64206F7468657220636F6D6D616E646B
:10127000732E002000546F74616C2053616C657391
:101280003A2054736820002000556E617574686FB1
:1012900072697A656420636F6D6D616E64210020F0
:1012A000002000456E746572656420557365722078
:1012B00050617373776F7264204368616E67652055
:1012C0004D6F64653A2053656E64206E65772075B6
:1012D0007365722070617373776F72642028342D88
:1012E000313520636861726163746572732900200F
:1012F00000556E617574686F72697A656420636FFA
:101300006D6D616E64210020002000456E74657271
:1013100065642050617373776F7264204368616EF7
:101320006765204D6F64653A2053656E64206E6575
:10133000772070617373776F72642028342D313594
:1013400020636861726163746572732900200055BF
:101350006E617574686F72697A656420636F6D6D14
:10136000616E642100200020004F722073656E645E
:10137000206F7468657220636F6D6D616E64732E8B
:1013800000456E7465726564205365742050686F03
:101390006E65204D6F64653A2053656E64207068F9
:1013A0006F6E65206E756D6265722028652E672EE2
:1013B0002C202B3235353734333039383439322913
:1013C000002000556E617574686F72697A656420DB
:1013D000636F6D6D616E642100200020004F7220EC
:1013E00073656E64206F7468657220636F6D6D61E4
:1013F0006E64732E00456E74657265642043616C83
:1014000020207761746572204D6F64653A205365C2
:101410006E642063616C6962726174696F6E2066CC
:101420006163746F722028652E672E2C20372E354D
:1014300029002000556E617574686F72697A656461
:1014400020636F6D6D616E642100200020004F727B
:101450002073656E64206F7468657220636F6D6DB4
:10146000616E64732E00456E7465726564205072FF
:10147000696365207761746572204D6F64653A20F9
:1014800053656E6420707269636520706572206CAC
:10149000697465722028652E672E2C2036302E3018
:1014A00029002000556E617574686F72697A6564F1
:1014B00020636F6D6D616E642100200020004F720B
:1014C0002073656E64206F7468657220636F6D6D44
:1014D000616E64732E00456E74657265642050728F
:1014E000652D436C6F7365204D6F64653A205365BD
:1014F0006E64206F666673657420696E206C697413
:101500006572732028652E672E2C20302E3329001B
:1015100020002000496E76616C6964206F666673F6
:101520006574212053656E64206E756D626572204E
:10153000302E30202D2031302E30206C69746572B1
:10154000732C206F72206F7468657220636F6D6DED
:10155000616E64732E002000200053656E64206F5E
:101560007468657220636F6D6D616E64732E002008
:101570006C6974657273005072652D636C6F73656E
:10158000206F66667365742073657420616E6420D5
:1015900073617665643A200020002000496E636F15
:1015A00072726563742070617373776F7264212047
:1015B00054727920616761696E206F722070726564
:1015C000737320726573657420666F7220352073A3
:1015D00065636F6E647320746F20726576657274D4
:1015E00020746F2064656661756C7420706173731C
:1015F000776F72642E002000200055736572204DB5
:101600006F646500200044757261626C65205761EB
:101610007465722056656E64733A20436F6E746110
:1016200063743A202B323535373433303938343916
:101630003200200020004F776E6572204D6F646588
:1016400000200044757261626C6520576174657298
:101650002056656E64733A20436F6E746163743A0A
:10166000202B323535373433303938343932002095
:10167000002000436F6E746163743A202B3235355D
:10168000373433303938343932005448414E4B53B3
:1016900020464F52205452555354494E47204475CA
:1016A0007261626C652057617465722056656E6464
:1016B000730052657475726E656420746F20576F85
:1016C000726B204D6F64652E00426C7565746F6F90
:1016D00074682069646C652074696D656F75742029
:1016E000726561636865642E20416C6C206461746E
:1016F00061207361766564210052657475726E694C
:101700006E6720746F20576F726B00426C75657442
:101710006F6F74682054696D656F75740043415232
:10172000445245473A005363616E20524649442073
:1017300043617264005363616E20616E6F7468650B
:10174000722063617264206F722073656E6420275B
:1017500065786974270042616C3A200043617264C5
:101760002053617665643A20005363616E205246CF
:1017700049442043617264005363616E20616E6F5F
:10178000746865722063617264206F722073656E85
:101790006420276578697427004361726420457866
:1017A00069737473004552524F523A436172642018
:1017B000416C726561647920457869737473005374
:1017C00063616E2052464944204361726400536352
:1017D000616E20616E6F746865722063617264204F
:1017E0006F722073656E64202765786974270045E1
:1017F0006D70747920546167004552524F523A45DA
:101800006D70747920546167005363616E6E696E08
:10181000672E2E2E004B5553414A494C49204B41CF
:10182000444900574153494C49414E41204E4120C3
:101830004F574E4552004B41444920484149504181
:1018400054494B414E4900413A57454B4120534181
:101850004C494F20423A4F4E444F410053414C496E
:101860004F3A2054736820004A494E413A200043C1
:1018700041524453594E432064656C6574653A2067
:10188000002062616C616E63653D004341524453C8
:10189000594E43207570736572743A20004341526B
:1018A0004453594E433A20454550524F4D20696D9F
:1018B000656A616120284D41585F54414753292C86
:1018C00020696D657368696E647761206B756F6EF2
:1018D00067657A610053455454494E47533A207026
:1018E00072652D636C6F7365206D707961206B7507
:1018F000746F6B61207365727665723A2000534590
:101900005454494E47533A2063616C696272617462
:10191000696F6E206D707961206B75746F6B6120DB
:101920007365727665723A200053455454494E47A8
:10193000533A20626569206D707961206B75746F10
:101940006B61207365727665723A20000000220098
:10195000250028002B002E00310034000201000079
:10196000050108010B0100002000230026002900CA
:101970002C002F00320000010000030106010901C4
:1019800000000A0B02090C0D0E08070304010000F9
:101990000000000000000000000000000000000047
:1019A0000000000000000000000000001211100004
:1019B0000000000000000000000000000000000027
:1019C00000000000000000002100240027002A0081
:1019D0002D003000330001010000040107010A015D
:1019E0000102102020080810204010204080020131
:1019F0000201080402010102040810204080804016
:101A00002010080402018004020180402010080414
:101A100002010804020101020408102040800102B2
:101A2000040810204080050505050705080808087A
:101A3000020202020A0A0808040404040101010166
:101A40000101010103030303030303030407070761
:101A50000C0C0C0C0C0C0C0C020202020606060606
:101A6000060606060B0B0B0B0B0B0B0B5072652DB2
:101A7000436C6F7365204F6666736574206C6F618D
:101A80006465643A20003A20456D70747900536CA7
:101A90006F7420002C2042616C616E63653D002CE8
:101AA000204E616D653D003A205461673D00536CE6
:101AB0006F74200053746F726564204361726473A5
:101AC0003A00507269636520706572204C697465D4
:101AD0007220004C6F61646564204F776E657220E0
:101AE0004E756D6265723A200043616C6962726185
:101AF00074696F6E20466163746F723A20002044EF
:101B00002E572E56200044555241424C45205741F5
:101B10005445522056454E440048423A0054584ECF
:101B20003A434F494E3A004B4152494255205445A1
:101B30004E41004153414E54452053414E410054C3
:101B400073683A004C6974613A004A554D4C412023
:101B50005941204C4954413A004A554D4C413A5460
:101B600073682000494E41544F41204D414A492E4F
:101B70002E2E2E2E2E2E0054584E3A434152443AC9
:101B8000004B41524942552054454E41004153417A
:101B90004E54452053414E41005473683A004C69FD
:101BA00074613A004A554D4C41205941204C4954EA
:101BB000413A004A554D4C413A5473682000494E11
:101BC00041544F41204D414A492E2E2E2E00536341
:101BD000616E204B6164692054656E61004D55440F
:101BE0004120554D454953484100413A57454B41E5
:101BF0002053414C494F20423A4F4E444F410053ED
:101C0000414C494F3A2054736820004A494E413AAA
:101C100020004D55444120554D4549534841002031
:101C200020202020202020202020202020202000D4
:101C300053414C494F3A2054736820004A494E4161
:101C40003A20004D616A692E2E2E2E2E004C6974AA
:101C500065723A2000200053414C494F2048414CC6
:101C600049544F5348490020004B49415349204BA8
:101C700049444F474F2053414E4100413A57454B4D
:101C8000412053414C494F20423A4F4E444F41006E
:101C900053414C494F3A2054736820004A494E4101
:101CA0003A200048414B554E41204B494153490091
:101CB0004B61646920496D656F6E646F6C65776117
:101CC00000423A4F4E444F4120202A3A4655544153
:101CD00000424F4E59455A412023204B55525548FA
:101CE0005553556000200057454B41204B49415307
:101CF00049205473683A004B61646920496D656FEF
:101D00006E646F6C65776100545A533A20004F4EF1
:101D100047455A412053414C494F004C6974657204
:101D20003A200044697370656E73696E672057616D
:101D30007465722028436F696E732900202020008B
:101D400053414C494F20545A533A200057454B4178
:101D5000204B4144490057454B4120534152414695
:101D6000552041550048414B554E41205348554759
:101D7000485552490053797374656D2052657365F7
:101D800074002A41E75111241FBECFEFD1E2DEBF1C
:101D9000CDBF00E00CBF28E0A6E8B5E001C01D9271
:101DA000A33CB207E1F715E0A0E0B2E0E8E9F6EB0A
:101DB00000E00BBF02C007900D92A638B107D9F71B
:101DC0001EE0C2ECDEE000E006C021970109802F92
:101DD000FE010E94C758C13CD10780E00807A9F75F
:101DE0000E9443420C943A5B0C940000FC01A089D1
:101DF000B18982E08C93A485B5851C92A685B785B0
:101E00008FEC8C93108EA489B58986E08C93A2897F
:101E1000B3898C9180618C93A289B3898C918860FD
:101E20008C93A289B3898C9180688C930288F38902
:101E3000E02D80818F7D808308958CBD9DBD0895A8
:101E400008958091A6069091A70601969093A70603
:101E50008093A6060895089508950895DC01ED91F4
:101E6000FC910190F081E02D1994EF92FF920F9375
:101E70001F93CF93DF938C017B01D0E0C0E0F7018B
:101E8000EC0FFD1F6491662361F0D801ED91FC9188
:101E90000190F081E02DC8011995892B11F0219650
:101EA000EECFCE01DF91CF911F910F91FF90EF9078
:101EB0000895AF92BF92CF92DF92EF92FF920F936D
:101EC0001F93CF93DF936C017B018B01040F151FD0
:101ED000EB015E01AE18BF08C017D10759F0699138
:101EE000D601ED91FC910190F081E02DC60119958C
:101EF000892B79F7C501DF91CF911F910F91FF9049
:101F0000EF90DF90CF90BF90AF900895FC01538D7C
:101F1000448D252F30E0842F90E0821B930B5417C3
:101F200010F0CF96089501970895FC01918D828D50
:101F3000981761F0A28DAE0FBF2FB11D5D968C91E9
:101F4000928D9F5F9F73928F90E008958FEF9FEF28
:101F50000895FC01918D828D981731F0828DE80FE4
:101F6000F11D858D90E008958FEF9FEF0895FC019E
:101F7000918D228D892F90E0805C9F4F821B91096B
:101F80008F73992708958EEC96E00E94B70F21E099
:101F9000892B09F420E0822F08958BE697E00E94B8
:101FA000B70F21E0892B09F420E0822F0895FC016E
:101FB000A48DA80FB92FB11DA35ABF4F2C91848DAA
:101FC00090E001968F739927848FA689B7892C9307
:101FD000A089B1898C91837080648C93938D848D5A
:101FE000981306C00288F389E02D80818F7D80835D
:101FF0000895EF92FF920F931F93CF93DF93EC011D
:1020000081E0888F9B8D8C8D98131AC0E889F9899F
:10201000808185FF15C09FB7F894EE89FF896083A2
:10202000E889F98980818370806480839FBF81E023
:1020300090E0DF91CF911F910F91FF90EF90089565
:10204000F62E0B8D10E00F5F1F4F0F731127E02E40
:102050008C8D8E110CC00FB607FCFACFE889F98978
:10206000808185FFF5CFCE010E94D70FF1CFEB8D98
:10207000EC0FFD2FF11DE35AFF4FF0829FB7F8944C
:102080000B8FEA89FB8980818062CFCFCF93DF936A
:10209000EC01888D8823B9F0AA89BB89E889F98980
:1020A0008C9185FD03C0808186FD0DC00FB607FCB5
:1020B000F7CF8C9185FFF2CF808185FFEDCFCE01E8
:1020C0000E94D70FE9CFDF91CF91089580E090E093
:1020D000892B29F00E94CD0F81110E94000080E021
:1020E00090E0892B29F00E94C30F81110E9400000B
:1020F00080E090E0892B49F080E090E0892B29F086
:102100000E94000081110E94000080E090E0892B75
:1021100049F080E090E0892B29F00E9400008111B5
:102120000C94000008958150823108F05AC0E82FC5
:10213000F0E08827E156FF4E8F4F0C94C758BF1030
:10214000C310B110B710BB10F110C610CC10D010D6
:10215000D610DA10DE10E410E810F110EC10F210D6
:10216000F610809180008F77809380000895809191
:1021700080008F7DF9CF80918000877FF5CF84B577
:102180008F7784BD089584B58F7DFBCF8091B0009B
:102190008F778093B00008958091B0008F7DF9CF44
:1021A000809190008F7780939000089580919000A7
:1021B0008F7DF9CF80919000877FF5CF8091A0002F
:1021C0008F778093A00008958091A0008F7DF9CF34
:1021D0008091A000877FF5CF809120018F77809339
:1021E00020010895809120018F7DF9CF80912001F9
:1021F000877FF5CFCF93DF93282F30E0F901E058A8
:10220000F64E8491F901E052F64ED491F901EA5D5F
:10221000F54EC491CC23A1F081110E949310EC2FB4
:10222000F0E0EE0FFF1FEA59F64EA591B491EC9144
:10223000ED2381E090E009F480E0DF91CF910895F3
:1022400080E090E0FACF862F0C94FA101F93CF9382
:10225000DF93282F30E0F901E058F64E8491F90120
:10226000E052F64ED491F901EA5DF54EC491CC23CB
:10227000A9F0162F81110E949310EC2FF0E0EE0FC1
:10228000FF1FE45BF64EA591B4918FB7F894EC91E3
:10229000111108C0D095DE23DC938FBFDF91CF9161
:1022A0001F910895DE2BF8CF862F642F0C942611F2
:1022B000CF93DF9390E0FC01E052F64E24918A5DCB
:1022C000954EFC0184918823C9F090E0880F991FF6
:1022D000FC01EA53F64EA591B491FC01E45BF64E85
:1022E000C591D49161110DC09FB7F8948C91209540
:1022F00082238C938881282328839FBFDF91CF91ED
:102300000895623051F49FB7F8943C91822F8095E4
:1023100083238C93E8812E2BEFCF8FB7F894EC9129
:102320002E2B2C938FBFEACF862F642F0C9458113D
:102330003FB7F89480915B0690915C06A0915D0692
:10234000B0915E0626B5A89B05C02F3F19F00196F7
:10235000A11DB11D3FBFBA2FA92F982F8827BC01FF
:10236000CD01620F711D811D911D42E0660F771F27
:10237000881F991F4A95D1F708958F929F92AF9227
:10238000BF92CF92DF92EF92FF924B015C010E94CD
:1023900098116B017C010E9498116C197D098E09BE
:1023A0009F09683E734081059105A8F321E0821AD8
:1023B0009108A108B10888EEC80E83E0D81EE11C80
:1023C000F11C81149104A104B10429F7FF90EF904E
:1023D000DF90CF90BF90AF909F908F9008952FB7D0
:1023E000F894609157067091580680915906909123
:1023F0005A062FBF0895BC016E5F7F4FDC01ED913F
:10240000FC910190F081E02D40E0199591E081115F
:1024100090E0892F089508958EBD00000DB407FE49
:10242000FDCF8EB50895DF92EF92FF920F931F9329
:10243000CF93DF937C01062FD42E152F80E590E0FB
:102440000E941D0F60E0F70186850E94261182E13F
:102450000E940C12CD2DD12F0C0F1D2F111DC01756
:10246000D10721F089910E940C12F9CF61E0F701A8
:102470008685DF91CF911F910F91FF90EF90DF90B4
:102480000C9426111F93CF93DF93EC01162F80E558
:1024900090E00E941D0F60E08E850E942611812F22
:1024A00080680E940C1280E00E940C12182F61E0DC
:1024B0008E850E942611812FDF91CF911F91089563
:1024C0000F931F93CF93DF93EC01062F142F80E51A
:1024D00090E00E941D0F60E08E850E942611802FE3
:1024E0000E940C12812F0E940C1261E08E85DF91F8
:1024F000CF911F910F910C942611CF9361E08091A1
:1025000040080E94581161E0809140080E94261105
:10251000809141088F3F09F46AC060E00E94581121
:10252000809141080E94FA10892B09F060C061E097
:10253000809141080E94581160E0809141080E94FA
:10254000261183E090E00197F1F761E08091410866
:102550000E94261162E370E080E090E00E94BD11CD
:1025600040E064E282E398E00E94601240E066E2AC
:1025700082E398E00E94601246E268E482E398E019
:102580000E94601240E864E582E398E00E946012D5
:1025900049EA66E582E398E00E94601243E068E55C
:1025A00082E398E00E94601248EE6AE582E398E0D8
:1025B0000E94601240E46AE282E398E00E946012A6
:1025C0004DE362E282E398E00E94601268E282E3F7
:1025D00098E00E944212982F93709330F9F0482FA0
:1025E000436068E282E398E0CF910C9460124FE080
:1025F00062E082E398E00E946012C3E062E370E070
:1026000080E090E00E94BD1162E082E398E00E94C9
:10261000421284FFA5CFC15089F7A2CFCF91089570
:10262000CF92DF92EF92FF920F931F93CF93DF939E
:10263000EC016B01F42E890140E062E00E9460121F
:1026400044E06AE0CE010E94601240E864E1CE01FD
:102650000E946012A6016F2DCE010E94131243E06A
:1026600062E0CE010E9460120E94EF116B017C01BA
:1026700029E5C20ED11CE11CF11C6AE0CE010E94CA
:10268000421282FF1BC040E062E0CE010E94601255
:1026900064E4CE010E944212F801808362E4CE011C
:1026A0000E944212F801818380E0DF91CF911F9157
:1026B0000F91FF90EF90DF90CF9008950E94EF115F
:1026C0006C157D058E059F05C0F283E0EECF2F923D
:1026D0003F924F925F926F927F928F929F92AF92B2
:1026E000CF92DF92EF92FF920F931F93CF93DF93DE
:1026F0001F921F92CDB7DEB74C012B01D42E3901AA
:1027000080E0E114F10411F0F70180813C2C329457
:1027100090EF3922380E40E062E0C4010E9460125E
:102720004FE768E0C4010E94601240E864E1C40120
:102730000E946012A2016D2DC4010E941312432D4C
:102740006AE1C4010E9460124CE062E0C4010E9490
:1027500060126AE1C4010E944212482F40686AE197
:10276000C4010E9460120E94EF111B012C01F4E2CF
:102770002F0E311C411C511C68E0C4010E94421202
:10278000982F907309F0B7C080FF15C083E00F90B9
:102790000F90DF91CF911F910F91FF90EF90DF90FD
:1027A000CF90AF909F908F907F906F905F904F9061
:1027B0003F902F9008950E94EF11621573058405D4
:1027C0009505D0F2E3CF6114710409F469C00115D5
:1027D000110509F465C064E1C4010E944212382E5B
:1027E000F8018081831508F480C030823320E1F144
:1027F00080E590E00E941D0F60E0F40186850E9454
:1028000026113A9482E90E940C12CC20B1F08FEF8D
:1028100090E09C0102C0220F331FCA94E2F76901C5
:1028200082E90E940C129C2D9095F3012081922345
:102830008C21982B9083CC24C39423014C0C511CE5
:10284000C31440F482E90E940C12F20181932F011B
:10285000C394F6CF80E00E940C12F201808361E005
:10286000F40186850E94261168E1C4010E9442128B
:102870008770E114F10411F0F701808323FC37C065
:1028800061147104B1F10115110599F1AA2089F1C2
:10289000F8014081413031F4843029F58FEF77CF52
:1028A00080E0ECCF4230F8F081111DC042509E0113
:1028B0002F5F3F4FB301C4010E941013811167CFF6
:1028C000F8019081690E711CF30132972081998182
:1028D000291309C0F1E06F1A7108F30120819A8170
:1028E000291709F454CF87E052CF84E050CF82E01B
:1028F0004ECF80E04CCF6CE0C4010E944212282EE3
:10290000837109F460CF81E042CF0F931F93CF937F
:10291000DF938C01D62FC42F0E944212C0954C2FFA
:1029200048236D2FC801DF91CF911F910F910C9417
:1029300060128F929F92AF92CF92EF92FF920F937D
:102940001F93CF93DF9300D01F921F92CDB7DEB7B6
:102950004C0182E08D8340E064E2C4010E94601279
:1029600040E066E2C4010E94601246E268E4C401ED
:102970000E94601286E28B838D818230B0F140E844
:102980006CE1C4010E94851487E08C83A12CC12CCA
:10299000CE0104967C018E010B5F1F4F9E012F5FBD
:1029A0003F4F41E0BE016D5F7F4FC4010E9467133E
:1029B000982F811117C08D818230B9F48C818111DB
:1029C00014C081E00F900F900F900F900F90DF9147
:1029D000CF911F910F91FF90EF90CF90AF909F906C
:1029E0008F90089581E0923069F380E0EBCF2F92D1
:1029F0003F924F925F926F927F928F929F92AF928F
:102A0000BF92CF92DF92EF92FF920F931F93CF93DB
:102A1000DF93CDB7DEB72D970FB6F894DEBF0FBEAC
:102A2000CDBF16E0413508F045C1342E4B013C01C5
:102A300040E86CE10E94851483E98983332029F002
:102A400081E0F4019081953008F480E02224239401
:102A5000B12C9B2D990F990F990FD32CD91AD7FC14
:102A6000D12C32E0882319F098E89B8333E021E0F1
:102A70009D2D977009F420E09D2D95959595959540
:102A8000290FC9F094E0811193E0291708F4922FDF
:102A9000EB2DF0E03196E80DF91D232F4191A1E0D7
:102AA000B0E0AC0FBD1FA20FB11D4C932F5F422FA2
:102AB000431B491798F3882311F0F8E0DF0E8FE1EC
:102AC0008D150CF082C090E79A838B819C818927B9
:102AD0009D8189279E8189278F839E01285F3F4F93
:102AE00047E0BE016F5F7F4FC3010E941013182F94
:102AF0008111E0C01A86E3E0EB87DC86CE01079601
:102B00002C0199E09D87CA844C2D4295407F4C0D45
:102B10006AE1C3010E946012A12CCE010A967C01D9
:102B20008E01055F1F4F92014D85BE016F5F7F4F84
:102B3000C3010E946713182F823009F065C06CE151
:102B4000C3010E94421285FDB5C08F7109F480E275
:102B5000282F30E04D2DDD0C550B421753070CF09C
:102B60009DC0D82EE82FE595E595E595EF5F982F68
:102B7000977081E009F480E0E80F81E090E08C0F2D
:102B80009D1F8E0F911DFC012150310927703327A5
:102B900081E090E002C0880F991F2A95E2F79C011E
:102BA0008081822B80838BCF85E98983332031F02C
:102BB00081E0F4019081983008F04BCF80E049CF5C
:102BC00087E9898326E0B22EF9CF9D2D97709A87E9
:102BD0008D2D8595859585958E5F282F2295207F53
:102BE000290F2A8321E0911101C020E0280F2D87B1
:102BF00044244394512C4C0E5D1E480E511CE9E0B8
:102C0000E81BEB87DC867FCF811154C080E2D82E91
:102C10009C8590320CF457CF8B81883809F040C0E6
:102C200083E093E0EB2DF0E03196E80DF91D980F6D
:102C3000A1E0B0E0AC0FBD1FA80FB11D2C912193F6
:102C40008F5F8913F5CFBB84E3E0BE124DC08A8548
:102C500081114AC09E012D5F3F4F41E0B201C30187
:102C60000E941013182F811125C09B81F2018181D0
:102C700098133CC09C818281981338C0808182FF68
:102C800012C02394F2E02F1609F48ECF83E02816A9
:102C900009F496CF91E0291609F4CECE15E00AC0CA
:102CA00082E094E0BFCFF4018387822D880F820DEC
:102CB0008F5F8083812F2D960FB6F894DEBF0FBEF5
:102CC000CDBFDF91CF911F910F91FF90EF90DF90DB
:102CD000CF90BF90AF909F908F907F906F905F90BC
:102CE0004F903F902F90089511E0E4CF17E0E2CF8E
:102CF0002091E505260F3327331F21323105ECF4EF
:102D000020912E06FC0190E080E0243069F082E002
:102D10000895A091E5052191AC014B535A4FA40FA2
:102D2000B52FB11D2C930196861798F38091E50578
:102D3000680F6093E50580E0089581E008951092A2
:102D40002E0681E080932D061092080661E084E152
:102D50000E94261161E085E10E942611E9EBF0E076
:102D600080818E7F808380818D7F808388E48093C3
:102D7000B80085E48093BC000895CF93DF9391E081
:102D80009093C4058823B9F0C091B800D091BA00DF
:102D90008091BC008A7B8093BC0060E084E10E944B
:102DA000261160E085E10E9426110E949F16D093B3
:102DB000BA00C093B800DF91CF9108950895E091D3
:102DC000670680916606E81730F4F0E0EC55FA4F9C
:102DD000808190E008958FEF9FEF089590916706AE
:102DE000809166062FEF3FEF981748F4E92FF0E047
:102DF000EC55FA4F208130E09F5F90936706C90140
:102E000008958091660690916706891B990B089535
:102E1000CF92DF92EF92FF920F931F93CF93DF93A6
:102E20007C01CB018A0120913406222389F0EB0139
:102E30006B01C40ED51ECC15DD0569F06991D70173
:102E4000ED91FC910190F081E02DC7011995F3CF30
:102E5000642F0E947816C801DF91CF911F910F91C6
:102E6000FF90EF90DF90CF900895CF93DF931F9264
:102E7000CDB7DEB76983209134062223F9F0209183
:102E80006406203258F021E030E0FC0133832283D5
:102E900090E080E00F90DF91CF91089580916506DA
:102EA000E82FF0E0EB5CF94F998190838F5F80937E
:102EB00065068093640681E090E0ECCF61E0CE018E
:102EC00001960E947816F7CFCF92DF92EF92FF9291
:102ED0000F931F93CF93DF93FC01C48121E02093D4
:102EE0003406C093550610926506109264068385D9
:102EF000682B88E098E00E943517D0916406D132A3
:102F000008F092C00E9498116B017C0180912E06FE
:102F1000811165C082E080932E0681E080932D06AA
:102F20008FEF80932C0610922B06D0932A06A5E3F0
:102F3000B6E0EAE0F6E080E0D81385C0109209061A
:102F400080910906CC0FC82BC09309068091080612
:102F5000813009F07CC0109208060E9498116B0124
:102F60007C01809109068093BB008091300690918E
:102F70003106A0913206B0913306892B8A2B8B2B18
:102F800099F00E949811009130061091310620911D
:102F90003206309133066C197D098E099F09061798
:102FA000170728073907E0F18091BC0083FDD9CFCE
:102FB00085EC8093BC000E9498116B017C0180918C
:102FC0002E06823009F445C080912C068F3F61F1B6
:102FD00080912C06803241F180912C0625C0809191
:102FE000300690913106A0913206B0913306892BBC
:102FF0008A2B8B2B09F48ACF0E94981100913006FE
:103000001091310620913206309133066C197D09FA
:103010008E099F09061717072807390708F076CF8A
:1030200080912F060E94BD161092650610926406CC
:1030300010923406DF91CF911F910F91FF90EF9086
:10304000DF90CF9008959D9191938F5F75CF85EE1E
:10305000B0CF8091300690913106A0913206B091A8
:103060003306892B8A2B8B2B09F4A9CF0E94981148
:1030700000913006109131062091320630913306CE
:103080006C197D098E099F0906171707280739074C
:1030900008F095CFC5CF88E08093BC0860E081EB55
:1030A00098E00C94641790E080E008950F931F93CC
:1030B000CF938C01C62F0E9464176C2F6460C801E7
:1030C0000E9464176C2F6B7FC8010E94641783EC09
:1030D00090E00197F1F7CF911F910F9108950F9311
:1030E0001F93CF93DF938C01D62FC42F607F642B67
:1030F0000E94561880E1D89FB00111246C2BC801A2
:10310000DF91CF911F910F910C945618CF93DF93BD
:1031100000D000D01F921F92CDB7DEB798E0EAE74B
:10312000F2E0DE01119601900D929A95E1F79091EF
:10313000B908961710F46FEF690F262F30E0220FB1
:10314000331F41E050E04C0F5D1F240F351FF90184
:103150006081680F606840E081EB98E028960FB6C8
:10316000F894DEBF0FBECDBFDF91CF910C946F18E6
:1031700040E061E081EB98E00E946F188BE39FE1F3
:103180000197F1F7089541E00E946F1881E090E007
:103190000895FB0144815581FC0124813581241768
:1031A000350778F080819181009759F0FB016081AB
:1031B00071816115710529F00E941D5B21E0892B49
:1031C00009F020E0822F0895CF93DF93EC018881EE
:1031D0009981009711F00E947F59198218821D82EF
:1031E0001C821B821A82DF91CF910895FC0180819D
:1031F0009181009711F00C947F590895CF92DF923E
:10320000EF92FF920F931F93CF93DF93EB017B011C
:1032100023E2E20EF11C8B016C01C61AD70AC6012B
:10322000800F911F0E944957F80181938F01EE157D
:10323000FF05A9F7CE01DF91CF911F910F91FF906C
:10324000EF90DF90CF900895CF92DF92EF92FF92B0
:103250000F931F93CF93DF93CDB7DEB7A3970FB62E
:10326000F894DEBF0FBECDBF6C0184E4E82EF12CD4
:1032700010E000E0BE016F5F7F4FC7010E94FE18A3
:103280004EE050E0B601CE0101960E941D5B892BF5
:1032900019F4898181110AC00F5F1F4F83E2E80E84
:1032A000F11C0233110531F70FEF1FEFC801A39690
:1032B0000FB6F894DEBF0FBECDBFDF91CF911F9147
:1032C0000F91FF90EF90DF90CF900895EF92FF92D3
:1032D0000F931F93CF93DF93CDB7DEB7A3970FB6AE
:1032E000F894DEBF0FBECDBF84E4E82EF12C10E0D1
:1032F00000E0BE016F5F7F4FC7010E94FE18898109
:10330000882351F00F5F1F4F83E2E80EF11C023358
:10331000110579F70FEF1FEFC801A3960FB6F894C8
:10332000DEBF0FBECDBFDF91CF911F910F91FF90F8
:10333000EF900895CF92DF92EF92FF920F931F9339
:10334000CF93DF93EB017B0120E1E20EF11C8B01B7
:103350006C01C61AD70AC601800F911F0E944957F7
:10336000F80181938F01EE15FF05A9F7CE01DF91DA
:10337000CF911F910F91FF90EF90DF90CF90089524
:10338000CF92DF92EF92FF920F931F93CF93DF9331
:10339000EB017B0124E0E20EF11C8B016C01C61AEB
:1033A000D70AC601800F911F0E944957F8018193E7
:1033B0008F01EE15FF05A9F7CE01DF91CF911F9187
:1033C0000F91FF90EF90DF90CF900895FB01019057
:1033D0000020E9F73197AF01461B570BDC01ED9157
:1033E000FC910280F381E02D19948F929F92AF920D
:1033F000BF92EF92FF920F931F93CF93DF93CDB7BE
:10340000DEB7A1970FB6F894DEBF0FBECDBF7C012B
:10341000FA01CB0119A2223008F42AE08E010F5DD7
:103420001F4F822E912CB12CA12CBF01A50194011C
:103430000E94A558F901CA016A300CF5605DD801F7
:103440006E938D01232B242B252B79F790E080E0C0
:10345000109721F0BD01C7010E94E619A1960FB691
:10346000F894DEBF0FBECDBFDF91CF911F910F91BA
:10347000FF90EF90BF90AF909F908F900895695C00
:10348000DECFCF92DF92EF92FF92CF93DF93AB012B
:10349000BC0177FF1DC06A017C016DE28BE697E0FD
:1034A0000E942E0FEC0144275527BA014C195D09E3
:1034B0006E097F092AE08BE697E00E94F5198C0FD0
:1034C0009D1FDF91CF91FF90EF90DF90CF900895F7
:1034D0002AE08BE697E0DF91CF91FF90EF90DF90AD
:1034E000CF900C94F5196091BC067091BD06809147
:1034F000BE069091BF0620E030E048E452E40E940E
:103500007A576093BC067093BD068093BE06909375
:10351000BF066091BC067091BD068091BE06909179
:10352000BF060E9458586093C0067093C1068093EE
:10353000C2069093C3060E94EF116093C506709374
:10354000C6068093C7069093C80661ED72E08BE6CD
:1035500097E00E94350F4091C0065091C1066091DE
:10356000C2067091C3062AE08BE697E00E94F51927
:1035700066EC72E08BE697E00C94E6192F923F928E
:103580004F925F926F927F928F929F92AF92BF9273
:10359000CF92DF92EF92FF921F93CF93DF93EC01D4
:1035A0006A017B01722EAB019601CB01B6010E942C
:1035B0008C5869EC72E0811126C046015701E894ED
:1035C000B7F82FEF3FEF4FE75FE7C501B4010E9467
:1035D0008C5881110CC02FEF3FEF4FE75FE7C5011B
:1035E000B4010E9422566DEC72E0181664F02FEFC1
:1035F0003FEF4FE75FE4C701B6010E9487581816F6
:10360000B4F461ED72E0CE01DF91CF911F91FF9094
:10361000EF90DF90CF90BF90AF909F908F907F9072
:103620006F905F904F903F902F900C94E6192FEF82
:103630003FEF4FE75FECC701B6010E94225687FDBE
:10364000E0CF20E030E0A901C701B6010E94225678
:10365000312C212C87FF09C06DE2CE010E942E0F74
:103660001C01F7FAF094F7F8F09410E060E070E0D5
:1036700080E09FE3711641F020E030E040E251E449
:103680000E94E6571F5FF6CFA70196010E947A5766
:103690002B013C010E9458584B015C012AE0BC01FF
:1036A000A401CE010E94F5197C01E20CF31C112348
:1036B000C1F1C501B4010E9427569B01AC01C301B1
:1036C000B2010E9479574B015C016EE2CE010E946B
:1036D0002E0FE80EF91E115020F120E030E040E2FC
:1036E00051E4C501B4010E9488562B013C010E949F
:1036F00058584B01B12CA12C2AE0B501A401CE01F0
:103700000E94F519E80EF91EC501B4010E94275662
:103710009B01AC01C301B2010E9479574B015C01CE
:10372000DACFC701DF91CF911F91FF90EF90DF902B
:10373000CF90BF90AF909F908F907F906F905F9051
:103740004F903F902F9008950C94BE1A0F931F93A3
:10375000CF93DF93EC010E94BE1A8C0166EC72E0FD
:10376000CE010E94E619800F911FDF91CF911F912A
:103770000F9108950F931F93CF93DF93EC010E9455
:10378000E6198C0166EC72E0CE010E94E619800F0A
:10379000911FDF91CF911F910F9108950F931F9368
:1037A000CF93DF93EC01FB014481558160817181EE
:1037B0000E94590F8C0166EC72E0CE010E94E6195E
:1037C000800F911FDF91CF911F910F9108950F935B
:1037D0001F93CF93DF93EC010E94350F8C0166ECB1
:1037E00072E0CE010E94E619800F911FDF91CF9108
:1037F0001F910F9108956BE575E08EEC96E00E94A5
:10380000350F60E175E08EEC96E00E94E71B6EE0FC
:1038100075E08EEC96E00C94350F6CE075E08EEC64
:1038200096E00E94350F6EEF74E08EEC96E00E94F9
:10383000E71B6FEE74E08EEC96E00E94350F40912E
:1038400048025091490260914A0270914B0222E075
:1038500030E08EEC96E00E94A61B6AED74E08EECE0
:1038600096E00E94350F40914202509143026091D0
:1038700044027091450222E030E08EEC96E00E9416
:10388000A61B62ED74E08EEC96E00E94350F60E2BC
:1038900072E08EEC96E00E94BA1B60ED74E08EEC54
:1038A00096E00E94350F66EB74E08EEC96E00E9485
:1038B000350F409138025091390260913A0270916F
:1038C0003B0222E030E08EEC96E00E94A61B64EB07
:1038D00074E08EEC96E00E94350F62ED73E08EECA2
:1038E00096E00E94E71B60ED73E08EEC96E00C948E
:1038F000350F0C94E619FC0180819181009711F03D
:103900000C94195260E070E0CB010895AF92BF9221
:10391000CF92DF92EF92FF920F931F93CF93DF939B
:10392000DC01CD90DC901197C114D10439F01496CC
:10393000CD91DC918C017601209761F4DF91CF91DC
:103940001F910F91FF90EF90DF90CF90BF90AF90BD
:10395000089575015701BFEFAB1ABB0AF7018081CB
:10396000082E000C990B0E94F155892B91F7219795
:10397000CC0DDD1D8881082E000C990B0E94F1559D
:10398000892B29F0CE15DF0510F02197F3CFAE017A
:103990004F5F5F4F4E195F09D80115965C934E93A8
:1039A0001497CE14DF0420F4B701C6010E94F95A1F
:1039B000D801ED91FC91119714968D919C91E80F8F
:1039C000F91F1082BBCFCF93DF93FC01C081D1815F
:1039D000209761F08991882349F0082E000C990BFB
:1039E0000E94F15AFE0131978083F4CFDF91CF918D
:1039F0000895FC0124813581232B39F421E0FB015A
:103A00008081882349F020E007C0808191810E9455
:103A10000D5B21E0892BB9F7822F08950F931F9337
:103A2000CF93DF93EC0188819981009759F02A8127
:103A30003B812617370730F081E0DF91CF911F914E
:103A40000F9108958B016F5F7F4F0E94085A009776
:103A500059F0998388831B830A832C813D81232B12
:103A600059F7FC011082E8CF80E0E7CFEF92FF9298
:103A70000F931F93CF93DF936115710541F480E09D
:103A8000DF91CF911F910F91FF90EF900895411515
:103A90005105B1F07B01EC010C811D81040F151F54
:103AA000B8010E940E1D882351F3288139818C8131
:103AB0009D81B701820F931F0E94165B1D830C83AB
:103AC00081E0DECFCF93DF93EC01FB01019000207A
:103AD000E9F73197AF01461B570B0E94361D811144
:103AE00003C0CE010E94E418CE01DF91CF9108956A
:103AF000CF93DF93EC01FB0144815581608171819B
:103B00000E94361D811103C0CE010E94E418CE012F
:103B1000DF91CF910895CF93DF931F921F92CDB77E
:103B2000DEB769831A8241E050E0BE016F5F7F4FCC
:103B30000E94361D0F900F90DF91CF910895EF9264
:103B4000FF920F931F93CF93DF93EC017B018A01C8
:103B5000BA010E940E1D81110BC0CE010E94E41813
:103B6000CE01DF91CF911F910F91FF90EF900895BB
:103B70001D830C83B701888199810E94165BF0CF69
:103B8000FB0101900020E9F73197AF01461B570B6D
:103B90000C949F1D0F931F93CF93DF93CDB7DEB788
:103BA00062970FB6F894DEBF0FBECDBF8C01CB017C
:103BB000F8011182108213821282158214824AE067
:103BC000BE016F5F7F4F0E941D52BE016F5F7F4F2E
:103BD000C8010E94C01D62960FB6F894DEBF0FBEEA
:103BE000CDBFDF91CF911F910F910895EF92FF927A
:103BF0000F931F93CF93DF93CDB7DEB7A1970FB687
:103C0000F894DEBF0FBECDBF7C01CB01BA01F70136
:103C10001182108213821282158214828E010F5F2C
:103C20001F4F22E044E00E94FB51009789F0BC0145
:103C3000C7010E94C01DA1960FB6F894DEBF0FBE4B
:103C4000CDBFDF91CF911F910F91FF90EF9008951D
:103C5000C7010E94E418EFCFFB01DC0111961C9212
:103C60001E9213961C921E92129715961C921E92EB
:103C700014978617970749F0608171816115710566
:103C800021F0448155810C949F1D0895FC011182FF
:103C900010821382128215821482FB01019000208F
:103CA000E9F73197AF01461B570B0C949F1DAF925C
:103CB000BF92CF92DF92EF92FF920F931F93CF9319
:103CC000DF936C015B017A0189012417350720F429
:103CD0008F2D7901042F182F68EC72E0C6010E9425
:103CE000461ED5011496CD91DC91EC16FD06E0F44C
:103CF0000C171D0708F4E801D501ED91FC9111970F
:103D0000EC0FFD1F108110826D917C916E0D7F1D57
:103D1000C60161157105A1F00E94C01DF5018081E9
:103D20009181C80FD91F1883C601DF91CF911F91D0
:103D30000F91FF90EF90DF90CF90BF90AF900895DC
:103D40000E94E418EBCFEF92FF920F931F93CF9353
:103D5000DF93EC018A01FB018481958130E020E052
:103D6000B0E0A0E050E040E08217930758F18217DE
:103D7000930771F4A017B10701F5CE010E94571EF9
:103D8000CE01DF91CF911F910F91FF90EF90089599
:103D90002817390740F4FB01E080F180F701E20FBA
:103DA000F31FEF2821F41092CD06EDECF6E0E08150
:103DB000EA3301F32F5F3F4FD7CFA9014F5F5F4F2A
:103DC0001196F8CF68EC72E0CE010E94461ED8CF63
:103DD000CF93DF93EC01FB01248135810E94571EB4
:103DE000CE01DF91CF91089585ED8093BC00809145
:103DF000300690913106A0913206B09133060796B5
:103E0000A11DB11D23E0B695A795979587952A9595
:103E1000D1F72091BC0024FD03C010922E06089516
:103E20004091300650913106609132067091330610
:103E3000452B462B472B69F30097A105B10541F0AF
:103E40002AE22A95F1F700C00197A109B109E1CF53
:103E500080912F060C94BD160F931F93CF93DF9381
:103E600000E212E0C8E0D0E0F80161918F01CE01DC
:103E70000E9451572196CC31D105B1F76FE373E021
:103E80008BE697E00E94350F60E272E08BE697E0E8
:103E9000DF91CF911F910F910C94BA1BFF920F935A
:103EA0001F93CF93DF93EC01F62E08811981C8018F
:103EB0000E944957F81621F06F2DC8010E945157F2
:103EC000CE01DF91CF911F910F91FF900895AF9296
:103ED000BF92CF92DF92EF92FF920F931F93CF93F7
:103EE000DF931F921F92CDB7DEB78B016B0123E2E8
:103EF000C20ED11C7B015C01A61AB70AC5018E0D4A
:103F00009F1D9A838983F70161917F01CE010196FC
:103F10000E944E1FEC14FD0489F7C8010F900F900A
:103F2000DF91CF911F910F91FF90EF90DF90CF9095
:103F3000BF90AF900895AF92CF92DF92EF92FF9231
:103F40000F931F93CF93DF93CDB7DEB7C456D1093C
:103F50000FB6F894DEBF0FBECDBF8091BB068111B6
:103F600004C08091BA06882349F08091A30581118D
:103F700005C08091A205882309F4D4C10E94EF11E5
:103F800000919E0510919F052091A0053091A105FB
:103F9000601B710B820B930B683C710581059105C9
:103FA00008F4C0C10E947D126AE070E080E090E0F9
:103FB0000E94BD1182E398E00E949914882309F4BD
:103FC000A7C182E398E00E94FB11882309F4A0C1F5
:103FD00068EC72E0CE01815A9F4F0E94461E10E0AD
:103FE00080913408181740F5E12FF0E0EE5CF74FB0
:103FF00083811DA21CA21FA21EA219A618A640E121
:10400000BE016F5F7F4F90E00E942852BE016F5F3C
:104010007F4FCE0184960E94C01D48A559A56CA172
:104020007DA1CE01815A9F4F0E94361DCE018496FC
:104030000E94F6181F5FD4CFCE01815A9F4F0E9475
:10404000E31C0E94EF116093C5067093C60680932F
:10405000C7069093C8068091A305882309F471C20E
:104060008091A205882309F46CC2BE01615A7F4F7A
:10407000CE01875A9F4F0E942C1E6F968EAD9FAD2A
:104080006F971DA21CA21FA21EA219A618A64AE085
:10409000BE016F5F7F4F0E942852BE016F5F7F4F4E
:1040A000CE0184960E94C01D66EF72E0CE0101969B
:1040B0000E94461EBE01675A7F4FCE0101960E94A4
:1040C000781D6CE073E00E94621DBE016C5D7F4F45
:1040D0000E94781DBC018BE697E00E94CE1BCE01AA
:1040E00001960E94F618CE0184960E94F61866E1A9
:1040F00073E0CE0101960E94461EBE01675A7F4FB3
:10410000CE0101960E94781DBC018EEC96E00E94C3
:10411000CE1BCE0101960E94F6180E94B81860E0EE
:1041200080E00E94861869E078E181EB98E00E94C7
:10413000350F6F968EAD9FAD6F97892B71F569EF37
:1041400077E18EEC96E00E94E71B60E080E00E9441
:1041500086186FEE77E181EB98E00E94350F60EDF5
:1041600077E080E090E00E94BD111092A30581E00D
:1041700080939D056EEC77E18EEC96E00E94E71B44
:104180000E94B81860E080E00E9486186FEB77E12B
:1041900081EB98E00E94350F84C06B966EAD7FADC9
:1041A0006B974EE050E0CE0184960E942B5B1AAADA
:1041B000CE0184960E942419019651F165EA77E1B7
:1041C0008EEC96E00E94E71B60E080E00E9486187B
:1041D00069E977E181EB98E00E94350F60ED77E0C7
:1041E00080E090E00E94BD111092A30581E08093D1
:1041F0009D0568E777E18EEC96E00E94E71B0E9440
:10420000B81860E080E00E94861869E677E1C0CFC8
:104210000E9466198C010F3F100709F097C062E3F6
:1042200070E0CE0101960E94CA1D61E373E0CE01E9
:10423000895B9F4F0E94461EBE016F5F7F4FCE017C
:10424000895B9F4F0E94781D6AE473E00E94621DA3
:10425000BC018EEC96E00E94CE1BCE01895B9F4F85
:104260000E94F618CE0101960E94F6181092A2053F
:104270001092A30510929D0568EC72E080E298E030
:104280000E94C01D1092990510929A0510929B05EC
:1042900010929C058091BB06882309F454C00E94AB
:1042A0000D1CCE01875A9F4F0E94F61880E5289674
:1042B0008FAF289729961FAE299727E430E02C0F5F
:1042C0003D1F2E5F3F4F42E0BE01695B7F4F82E39F
:1042D00098E00E941013811110C0A12CC12CF12C68
:1042E000E12C10E000E030E020E044E0BE01695B3A
:1042F0007F4F82E398E00E94671348E060E182E329
:1043000098E00E948514CE01815A9F4F0E94F618B2
:104310000E94EF1160939E0570939F058093A00506
:104320009093A105CC59DF4F0FB6F894DEBF0FBEB6
:10433000CDBFDF91CF911F910F91FF90EF90DF9054
:10434000CF90AF9008950E94FB1BABCF60912008E7
:10435000709121084FE050E0CE01C3960E942B5B84
:1043600023961FAE23978091990590919A05A0916D
:104370009B05B0919C0527968CAF9DAFAEAFBFAFAC
:10438000279783E2FE01B496DE01119601900D920B
:104390008A95E1F723E2209FC001219F900D11240F
:1043A000BE016F5F7F4F8C5B9F4F0E94671F2796F8
:1043B000CCACDDACEEACFFAC27976DE177E18BE6E2
:1043C00097E00E94350FBE016C5D7F4F8BE697E052
:1043D0000E94791C6AE38BE697E00E942E0FBE01D3
:1043E0006D5C7F4F8BE697E00E94791C6AE38BE659
:1043F00097E00E942E0F22E030E0B701A6018BE685
:1044000097E00E94A61B61E088E00E94261168ECFC
:1044100070E080E090E00E94BD1160E088E00E94C2
:10442000261127964CAD5DAD6EAD7FAD2797CE01C1
:10443000895B9F4F0E94F61DBE016D5C7F4FCE01D0
:10444000835B9F4F0E94461E62E573E0CE018D5A4A
:104450009F4F0E94461EBE01635B7F4FCE018D5A67
:104460009F4F0E94781D6CE673E00E94621DBE01A2
:10447000695B7F4F0E94781DBC018EEC96E00E9424
:10448000CE1BCE018D5A9F4F0E94F618CE01835B42
:104490009F4F0E94F618CE01895B9F4F0E94F6182D
:1044A0000E94B81860E080E00E9486186CE577E111
:1044B00081EB98E00E94350FBE016D5C7F4F81EB70
:1044C00098E00E94791C61E080E00E94861866E511
:1044D00077E181EB98E00E94350F27964CAD5DADFA
:1044E0006EAD7FAD279722E030E081EB98E00E942F
:1044F000A41B60ED77E080E090E00E94BD11109277
:10450000A30581E080939D0568EC72E080E298E06D
:104510000E94C01D1092990510929A0510929B0559
:1045200010929C0565E377E18EEC96E00E94E71B14
:104530000E94B81860E080E00E94861866E277E189
:1045400027CEA1966EAD7FADA1974EE050E089E7F2
:1045500096E00E942B5B1092870689E796E00E9406
:10456000241990934702809346028F3F980709F4DD
:104570007EC013E2189F9001199F300D1124BE01D7
:104580006C5D7F4FC9018C5B9F4F0E94FE18FE013E
:10459000B496A9E7B6E001900D921A95E1F761E0B3
:1045A00088E00E9426116AEF70E080E090E00E94AF
:1045B000BD1160E088E00E9426110E94B81860E0FA
:1045C00080E00E94861868E678E181EB98E00E941E
:1045D000350F68E876E081EB98E00E94791C61E095
:1045E00080E00E9486186CE578E181EB98E00E94FB
:1045F000350F409198065091990660919A067091F6
:104600009B0622E030E081EB98E00E94A41B63E06F
:1046100080E00E94861867E478E181EB98E00E94D0
:10462000350F81E08093B8068093A1061092A00612
:1046300068EC72E08AE198E00E94C01D0E94EF11D0
:104640006093A2067093A3068093A4069093A50698
:1046500061E088E00E9426116AEF70E080E090E05F
:104660000E94BD1160E088E00E9426111FCE0E94CA
:10467000B81860E080E00E94861866E378E181EB7C
:1046800098E00E94350F61E080E00E94861863E2A6
:1046900078E181EB98E00E94350F62E080E00E94B3
:1046A000861865E178E181EB98E00E94350F63E0C0
:1046B00080E00E94861860E272E081EB98E00E9440
:1046C000791C61E088E00E94261164EF71E080E0CF
:1046D00090E00E94BD1160E088E00E94261160ED2C
:1046E00077E080E090E00E94BD110E94B818DECD16
:1046F000AF92BF92CF92DF92EF92FF920F931F93F0
:10470000CF93DF931F921F92CDB7DEB78B016B0162
:1047100020E1C20ED11C7B015C01A61AB70AC501BB
:104720008E0D9F1D9A838983F70161917F01CE01D0
:1047300001960E944E1FEC14FD0489F7C8010F90EA
:104740000F90DF91CF911F910F91FF90EF90DF902D
:10475000CF90BF90AF900895CF93DF93CDB7DEB7E2
:1047600060970FB6F894DEBF0FBECDBF60E072E079
:1047700080E390E00E947823BE016F5F7F4F80E36B
:1047800090E00E949A1960E072E0CE0101960E94CA
:104790000D5B892B61F067E773E08BE697E00E9481
:1047A000BA1B60E072E080E390E00E94782360969C
:1047B0000FB6F894DEBF0FBECDBFDF91CF91089545
:1047C000CF93DF93CDB7DEB760970FB6F894DEBF17
:1047D0000FBECDBF60E172E08CE190E00E947823D3
:1047E000BE016F5F7F4F8CE190E00E949A1960E1FB
:1047F00072E0CE0101960E940D5B892B61F069EA9F
:1048000073E08BE697E00E94BA1B60E172E08CE1F6
:1048100090E00E94782360960FB6F894DEBF0FBE3A
:10482000CDBFDF91CF910895AF92BF92CF92DF922B
:10483000EF92FF920F931F93CF93DF931F921F92DC
:10484000CDB7DEB78B016B0124E0C20ED11C7B011A
:104850005C01A61AB70AC5018E0D9F1D9A83898334
:10486000F70161917F01CE0101960E944E1FEC1469
:10487000FD0489F7C8010F900F90DF91CF911F9130
:104880000F91FF90EF90DF90CF90BF90AF90089581
:10489000CF93DF9300D01F92CDB7DEB768E472E00C
:1048A0008CE290E00E941424BE016F5F7F4F8CE287
:1048B00090E00E94C0192091480230914902409135
:1048C0004A0250914B0269817A818B819C810E94BE
:1048D00079579F772AE037ED43E25CE30E948758DF
:1048E000181664F46FE873E08BE697E00E94E71B0C
:1048F00068E472E08CE290E00E9414240F900F9024
:104900000F900F90DF91CF910895CF93DF9300D058
:104910001F92CDB7DEB762E472E084E090E00E94BF
:104920001424BE016F5F7F4F84E090E00E94C019A5
:10493000209142023091430240914402509145023D
:1049400069817A818B819C810E9479579F772AE0C7
:1049500037ED43E25CE30E948758181664F464E57F
:1049600073E08BE697E00E94E71B62E472E084E06C
:1049700090E00E9414240F900F900F900F90DF9101
:10498000CF910895CF93DF9300D01F92CDB7DEB7BC
:104990006FE676E090E080E00E941424BE016F5F35
:1049A0007F4F90E080E00E94C01920916F06309107
:1049B0007006409171065091720669817A818B81EF
:1049C0009C810E9479579F772AE037ED43E25CE3B0
:1049D0000E948758181664F46FE073E08BE697E046
:1049E0000E94E71B6FE676E090E080E00E941424CE
:1049F0000F900F900F900F90DF91CF9108950E942C
:104A0000C2240E9485240E9448240E942C1F0E94D8
:104A1000E0230C94AC231F93CF93DF931091BB063C
:104A2000111105C02091BA06222309F46BC1EC01D3
:104A30006DED73E00E94F91C811107C063EE73E015
:104A4000CE010E94F91C882379F1112309F45AC17F
:104A500081E08093980561E088E00E94261168EC6F
:104A600070E080E090E00E94BD1160E088E00E946C
:104A7000261162E278E08EEC96E00E94350F66EF38
:104A800077E08EEC96E00E94E71B6EED77E08EEC0F
:104A900096E00E94E71B6CED77E08EEC96E0DF91EC
:104AA000CF911F910C94350F69EE73E0CE010E94F7
:104AB000F91C811139C063EF73E0CE010E94F91C2B
:104AC000811132C06DEF73E0CE010E94F91C81119B
:104AD00054C065E074E0CE010E94F91C882309F4FB
:104AE0006FC0112309F40EC181E08093950561E048
:104AF00088E00E94261168EC70E080E090E00E945F
:104B0000BD1160E088E00E94261169E477E08EEC38
:104B100096E00E94350F6DEF76E08EEC96E00E94F5
:104B2000E71B6BEF76E0B9CF112309F4EBC081E00E
:104B30008093970561E088E00E94261168EC70E0A0
:104B400080E090E00E94BD1160E088E00E942611A4
:104B50006AED77E08EEC96E00E94350F6BEA77E025
:104B60008EEC96E00E94E71B63E977E08EEC96E01E
:104B70000E94E71B61E977E090CF112309F4C2C0DE
:104B800081E08093960561E088E00E94261168EC40
:104B900070E080E090E00E94BD1160E088E00E943B
:104BA00026116FE877E08EEC96E00E94350F6DE4F9
:104BB00077E08EEC96E00E94E71B6BE477E06DCF28
:104BC0006EE074E0CE010E94F91C8823E9F1112304
:104BD00009F498C081E08093940561E088E00E9428
:104BE000261168EC70E080E090E00E94BD1160E06A
:104BF00088E00E94261169EF76E08EEC96E00E9434
:104C0000350F67EE76E08EEC96E00E94350F40910E
:104C10006F0650917006609171067091720622E0E5
:104C200030E08EEC96E00E94A61B65EE76E08EECFE
:104C300096E00E94350F60ED76E08EEC96E00E94E3
:104C4000E71B6EEC76E029CF66E174E0CE010E94AE
:104C5000F91C882309F45AC0112309F453C0109297
:104C60006F061092700610927106109272060E94E2
:104C7000C22461E088E00E94261168EC70E080E0C8
:104C800090E00E94BD1160E088E00E9426116CEC6B
:104C900076E08EEC96E00E94350F6FEB76E08EECBE
:104CA00096E00E94E71B6DEB76E08EEC96E00E94AA
:104CB000350F67EA76E08EEC96E00E94350F409162
:104CC0006F0650917006609171067091720622E035
:104CD00030E08EEC96E00E94A61B65EA76E08EEC52
:104CE00096E00E94350F60E976E08EEC96E00E9437
:104CF000E71B6EE876E08EEC96E00E94350F81E0CF
:104D000080939305DF91CF911F9108956CE174E03A
:104D1000CE010E94F91C811123C065E274E0CE012E
:104D20000E94F91C81111CC06EE274E0CE010E9449
:104D3000F91C81113DC067E574E0CE010E94F91CA9
:104D4000882309F44FC06EE276E08EEC96E00E9474
:104D5000350F6BE076E08EEC96E00E94E71B34C0E6
:104D6000112381F281E08093920561E088E00E9446
:104D7000261168EC70E080E090E00E94BD1160E0D8
:104D800088E00E9426116CE876E08EEC96E00E94A6
:104D9000350F6CE476E08EEC96E00E94E71B64E34E
:104DA00076E08EEC96E00E94E71B62E376E075CE3B
:104DB00060E376E08EEC96E00E94350F66E374E0E7
:104DC0008EEC96E00E94BA1B8091BB06882329F0E6
:104DD000DF91CF911F910C940D1CDF91CF911F910A
:104DE0000C94FB1B62E674E0CE010E94F91C882340
:104DF000C1F069E076E08EEC96E00E94350F6FEE30
:104E000075E08EEC96E00E94E71B8091BB0688233C
:104E100029F00E940D1C6DEE75E03FCE0E94FB1B39
:104E2000FACF6DE674E0CE010E94F91C882371F080
:104E3000112309F467CF6BEC75E08EEC96E00E94CD
:104E4000E71B0E940D1C69EC75E027CE6CE774E04F
:104E5000CE010E94F91C882341F0112309F452CF9E
:104E60000E94294067EC75E018CE65E874E0CE0139
:104E70000E94F91C811108C06AE874E0CE010E940A
:104E8000F91C882309F43ECF0E94FF2461E088E0EA
:104E90000E94261168EC70E080E090E00E94BD1155
:104EA00060E088E00E9426111092BB061092BA06BC
:104EB0001092B906109298051092970510929605D7
:104EC00010929505109294051092930510929205F8
:104ED0001092A2051092A30510929D050E944B18F6
:104EE00065EC75E08EEC96E00E94350F65EB75E0A1
:104EF0008EEC96E00E94E71B6EE975E08EEC96E082
:104F00000E94E71B66E775E08EEC96E00E94E71BC7
:104F10006FE575E08EEC96E00E94E71B6DE575E0AD
:104F2000BCCD68E372E080E490E00E94142466EF58
:104F300072E08BE697E00E94350F40913802509165
:104F4000390260913A0270913B0223E030E08BE637
:104F500097E00C94A61B4F925F926F927F928F9274
:104F60009F92AF92BF92CF92DF92EF92FF920F93F8
:104F70001F93CF93DF93CDB7DEB7CC59D1090FB6CE
:104F8000F894DEBF0FBECDBF8C016FE874E0CE0198
:104F900001960E94461EBE016F5F7F4FC8010E94AE
:104FA000C918F82ECE0101960E94F618FF2009F4C8
:104FB00058C149E050E0B801CE018B579F4F0E9485
:104FC000E81EBE016B577F4FCE0101960E942C1E3A
:104FD00050E040E0BE016F5F7F4FCE0185579F4F8D
:104FE0000E94A31ECE0101960E94F618BE016B57C7
:104FF0007F4FCE0184960E942C1E41E050E0BE01FE
:105000006C5D7F4FCE0101960E94A31ECE010196DA
:105010000E947B1C6B017C01CE0101960E94F61858
:10502000CE0184960E94F618BE016B577F4FCE01C9
:1050300001960E942C1E42E050E0BE016F5F7F4F40
:10504000CE018F569F4F0E94A31ECE0101960E9453
:10505000F618BE016B577F4FCE0101960E942C1EA1
:1050600043E050E0BE016F5F7F4FCE0189569F4FF6
:105070000E94A31ECE0101960E94F618CB56DF4F68
:1050800088819981C559D040892B09F47EC0CF56BB
:10509000DF4FE881F981C159D040309721F4109257
:1050A000CD06EDECF6E0A080BE0169567F4FCE0143
:1050B00087589F4F0E942C1EBE0165577F4FCE011F
:1050C00081589F4F0E942C1ECE0181589F4F0E94F5
:1050D000E31CC158DF4F68817981CF57D0404EE043
:1050E00050E0CE0186599F4F0E942B5BE9961FAE80
:1050F000E997CE0186599F4F0E9424198C01019691
:1051000009F098C00E9466198C010F3F100709F042
:105110003FC06DE978E18BE697E00E94E71BCE0186
:1051200081589F4F0E94F618CE0187589F4F0E94CA
:10513000F618CE0189569F4F0E94F618CE018F5661
:105140009F4F0E94F618CE0185579F4F0E94F61878
:10515000CE018B579F4F0E94F618C456DF4F0FB6F3
:10516000F894DEBF0FBECDBFDF91CF911F910F919D
:10517000FF90EF90DF90CF90BF90AF909F908F9077
:105180007F906F905F904F90089591E4A92E8CCFFF
:105190004EE050E0BE0166597F4FCE0101960E945D
:1051A0002B5B1F86EB966EAD7FADEB974FE050E02B
:1051B000CE0140960E942B5B1F8E22E4A21203C0F8
:1051C000C12CD12C7601C8A2D9A2EAA2FBA283E20B
:1051D000FE013196DE01A95BBF4F01900D928A95C9
:1051E000E1F723E2209FC001219F900D1124BE0111
:1051F000695B7F4F8C5B9F4F0E94671F6BE878E174
:105200008BE697E00E94350FBE0166597F4F8BE613
:1052100097E00E94791C61E878E18BE697E00E94B4
:10522000350F22E030E0B701A6018BE697E00E943F
:10523000A61B75CF83E2B82EB09EC001B19E900D23
:105240001124BE016C5D7F4F8C5B9F4F0E94FE1846
:10525000FE01B496DE01119601900D92BA94E1F729
:10526000A1CF69E974E0CE0101960E94461EBE01FD
:105270006F5F7F4FC8010E94C918F82ECE010196BA
:105280000E94F618FF2009F451C048E050E0B80130
:10529000CE0186599F4F0E94E81EBE0166597F4F7E
:1052A000CE01895B9F4F0E942C1ECE01895B9F4FD0
:1052B0000E94E31C29966EAD7FAD29974EE050E029
:1052C000CE0184960E942B5B1AAACE0184960E947E
:1052D00024198F3F980709F11982188A18A219A278
:1052E0001AA21BA243E2489F9001499F300D11244E
:1052F000BE016F5F7F4FC9018C5B9F4F0E94671F8C
:105300006FE678E18BE697E00E94350FBE016C5D99
:105310007F4F8BE697E00E94BA1BCE01895B9F4FBF
:105320000E94F618CE0186599F4F15CF62EA74E0AD
:10533000CE0101960E94461EBE016F5F7F4FC801DD
:105340000E94C918F82ECE0101960E94F618FF207F
:1053500009F403CF49E050E0B801CE01895B9F4FCB
:105360000E94E81EBE01695B7F4FCE0184960E94B9
:105370002C1E50E040E0BE016C5D7F4FCE010196D7
:105380000E94A31ECE0101960E947B1C2B013C01B2
:10539000CE0101960E94F618CE0184960E94F6185E
:1053A000BE01695B7F4FCE0184960E942C1E41E0B6
:1053B00050E0BE016C5D7F4FCE0101960E94A31E9E
:1053C000CE0101960E947B1C4B015C01CE0101962F
:1053D0000E94F618CE0184960E94F618BE01695B01
:1053E0007F4FCE0184960E942C1E42E050E0BE0109
:1053F0006C5D7F4FCE0101960E94A31ECE010196E7
:105400000E947B1C6B017C01CE0101960E94F61864
:10541000CE0184960E94F6182AE037ED43E25CE361
:10542000C301B2010E94875887FD3DC020E030E4EF
:105430004CE156E4C301B2010E94225618169CF1B9
:10544000209148023091490240914A0250914B020A
:10545000C301B2010E9479579F772FE632E143E8FA
:105460005AE30E9487581816F4F44092480250926A
:10547000490260924A0270924B020E94482469E2FB
:1054800079E18BE697E00E94350F409148025091F8
:10549000490260914A0270914B0222E030E08BE6B3
:1054A00097E00E94A61B2DEC3CEC4CEC5DE3C501A3
:1054B000B4010E94875887FD3DC020E030E040E203
:1054C00051E4C501B4010E94225618169CF12091A6
:1054D0004202309143024091440250914502C5017D
:1054E000B4010E9479579F772FE632E143E85AE3EF
:1054F0000E9487581816F4F4809242029092430258
:10550000A0924402B09245020E9485246EEF78E199
:105510008BE697E00E94350F409142025091430282
:10552000609144027091450222E030E08BE697E002
:105530000E94A61B20E030E0A901C701B6010E942D
:10554000875887FD3DC020E030E040E251E4C701CC
:10555000B6010E94225618169CF120913802309113
:10556000390240913A0250913B02C701B6010E94B4
:1055700079579F772FE632E143E85AE30E94875834
:105580001816F4F4C0923802D0923902E0923A022E
:10559000F0923B020E94912765ED78E18BE697E05F
:1055A0000E94350F409138025091390260913A02C1
:1055B00070913B0223E030E08BE697E00E94A61B4F
:1055C000CE01895B9F4FC7CD8F929F92AF92BF92C2
:1055D000CF92DF92EF92FF920F931F93CF93DF93BF
:1055E000CDB7DEB7C05BD1090FB6F894DEBF0FBEF2
:1055F000CDBF8EEC96E00E94B70F892B51F00E9430
:10560000EF116093C5067093C6068093C70690930A
:10561000C8068091BB06811105C08091BA06882317
:1056200009F4ADC08091C4068111A9C00E94EF1198
:105630000091C5061091C6062091C7063091C80694
:10564000601B710B820B930B603C744D8140910584
:1056500008F495C00E94FF2461E088E00E942611B2
:1056600068EC70E080E090E00E94BD1160E088E0AE
:105670000E9426111092BB061092BA061092B9062B
:105680001092980510929705109296051092950524
:105690001092940510929305109292051092A20513
:1056A0001092A30510929D050E944B180E94B818F5
:1056B00060E080E00E9486186BE077E181EB98E083
:1056C0000E94350F61E080E00E94861869EF76E164
:1056D00081EB98E00E94350F69EC76E18EEC96E064
:1056E0000E94E71B62EB76E18EEC96E00E94E71BDE
:1056F0006AE876E18EEC96E00E94E71B63E776E1CC
:105700008EEC96E00E94E71B61E776E18EEC96E076
:105710000E94350F68EC72E086E298E00E94C01D9E
:1057200010929105109290058EEC96E00E94B70FB2
:10573000892B09F4FEC08EEC96E00E94950F182F7D
:1057400061E378E08BE697E00E94350F612F8BE6EE
:1057500097E00E942E0F66E278E08BE697E00E94C9
:10576000350F612F110F770B880B990B0E94411A8F
:1057700064E278E08BE697E00E94E71BD5CF0E94B9
:105780009B1F84E00E94FA10892B09F048C1809188
:105790008F058111ECC00E94EF1160938B0570930F
:1057A0008C0580938D0590938E050E94EF11609378
:1057B000C5067093C6068093C7069093C80681E01D
:1057C00080938F050E94EF11009187051091880545
:1057D0002091890530918A05601B710B820B930B18
:1057E0006A3071058105910508F4ADC08EEC96E034
:1057F0000E94B70F892B09F4A6C00E94EF11609395
:105800008705709388058093890590938A058EECAF
:1058100096E00E94950F682F1091BB0611118EC162
:105820000091BA06011190C280912A0890912B082C
:105830006A3021F06D3011F00C94A33A892B09F4F1
:1058400082C060E172E086E298E00E94F91C81115A
:105850002CC064EC74E0CE0184960E94461EBE010A
:105860006C5D7F4F86E298E00E94C9188823B1F0F2
:1058700049E050E066E278E0CE0101960E94E81E21
:1058800060E172E0CE0101960E94F91C01E08111F5
:1058900001C000E0CE0101960E94F618CE01849668
:1058A0000E94F618002309F4BDC081E08093BB0676
:1058B0008093B90661E088E00E94261168EC70E0F0
:1058C00080E090E00E94BD1160E088E00E94261117
:1058D00060E089E00E94261160E08AE00E942611C3
:1058E0000E94B8181092BC0860E081EB98E00E941A
:1058F00064176FE676E18EEC96E00E94350F63E464
:1059000076E18EEC96E00E94E71B61E476E18EEC96
:1059100096E00E94350F66E376E18EEC96E00E94F9
:10592000E71B64E376E18EEC96E00E94350F0E945F
:105930000D1C68EC72E086E298E00E94C01D109297
:10594000910510929005C055DF4F0FB6F894DEBF59
:105950000FBECDBFDF91CF911F910F91FF90EF90C0
:10596000DF90CF90BF90AF909F908F9008950E944E
:10597000EF1100918B0510918C0520918D053091D0
:105980008E05601B710B820B930B68387341810588
:10599000910508F417CF6CEA74E080E192E00E9470
:1059A000165B61EB74E080E292E00E94165B0E945D
:1059B000E0230E942C1F60E878E08EEC96E00E94C5
:1059C000E71B6FEB74E080E092E00E94165B0E94A0
:1059D000AC2361E088E00E94261168EC70E080E072
:1059E00090E00E94BD1160E088E00E9426116EE701
:1059F00078E08EEC96E00E94350F63E678E08EEC5E
:105A000096E00E94E71B65E478E08EEC96E00E9449
:105A1000E71B63E478E08EEC96E00E94350F10926D
:105A20008F05D0CE60E072E086E298E00E94F91C1B
:105A300081112CC064EC74E0CE0184960E94461E55
:105A4000BE016C5D7F4F86E298E00E94C9188823F2
:105A5000B1F049E050E066E278E0CE0101960E94A4
:105A6000E81E60E072E0CE0101960E94F91C01E0A0
:105A7000811101C000E0CE0101960E94F618CE010E
:105A800084960E94F618002309F445C081E08093B3
:105A9000BA068093B90660E089E00E94261161E0B1
:105AA00088E00E94261168EC70E080E090E00E949F
:105AB000BD1160E088E00E94261160E08AE00E944B
:105AC00026110E94B8181092BC0860E081EB98E0A3
:105AD0000E94641762E376E18EEC96E00E94350F37
:105AE00066E076E18EEC96E00E94E71B64E076E1EA
:105AF0008EEC96E00E94350F6AEF75E18EEC96E031
:105B00000E94E71B68EF75E18EEC96E00E94350F6E
:105B10000E94FB1B0ECF66EF75E18EEC96E00E94B3
:105B2000350F6CE975E18EEC96E00E94E71B6AE99F
:105B300075E18EEC96E00E94350FFBCE8091B906A0
:105B4000882309F401C180918605882309F4FCC0EB
:105B500080912A0890912B086A3021F06D3011F065
:105B60000C94A33A892B09F4EECE66E278E0CE01DC
:105B700001960E942C1ECE0101960E94861C6DED9E
:105B800073E0CE0101960E94F91C811158C069EEA4
:105B900073E0CE0101960E94F91C811150C06CE1A6
:105BA00074E0CE0101960E94F91C811148C06EE09C
:105BB00074E0CE0101960E94F91C811140C066E19B
:105BC00074E0CE0101960E94F91C811138C06DEF7E
:105BD00073E0CE0101960E94F91C811130C065E08E
:105BE00074E0CE0101960E94F91C811128C065E87D
:105BF00074E0CE0101960E94F91C811120C086E25A
:105C000098E00E947B1C6B017C0120E030E0A90140
:105C10000E94875887FF25C066E575E18EEC96E007
:105C20000E94350F64E175E18EEC96E00E94E71B5F
:105C300062E175E18EEC96E00E94350F78C010921B
:105C40008605BE016F5F7F4FCE0184960E942C1E99
:105C5000CE0184960E940B25CE0184960E94F618F0
:105C600066C020E030E040E251E4C701B6010E9486
:105C7000225618168CF2C0923802D0923902E09265
:105C80003A02F0923B020E949127C0903802D090D5
:105C90003902E0903A02F0903B026CEA78E08BE641
:105CA00097E00E94350F23E030E0B701A6018BE6B4
:105CB00097E00E94A61B61E088E00E94261168EC34
:105CC00070E080E090E00E94BD1160E088E00E94FA
:105CD000261168E975E18EEC96E00E94350F67E7C2
:105CE00075E18EEC96E00E94350F4091380250919C
:105CF000390260913A0270913B0223E030E08EEC71
:105D000096E00E94A41B6FE675E18EEC96E00E947F
:105D1000E71B6AE575E18EEC96E00E94E71B68E5FB
:105D200075E18EEC96E00E94350F1092860568ECC6
:105D300072E086E298E00E94C01D109291051092D8
:105D40009005CE010196D3C28091B906882309F44B
:105D500062C69091A20591110C94A83A9091980571
:105D600091110C94443B9091970591110C94A83A91
:105D70009091960591110C94A83A909195059111E6
:105D80000C94A83A9091940591110C94A83A909192
:105D9000930591110C94A83A9091920591110C944D
:105DA000A83A80912A0890912B086A3021F06D3032
:105DB00011F00C94A33A892B09F4C5CD66E278E082
:105DC000CE018B559F4F0E942C1ECE018B559F4FAD
:105DD0000E94861C6EEC74E0CE018B559F4F0E9492
:105DE000F91C811175C067ED74E0CE018B559F4F92
:105DF0000E94F91C81116CC06DED73E0CE018B55D2
:105E00009F4F0E94F91C81119EC063EE73E0CE018A
:105E10008B559F4F0E94F91C811195C069EE73E06C
:105E2000CE018B559F4F0E94F91C8111BDC063EFBD
:105E300073E0CE018B559F4F0E94F91C8111B4C0B5
:105E40006CE174E0CE018B559F4F0E94F91C8111CB
:105E5000DCC065E274E0CE018B559F4F0E94F91CB7
:105E60008111D3C06DEF73E0CE018B559F4F0E941F
:105E7000F91C8111FBC065E074E0CE018B559F4F8A
:105E80000E94F91C882309F425C1112309F419C1C2
:105E900081E08093950561E088E00E94261168EC1E
:105EA00070E080E090E00E94BD1160E088E00E9418
:105EB00026116FEE72E18EEC96E00E94350F63EAD8
:105EC00072E18EEC96E00E94E71B61EA72E127C066
:105ED000112351F181E08093860561E088E00E9402
:105EE000261168EC70E080E090E00E94BD1160E057
:105EF00088E00E94261160E175E18EEC96E00E9438
:105F0000350F66ED74E18EEC96E00E94E71B6EEBB8
:105F100074E18EEC96E00E94E71B6CEB74E18EEC72
:105F200096E00E94350F85C16AEB74E18EEC96E035
:105F30000E94350F64EA74E18EEC96E00E94E71B44
:105F40000E94FB1B76C1112331F181E080939805FB
:105F500061E088E00E94261168EC70E080E090E04B
:105F60000E94BD1160E088E00E94261162EA74E19F
:105F70008EEC96E00E94350F66E674E18EEC96E0BA
:105F80000E94E71B6EE474E18EEC96E00E94E71B32
:105F90006CE474E1C4CF6AE474E18EEC96E00E9494
:105FA000350F64E374E1C8CF112331F181E08093B0
:105FB000970561E088E00E94261168EC70E080E0BF
:105FC00090E00E94BD1160E088E00E94261162E32B
:105FD00074E18EEC96E00E94350F65EF73E18EEC74
:105FE00096E00E94E71B6DED73E18EEC96E00E9457
:105FF000E71B6BED73E193CF69ED73E18EEC96E0F7
:106000000E94350F63EC73E197CF112331F181E0EA
:106010008093920561E088E00E94261168EC70E0B0
:1060200080E090E00E94BD1160E088E00E942611AF
:1060300061EC73E18EEC96E00E94350F61E873E14C
:106040008EEC96E00E94E71B69E673E18EEC96E029
:106050000E94E71B67E673E162CF65E673E18EECB1
:1060600096E00E94350F6FE473E166CF112301F1D2
:1060700081E08093960561E088E00E94261168EC3B
:1060800070E080E090E00E94BD1160E088E00E9436
:1060900026116DE473E18EEC96E00E94350F6BE003
:1060A00073E18EEC96E00E94E71B69E073E137CF65
:1060B00067E073E18EEC96E00E94350F61EF72E1CC
:1060C0003BCF6FE972E18EEC96E00E94350F69E8F4
:1060D00072E132CF6EE074E0CE018B559F4F0E948B
:1060E000F91C882309F445C01123D1F181E0809384
:1060F000940561E088E00E94261168EC70E080E081
:1061000090E00E94BD1160E088E00E94261167E8DF
:1061100072E18EEC96E00E94350F65E772E18EEC3D
:1061200096E00E94350F40916F0650917006609185
:1061300071067091720622E030E08EEC96E00E94CB
:10614000A61B63E772E18EEC96E00E94350F6EE5C8
:1061500072E18EEC96E00E94E71B6CE572E1DFCE07
:106160006AE572E18EEC96E00E94350F64E472E11C
:10617000E3CE66E174E0CE018B559F4F0E94F91C7F
:10618000882309F46AC0112309F45EC010926F06D7
:106190001092700610927106109272060E94C2242C
:1061A00061E088E00E94261168EC70E080E090E0F9
:1061B0000E94BD1160E088E00E94261162E472E155
:1061C0008EEC96E00E94350F65E372E18EEC96E06E
:1061D0000E94E71B63E372E18EEC96E00E94350FAC
:1061E0006DE172E18EEC96E00E94350F40916F06F2
:1061F00050917006609171067091720622E030E055
:106200008EEC96E00E94A61B6BE172E18EEC96E0AC
:106210000E94350F66E072E18EEC96E00E94E71B6B
:1062200064E072E18EEC96E00E94350F81E080938D
:10623000930568EC72E086E298E00E94C01D10921F
:1062400091051092900550C062E072E18EEC96E0EC
:106250000E94350F6CEE71E16FCE60EE74E0CE01FE
:1062600001960E94461EBE016F5F7F4FCE018B5587
:106270009F4F0E94C918082FCE0101960E94F61860
:10628000002309F4C4C048E050E0BE016B557F4FC5
:10629000CE0101960E94E81ECE0101960E94114097
:1062A0008C010F3F100749F56AEE71E18EEC96E024
:1062B0000E94350F65ED71E18EEC96E00E94E71BC0
:1062C0008091BB068823B1F00E940D1C68EC72E03F
:1062D00086E298E00E94C01D1092910510929005F0
:1062E000CE0101960E94F618CE018B559F4F0E9459
:1062F000F61829CB0E94FB1BE9CF980150E040E043
:10630000BE016F5F7F4FCE0184960E94571ECE0163
:1063100084960E94D43FCE0184960E94F618A8016C
:106320004F5F5F4FBE016F5F7F4FCE0184960E942B
:10633000E81ECE0184960E947B1C6B017C01C092FA
:106340009905D0929A05E0929B05F0929C05CE01AA
:1063500084960E94F6188091240890912508409711
:1063600048F063ED71E18EEC96E00E94350F6FEB23
:1063700071E1A2CF80912008909121080E94CE4027
:10638000019669F067EA71E18EEC96E00E94E71BE6
:1063900065EA71E18EEC96E00E94350F91CF20E026
:1063A00030E0A901C701B6010E94225687FF09C04B
:1063B00060E971E18EEC96E00E94E71B6EE871E106
:1063C000E9CF81E08093A2058093A30561E088E096
:1063D0000E94261168EC70E080E090E00E94BD1100
:1063E00060E088E00E9426116CE871E18EEC96E096
:1063F0000E94350F66E671E18EEC96E00E94E71B85
:1064000064E671E18EEC96E00E94350F5FCF69EE95
:1064100074E0CE0101960E94461EBE016F5F7F4F61
:10642000CE018B559F4F0E94C918082FCE010196AF
:106430000E94F618002309F432C14BE050E0BE017F
:106440006B557F4FCE0181569F4F0E94E81ECE01B3
:1064500081569F4F0E9411408C010F3F1007E9F4B5
:106460006FE471E18EEC96E00E94E71B8091BB0621
:10647000882381F00E940D1C68EC72E086E298E0AF
:106480000E94C01D1092910510929005CE01815678
:106490009F4F28CF0E94FB1BEFCF980150E040E0B8
:1064A000BE0161567F4FCE0187569F4F0E94571EF7
:1064B000A8014F5F5F4FBE0161567F4FCE0101962D
:1064C0000E94E81ECE0101960E947B1C4B015C01DC
:1064D000CE0101960E94F618BE0167567F4FCE018D
:1064E00085559F4F0E942C1EC555DF4F68817981CD
:1064F000CB5AD0404FE050E0CE0140960E942B5B3B
:106500001F8ECE0140960E94CE406C01019621F56F
:1065100064ED78E08EEC96E00E94E71B8091BB066C
:106520008823B9F00E940D1CCE0185559F4F0E9413
:10653000F61868EC72E086E298E00E94C01D1092A6
:10654000910510929005CE0187569F4F0E94F61834
:106550009DCF0E94FB1BE8CF20E030E0A901C501E0
:10656000B4010E9422566FEB78E018169CF683E285
:10657000F82EFC9C8001FD9C100D11240C5B1F4F1C
:10658000BE01695B7F4FC8010E94FE18FE01E95BF6
:10659000FF4FDE0111968F2D01900D928A95E1F744
:1065A000A501940168A179A18AA19BA10E947A57B3
:1065B00068A379A38AA39BA3FE013196DE01A659A5
:1065C000BF4F01900D92FA94E1F7BE0166597F4FDB
:1065D000C8010E94671F64EB78E08BE697E00E9499
:1065E000350FBE016F5F7F4F8BE697E00E94791CED
:1065F0006AE38BE697E00E942E0F22E030E0B501BF
:10660000A4018BE697E00E94A61B61E088E00E944F
:10661000261168EC70E080E090E00E94BD1160E01F
:1066200088E00E94261148A159A16AA17BA1CE0150
:1066300084960E94F61DBE01605F7F4FCE01835796
:106640009F4F0E94461E65EF74E0CE018D569F4F0E
:106650000E94461EBE0163577F4FCE018D569F4F4D
:106660000E94781D64E175E00E94621DBE016C5DB0
:106670007F4F0E94781DBC018EEC96E00E94CE1BDD
:10668000CE018D569F4F0E94F618CE0183579F4F23
:106690000E94F618CE0184960E94F6183FCF63E25E
:1066A00075E0CE0101960E94461EBE016F5F7F4FCE
:1066B000CE018B559F4F0E94C918082FCE0101961D
:1066C0000E94F618002309F491C0112309F48BC02D
:1066D0004BE050E0BE016B557F4FCE01895B9F4F71
:1066E0000E94E81EBE01695B7F4FCE0186599F4F15
:1066F0000E942C1EAC966EAD7FADAC974FE050E083
:10670000CE0140960E942B5B1F8ECE0140960E94C8
:10671000CE408F3F980769F56AE179E08EEC96E00C
:106720000E94E71B0E94B81860E080E00E94861873
:106730006BE079E081EB98E00E94350F60ED77E047
:1067400080E090E00E94BD110E940D1CCE01865990
:106750009F4F0E94F61868EC72E086E298E00E9473
:10676000C01D1092910510929005CE01895B9F4F3C
:10677000B9CD1982188A18A219A21AA21BA223E263
:10678000FE013196DE01949601900D922A95E1F773
:1067900043E2489F9001499F300D1124BE016C5D7A
:1067A0007F4FC9018C5B9F4F0E94671F61E088E0AB
:1067B0000E94261168EC70E080E090E00E94BD111C
:1067C00060E088E00E94261166EF78E08EEC96E0AB
:1067D0000E94E71B0E94B81860E080E00E948618C3
:1067E00069EE78E0A7CF6CE271E1A6CB6FE275E0CD
:1067F000CE0101960E94461EBE016F5F7F4FCE0103
:106800008B559F4F0E94C918082FCE0101960E94F8
:10681000F618002309F476C0112309F46AC04FE08A
:1068200050E0BE016B557F4FCE0184960E94E81E5A
:1068300060E172E0CE0184960E94F91C882309F47D
:1068400049C004E410E01982188A18A219A21AA2F9
:106850001BA2BE016F5F7F4FC8010E94671F0D5DC5
:106860001F4F0A3187E0180771F76FE279E08BE676
:1068700097E00E94E71B61E088E00E94261168EC27
:1068800070E080E090E00E94BD1160E088E00E942E
:1068900026116AE271E18EEC96E00E94350F60E10C
:1068A00071E18EEC96E00E94E71B6EE071E18EECE8
:1068B00096E00E94350F0E940D1C68EC72E086E2A3
:1068C00098E00E94C01D1092910510929005CE0193
:1068D000849608CD6CE071E18EEC96E00E94350F55
:1068E00067EF70E18EEC96E00E94E71B65EF70E1C8
:1068F000DECF63EF70E18EEC96E00E94350F6DED18
:1069000070E11ACB6CE774E0CE018B559F4F0E946B
:10691000F91C882371F0112319F00E94294089CCB9
:106920006BED70E18EEC96E00E94350F65EC70E146
:1069300003CB65E874E0CE018B559F4F0E94F91C94
:1069400081111CC06AE874E0CE018B559F4F0E94F4
:10695000F91C811113C063EC70E18EEC96E00E948B
:10696000350F8091BB0665E77FE0811102C06DE1C4
:106970007FE08EEC96E00E94E71B5BCC0E94FF2438
:1069800061E088E00E94261168EC70E080E090E011
:106990000E94BD1160E088E00E9426111092BB06A3
:1069A0001092BA061092B9061092980510929705A7
:1069B00010929605109295051092940510929305E9
:1069C000109292051092A2051092A30510929D05B7
:1069D0000E944B1861EC70E18EEC96E00E94350F3E
:1069E00061EB70E18EEC96E00E94E71B6AE970E1D2
:1069F0008EEC96E00E94E71B62E770E18EEC96E079
:106A00000E94E71B6BE570E18EEC96E00E94E71BAD
:106A100069E570E184CA11110C94A32C9091BA0617
:106A2000992309F437C6882309F434C69091A20546
:106A3000992309F42CC690919D05911193C68091DC
:106A40002A0890912B086A3019F06D3009F07BC547
:106A5000892B11F40C94A32C66E278E0CE01019608
:106A60000E942C1ECE0101960E94861C6FE375E0E9
:106A7000CE0101960E94F91C882309F430C481E0FC
:106A800080939D0561E088E00E94261168EC70E02B
:106A900080E090E00E94BD1160E088E00E94261135
:106AA00061E57BE08EEC96E00E94350F66E17BE0CD
:106AB0008EEC96E00E94E71B62EF7AE08EEC96E0A7
:106AC0000E94E71B60EF7AE0B5C810929805B9C83C
:106AD00020E030E44CE156E4C701B6010E942256A2
:106AE00018160CF4C1C5C0924802D0924902E09237
:106AF0004A02F0924B020E944824C0904802D09073
:106B00004902E0904A02F0904B0264E479E08BE69F
:106B100097E00E94350F22E030E0B701A6018BE636
:106B200097E00E94A61B61E088E00E94261168ECB5
:106B300070E080E090E00E94BD1160E088E00E947B
:106B400026116BE17FE08EEC96E00E94350F67EF37
:106B50007EE08EEC96E00E94350F40914802509105
:106B6000490260914A0270914B0222E030E08EECC3
:106B700096E00E94A61B62EE7EE08EEC96E00E94FC
:106B8000E71B60EE7EE08EEC96E00E94350F1092DF
:106B90009805CDC890919705992309F4FDC080917F
:106BA0002A0890912B086A3019F06D3009F0CBC497
:106BB000892B11F40C94A32C66E278E0CE010196A7
:106BC0000E942C1ECE0101960E94861C6DED73E082
:106BD000CE0101960E94F91C811178C06CE174E02D
:106BE000CE0101960E94F91C811170C069EE73E01C
:106BF000CE0101960E94F91C811168C06EE074E01C
:106C0000CE0101960E94F91C811160C066E174E01A
:106C1000CE0101960E94F91C811158C06DEF73E0FE
:106C2000CE0101960E94F91C811150C065E074E00C
:106C3000CE0101960E94F91C811148C065E874E0FC
:106C4000CE0101960E94F91C811140C06EE274E0F1
:106C5000CE0101960E94F91C811138C067E574E0ED
:106C6000CE0101960E94F91C811130C062E674E0E9
:106C7000CE0101960E94F91C811128C06DE674E0D6
:106C8000CE0101960E94F91C811120C06CE774E0CE
:106C9000CE0101960E94F91C811118C086E298E08D
:106CA0000E947B1C6B017C012DEC3CEC4CEC5DE309
:106CB0000E94875887FF0EC065E07EE08EEC96E06C
:106CC0000E94E71B63E07EE00C941A2E1092970559
:106CD0000C94212E20E030E040E251E4C701B601DF
:106CE0000E942256181644F3C0924202D0924302E8
:106CF000E0924402F09245020E948524C090420234
:106D0000D0904302E0904402F09045026EE479E0B6
:106D10008BE697E00E94350F22E030E0B701A60134
:106D20008BE697E00E94A61B61E088E00E94261196
:106D300068EC70E080E090E00E94BD1160E088E0C7
:106D40000E94261166E87EE08EEC96E00E94350FE8
:106D500066E67EE08EEC96E00E94350F409142029E
:106D600050914302609144027091450222E030E06C
:106D70008EEC96E00E94A61B64E67EE08EEC96E028
:106D80000E94350F6FE47EE08EEC96E00E94E71BD8
:106D9000109297050C94972E90919205992309F4DF
:106DA000E7C080912A0890912B086A3019F06D3065
:106DB00009F0CBC0892B11F40C94A32C66E278E087
:106DC000CE0101960E942C1ECE0101960E94861CC7
:106DD0006DED73E0CE0101960E94F91C811175C022
:106DE0006CE174E0CE0101960E94F91C81116DC026
:106DF00069EE73E0CE0101960E94F91C811165C015
:106E00006EE074E0CE0101960E94F91C81115DC014
:106E100066E174E0CE0101960E94F91C811155C013
:106E20006DEF73E0CE0101960E94F91C81114DC0F7
:106E300065E074E0CE0101960E94F91C811145C005
:106E400065E874E0CE0101960E94F91C81113DC0F5
:106E50006EE274E0CE0101960E94F91C811135C0EA
:106E600067E574E0CE0101960E94F91C81112DC0E6
:106E700062E674E0CE0101960E94F91C811125C0E2
:106E80006DE674E0CE0101960E94F91C81111DC0CF
:106E90006CE774E0CE0101960E94F91C811115C0C7
:106EA0008D819E810A970A97A0F061E07EE08EECCA
:106EB00096E00E94350F6FEA7DE08EEC96E00E942E
:106EC000E71B6DEA7DE00C941A2E109292050C944B
:106ED000212E69817A8143E150E080E292E00E94B4
:106EE0002B5B109233020E942C1F61E088E00E940D
:106EF000261168EC70E080E090E00E94BD1160E037
:106F000088E00E9426116BEA7DE08EEC96E00E94FC
:106F1000350F6EE87DE08EEC96E00E94350F60E262
:106F200072E08EEC96E00E94BA1B69E77DE08EEC81
:106F300096E00E94E71B67E77DE08EEC96E00E94FA
:106F4000350F109292050C94972E449710F00C94E4
:106F5000A32C86E298E00E948B1D80919005909171
:106F60009105019690939105809390050C94A32C24
:106F700090919605992309F44EC080912A0890912A
:106F80002B086A3019F06D3009F098C0009711F4A1
:106F90000C94A32C04970C9750F067E47DE08EECE2
:106FA00096E00E94E71B65E47DE00C94992D6091CA
:106FB00026087091270880E192E00E94165B0E94EB
:106FC000E02361E088E00E94261168EC70E080E038
:106FD00090E00E94BD1160E088E00E94261163E409
:106FE0007DE08EEC96E00E94350F67E27DE08EEC4E
:106FF00096E00E94E71B62E17DE08EEC96E00E9445
:10700000E71B60E17DE08EEC96E00E94350F109268
:1070100096050C94992C90919505992309F453C0E9
:1070200080912A0890912B086A3019F06D3009F090
:1070300045C0009711F40C94A32C04970C9750F0C2
:107040006BED7CE08EEC96E00E94E71B69ED7CE046
:107050000C94992D609126087091270880E092E0A9
:107060000E94165B0E94AC2361E088E00E9426111A
:1070700068EC70E080E090E00E94BD1160E088E084
:107080000E94261167ED7CE08EEC96E00E94350FA1
:1070900066EB7CE08EEC96E00E94E71B61EA7CE008
:1070A0008EEC96E00E94E71B6FE97CE08EEC96E0A8
:1070B0000E94350F109295050C94992C0F9710F0A3
:1070C0000C94A32C46CF90919405992309F485C084
:1070D00080912A0890912B086A3019F06D3009F0E0
:1070E00032C2892B11F40C94A32C66E278E0CE0115
:1070F00001960E942C1ECE0101960E94861C6DED09
:1071000073E0CE0101960E94F91C811162C06CE10E
:1071100074E0CE0101960E94F91C81115AC069EEFB
:1071200073E0CE0101960E94F91C811152C066E104
:1071300074E0CE0101960E94F91C81114AC06DEFE6
:1071400073E0CE0101960E94F91C811142C065E0F6
:1071500074E0CE0101960E94F91C81113AC065E8E5
:1071600074E0CE0101960E94F91C811132C06EE2DA
:1071700074E0CE0101960E94F91C81112AC067E5D6
:1071800074E0CE0101960E94F91C811122C062E6D2
:1071900074E0CE0101960E94F91C81111AC06DE6BF
:1071A00074E0CE0101960E94F91C811112C06CE7B7
:1071B00074E0CE0101960E94F91C81110AC067EFAC
:1071C0007BE08EEC96E00E94E71B65EF7BE00C9481
:1071D0001A2E109294050C94212E909193059923C8
:1071E00009F424CC80912A0890912B086A3019F078
:1071F0006D3009F0A8C1892B11F40C94A32C66E220
:1072000078E0CE0101960E942C1ECE0101960E94CC
:10721000861C6DED73E0CE0101960E94F91C811170
:107220005AC06CE174E0CE0101960E94F91C8111F4
:1072300052C069EE73E0CE0101960E94F91C8111E3
:107240004AC06DEF73E0CE0101960E94F91C8111D6
:1072500042C065E074E0CE0101960E94F91C8111E4
:107260003AC065E874E0CE0101960E94F91C8111D4
:1072700032C06EE274E0CE0101960E94F91C8111C9
:107280002AC067E574E0CE0101960E94F91C8111C5
:1072900022C062E674E0CE0101960E94F91C8111C1
:1072A0001AC06DE674E0CE0101960E94F91C8111AE
:1072B00012C06CE774E0CE0101960E94F91C8111A6
:1072C0000AC065E57BE08EEC96E00E94E71B63E573
:1072D0007BE00C941A2E109293050C94212E65E8F5
:1072E00074E0CE0101960E94F91C882361F110928E
:1072F000A2051092A30510929D0568EC72E080E251
:1073000098E00E94C01D1092990510929A05109263
:107310009B0510929C0561E088E00E94261168ECB4
:1073200070E080E090E00E94BD1160E088E00E9483
:107330002611112321F00E940D1C0C94972E0E94FF
:10734000FB1B0C94972E64EC7AE08EEC96E00E9486
:10735000E71B0C94972E0E94FB1BF9C160EE74E0B2
:10736000CE0101960E94461EBE016F5F7F4FCE0187
:1073700084960E94C918182FCE0101960E94F61813
:10738000112309F4D3C048E050E0BE016C5D7F4F8B
:10739000CE0101960E94E81ECE0101960E94114086
:1073A0008C018F3F9807F1F46FEA7AE08EEC96E05B
:1073B0000E94E71B64E87AE08EEC96E00E94E71BEF
:1073C00068EC72E086E298E00E94C01D1092910580
:1073D00010929005CE0101960E94F618CE01849677
:1073E0000C9477319C0150E040E0BE016F5F7F4F0D
:1073F000CE01895B9F4F0E94571ECE01895B9F4F34
:107400000E94D43FCE01895B9F4F0E94F618A801CD
:107410004F5F5F4FBE016F5F7F4FCE01895B9F4F14
:107420000E94E81ECE01895B9F4F0E947B1C6B016E
:107430007C01C0929905D0929A05E0929B05F0924A
:107440009C05CE01895B9F4F0E94F618809124080D
:1074500090912508409748F060E77AE08EEC96E03E
:107460000E94E71B65E47AE0A7CF80912008909105
:1074700021080E94CE400196C9F064E875E08EECC8
:1074800096E00E94791C6DE27AE08EEC96E00E9414
:10749000E71B62E07AE08EEC96E00E94E71B60E07A
:1074A0007AE08EEC96E00E94350F8ACF20E030E043
:1074B000A901C701B6010E94225687FF15C064E8E2
:1074C00075E08EEC96E00E94791C6BEE79E08EEC14
:1074D00096E00E94E71B60EC79E08EEC96E00E945B
:1074E000E71B6EEB79E0DDCF81E08093A30510927E
:1074F0009D0561E088E00E94261168EC70E080E064
:1075000090E00E94BD1160E088E00E9426116CEBC3
:1075100079E08EEC96E00E94350F66E979E08EEC1A
:1075200096E00E94E71B64E979E0BBCF68E579E06B
:107530008EEC96E00E94E71B66E579E08EEC96E023
:107540000E94350F04C14E9710F00C94A32C01CD6E
:10755000112309F463CA90919805992309F41ACB71
:1075600080912A0890912B086A3011F06D3059F7FC
:10757000892B11F40C94A32C66E278E0CE010196DD
:107580000E942C1ECE0101960E94861C6DED73E0B8
:10759000CE0101960E94F91C811197CA6CE174E03A
:1075A000CE0101960E94F91C81118FCA6EE074E031
:1075B000CE0101960E94F91C811187CA66E174E030
:1075C000CE0101960E94F91C81117FCA6DEF73E014
:1075D000CE0101960E94F91C811177CA65E074E022
:1075E000CE0101960E94F91C81116FCA65E874E012
:1075F000CE0101960E94F91C811167CA6EE274E007
:10760000CE0101960E94F91C81115FCA67E574E002
:10761000CE0101960E94F91C811157CA62E674E0FE
:10762000CE0101960E94F91C81114FCA6DE674E0EB
:10763000CE0101960E94F91C811147CA6CE774E0E3
:10764000CE0101960E94F91C81113FCA86E298E0A2
:107650000E947B1C6B017C012AE037ED43E25CE376
:107660000E94875887FF34CA6EED7EE08EEC96E06C
:107670000E94350F6AE87EE08EEC96E00E94E71BE0
:1076800068E87EE00C941A2E11116ACFC7C9111157
:107690000C94A32C9091BA06992311F40C94A32C6A
:1076A000882311F40C94A32C8091A205882311F453
:1076B0000C94A32C80919D05882311F40C94A32C89
:1076C00080912A0890912B086A3019F06D3009F0EA
:1076D0003ACF892B11F40C94A32C66E278E0CE010A
:1076E00084960E942C1ECE0184960E94861C65E81A
:1076F00074E0CE0184960E94F91C882309F42ECEF2
:107700001092A2051092A30510929D0568EC72E0FC
:1077100080E298E00E94C01D1092990510929A058F
:1077200010929B0510929C0561E088E00E94261152
:1077300068EC70E080E090E00E94BD1160E088E0BD
:107740000E942611112309F406CE0E940D1C68EC3C
:1077500072E086E298E00E94C01D1092910510929E
:1077600090053CCE1111A6CF95CF1F920F920FB668
:107770000F9211240BB60F922F933F934F935F9369
:107780006F937F938F939F93AF93BF93EF93FF93E9
:107790008EEC96E00E94D70FFF91EF91BF91AF91D1
:1077A0009F918F917F916F915F914F913F912F9119
:1077B0000F900BBE0F900FBE0F901F9018951F9249
:1077C0000F920FB60F9211240BB60F922F938F9337
:1077D0009F93EF93FF93E091DE06F091DF068081A7
:1077E000E091E406F091E50682FD1DC09081809154
:1077F000E7068F5F8F732091E806821741F0E091D2
:10780000E706F0E0E253F94F958F8093E706FF918A
:10781000EF919F918F912F910F900BBE0F900FBE04
:107820000F901F9018958081F2CF1F920F920FB684
:107830000F9211240BB60F922F933F934F935F93A8
:107840006F937F938F939F93AF93BF93EF93FF9328
:107850008BE697E00E94D70FFF91EF91BF91AF9118
:107860009F918F917F916F915F914F913F912F9158
:107870000F900BBE0F900FBE0F901F9018951F9288
:107880000F920FB60F9211240BB60F922F938F9376
:107890009F93EF93FF93E0917B07F0917C078081AA
:1078A000E0918107F091820782FD1DC09081809157
:1078B00084078F5F8F7320918507821741F0E091D5
:1078C0008407F0E0E559F84F958F80938407FF9186
:1078D000EF919F918F912F910F900BBE0F900FBE44
:1078E0000F901F9018958081F2CF1F920F920FB6C4
:1078F0000F9211242F933F938F939F93AF93BF9336
:107900008091570690915806A0915906B0915A0659
:107910003091560623E0230F2D3758F50196A11D0F
:10792000B11D209356068093570690935806A09356
:107930005906B0935A0680915B0690915C06A0911F
:107940005D06B0915E060196A11DB11D80935B0698
:1079500090935C06A0935D06B0935E06BF91AF91D5
:107960009F918F913F912F910F900FBE0F901F907D
:10797000189526E8230F0296A11DB11DD2CF1F92A4
:107980000F920FB60F9211240BB60F922F933F93C5
:107990004F935F936F937F938F939F93AF93BF9317
:1079A000EF93FF93E0915A02F0915B021995FF91DA
:1079B000EF91BF91AF919F918F917F916F915F9167
:1079C0004F913F912F910F900BBE0F900FBE0F90D4
:1079D0001F9018951F920F920FB60F9211240BB69D
:1079E0000F922F933F934F935F936F937F938F9358
:1079F0009F93AF93BF93EF93FF93E0915802F09161
:107A000059021995FF91EF91BF91AF919F918F917D
:107A10007F916F915F914F913F912F910F900BBE8E
:107A20000F900FBE0F901F9018951F920F920FB6D8
:107A30000F9211240BB60F922F933F934F935F93A6
:107A40006F937F938F939F93AF93BF93EF93FF9326
:107A5000E0914E02F0914F021995FF91EF91BF9185
:107A6000AF919F918F917F916F915F914F913F91D6
:107A70002F910F900BBE0F900FBE0F901F90189577
:107A80001F920F920FB60F9211240BB60F922F93E5
:107A90003F934F935F936F937F938F939F93AF9396
:107AA000BF93EF93FF93E0914C02F0914D02199533
:107AB000FF91EF91BF91AF919F918F917F916F91C6
:107AC0005F914F913F912F910F900BBE0F900FBE82
:107AD0000F901F9018951F920F920FB60F921124BE
:107AE0000BB60F922F933F934F935F936F937F93B8
:107AF0008F939F93AF93BF93EF93FF93E0915602C1
:107B0000F09157021995FF91EF91BF91AF919F911D
:107B10008F917F916F915F914F913F912F910F9036
:107B20000BBE0F900FBE0F901F9018951F920F92D3
:107B30000FB60F9211240BB60F922F933F934F93D2
:107B40005F936F937F938F939F93AF93BF93EF93C5
:107B5000FF93E0915402F09155021995FF91EF9136
:107B6000BF91AF919F918F917F916F915F914F9155
:107B70003F912F910F900BBE0F900FBE0F901F9053
:107B800018951F920F920FB60F9211240BB60F92F9
:107B90002F933F934F935F936F937F938F939F9315
:107BA000AF93BF93EF93FF93E0915202F091530292
:107BB0001995FF91EF91BF91AF919F918F917F9117
:107BC0006F915F914F913F912F910F900BBE0F904E
:107BD0000FBE0F901F9018951F920F920FB60F9225
:107BE00011240BB60F922F933F934F935F936F9394
:107BF0007F938F939F93AF93BF93EF93FF93E09106
:107C00005002F09151021995FF91EF91BF91AF9100
:107C10009F918F917F916F915F914F913F912F91A4
:107C20000F900BBE0F900FBE0F901F9018951F92D4
:107C30000F920FB60F9211240BB60F922F933F9312
:107C40004F935F936F937F938F939F93AF93BF9364
:107C5000EF93FF938091B900887F803609F44DC07F
:107C600008F040C0883209F4A9C028F5803109F431
:107C70009DC0C8F4882309F4FBC0883009F496C07D
:107C8000FF91EF91BF91AF919F918F917F916F91F4
:107C90005F914F913F912F910F900BBE0F900FBEB0
:107CA0000F901F901895883109F488C0803241F7F1
:107CB00080932C0614C0803409F49DC040F48033B6
:107CC000B9F38833E9F680932C0685ECB0C0803593
:107CD00009F485C0883509F496C0883489F60E9475
:107CE000F41ECECF883909F48CC038F5883729F0D6
:107CF00050F4883611F0803719F683E080932E0611
:107D00001092070657C0883809F47BC0803919F0F3
:107D1000803809F0B5CF80910706803208F071C035
:107D2000E091070681E08E0F809307068091BB00EB
:107D3000F0E0E951FA4F80833DC0803B39F0E0F438
:107D4000803A09F479C0883A09F09ACF84E08093A8
:107D50002E061092E6051092E505E0916206F0917C
:107D6000630619958091E50581110FC081E080932C
:107D7000E5051092C50509C0803C09F4A6CF883CF2
:107D800009F4A3CF883B09F07BCFE091E60581E0C1
:107D90008E0F8093E605F0E0EB53FA4F80818093DD
:107DA000BB009091E6058091E50529C08091090608
:107DB0008093BB0085EC8093BC0062CF90912B0632
:107DC00080912A06981758F5E0912B0681E08E0FD6
:107DD00080932B06F0E0E65FF94F8081E9CFE091D8
:107DE0002B0681E08E0F80932B068091BB00F0E084
:107DF000E65FF94F808390912B0680912A069817B1
:107E0000C8F285E8D8CFE0912B0681E08E0F8093F1
:107E10002B068091BB00F0E0E65FF94F80838091F4
:107E20002D0681115CCF81E08093080684EA80935F
:107E3000BC0010922E0624CF85EC8093BC001092DB
:107E40002E0680910706803230F4E0910706F0E0BC
:107E5000E951FA4F10826091070670E0E0916006E8
:107E6000F091610687EE95E019951092070608CF0C
:107E700010922C0634CFED9880E29FE090934F0251
:107E800080934E02089596E0899FD0011124AE5B45
:107E9000B74F90967C936E935F9791E091969C93E9
:107EA0009197E091AF08F091B0089091AE089923B6
:107EB00039F0309751F0811108C080915E08199413
:107EC000309719F05C968C91FACF08950F931F9319
:107ED000CF93DF93C82FD62F86E0C89FF0011124DF
:107EE000EE5BF74F11A2878D90A181309105F1F0E3
:107EF00058F082309105F1F1039709F440C0DF9109
:107F0000CF911F910F9108956623C9F361E070E04E
:107F10008C2F0E94433F0E94EF1160939A08709348
:107F20009B0880939C0890939D08E9CF0E94EF11D5
:107F300000919A0810919B0820919C0830919D080F
:107F4000AB01BC01401B510B620B730B8091AC0861
:107F50009091AD08B0E0A0E084179507A607B70799
:107F600048F462E070E08C2FDF91CF911F910F9168
:107F70000C94433F63E070E0D111C1CFF4CF70E0C7
:107F800060E0F1CFCF93DF93EC018991882349F032
:107F9000082E000C990B0E94E95AFE01319780834C
:107FA000F4CFDF91CF910895CF93DF93EC018091CF
:107FB0002008909121080097E9F068817981611586
:107FC0007105B1F040912208509123082C813D8128
:107FD0004217530768F00E94165B8C819D81909335
:107FE0002508809324081D821C82DF91CF9108957B
:107FF0000E947F598881998190932108809320085D
:108000008A819B8190932308809322088C819D8193
:108010009093250880932408198218821B821A8263
:10802000E2CFCF93DF93FC0124813581232B71F0C4
:10803000C081D1816AE370E0CE010E94025B0097AB
:1080400029F08C1B9D0BDF91CF9108958FEF9FEF4F
:10805000FACFEF92FF920F931F93CF93DF93CDB799
:10806000DEB7EB970FB6F894DEBF0FBECDBF62EC64
:1080700073E08EEC96E00E94E71B84E4E82EF12C7E
:1080800010E000E0BE016F5F7F4FC7010E94FE1845
:108090008981882309F460C048A159A16AA17BA104
:1080A000CE01C6960E94F61DBE01605F7F4FCE01D5
:1080B000C0960E94461EB801CE018A960E94CA1D33
:1080C00065ED72E0CE0184960E94461EBE01665D9B
:1080D0007F4FCE0184960E94781D6BED72E00E9466
:1080E000621DBE01605D7F4F0E94781D63EE72E0ED
:1080F0000E94621DBE016A5C7F4F0E94781DBC0118
:108100008EEC96E00E94CE1BCE0184960E94F6185B
:10811000CE018A960E94F618CE01C0960E94F618EB
:10812000CE01C6960E94F6180F5F1F4F83E2E80E3D
:10813000F11C0233110509F0A5CF0E940D1CEB962E
:108140000FB6F894DEBF0FBECDBFDF91CF911F9168
:108150000F91FF90EF900895B801CE018A960E948A
:10816000CA1D65ED72E0CE0184960E94461EBE01D6
:10817000665D7F4FCE0184960E94781D6EEE72E0A0
:108180000E94621DBC018EEC96E00E94CE1BCE01C7
:1081900084960E94F618CE018A96C4CFEF92FF9281
:1081A0000F931F93CF93DF93CDB7DEB7C354D1099D
:1081B0000FB6F894DEBF0FBECDBF4FE050E0BC015C
:1081C000CE01C4960E942B5B24961FAE2497CE014D
:1081D000C4960E94C23F84E4E82EF12C10E000E037
:1081E000BE016F5F7F4FC7010E94FE188889811111
:1081F0000BC00F5F1F4F83E2E80EF11C0233110525
:1082000079F70FEF1FEF17C04FE050E0BE01605F3E
:108210007F4FCE0184960E942B5B1BAACE018496D1
:108220000E94C23FBE016C5C7F4FCE0184960E94CB
:108230000D5B892BF1F6C801CD5BDF4F0FB6F894CB
:10824000DEBF0FBECDBFDF91CF911F910F91FF9089
:10825000EF9008951092D1061092D00688EE93E028
:10826000A0E0B0E08093D2069093D306A093D4060A
:10827000B093D50626E832E03093CF062093CE06A1
:108280004DEC50E05093DB064093DA064CEC50E0A6
:108290005093DD064093DC0648EC50E05093DF0637
:1082A0004093DE0649EC50E05093E1064093E0062F
:1082B0004AEC50E05093E3064093E2064EEC50E067
:1082C0005093E5064093E4061092E7061092E80604
:1082D0001092E9061092EA0610926E0710926D074E
:1082E00080936F0790937007A0937107B093720704
:1082F00030936C0720936B0725EC30E030937807C0
:108300002093770724EC30E030937A0720937907A5
:1083100020EC30E030937C0720937B0721EC30E0A9
:1083200030937E0720937D0722EC30E03093800766
:1083300020937F0726EC30E030938207209381075B
:108340001092840710928507109286071092870773
:1083500010920B0810920A0880930C0890930D0855
:10836000A0930E08B0930F0888E992E09093090853
:10837000809308081092B4081092B3088EEB92E034
:108380009093B2088093B10887E28093B50884E1A6
:108390008093BA0884E08093BB081092BC081092C6
:1083A000440810924808109247081092490884EB3C
:1083B00092E09093430880934208EEE5F8E0108243
:1083C000148213821582369688E0EA39F807B9F7E5
:1083D00080E692E09093A5088093A4088CE592E053
:1083E0009093A7088093A60884E08093A8088093C0
:1083F000A90884E692E09093A3088093A2088AE0FB
:1084000090E09093AB088093AA0884EF91E090935A
:10841000AD088093AC081092B0081092AF0810928B
:108420009E0810929F081092A0081092A108109226
:10843000AE088AEA92E0909333088093320885E38D
:108440008093400885E08093410868EC72E08CE2FC
:1084500098E00E94461E68EC72E086E298E00E9476
:10846000461E68EC72E080E298E00E94461E68ECCE
:1084700072E08AE198E00E94461E68E475E084E1BB
:1084800098E00C94461ECF93DF93CDB7DEB7E1970B
:108490000FB6F894DEBF0FBECDBF789484B582606E
:1084A00084BD84B5816084BD85B5826085BD85B598
:1084B000816085BD80916E00816080936E00109216
:1084C0008100809181008260809381008091810091
:1084D0008160809381008091800081608093800022
:1084E0008091B10084608093B1008091B000816080
:1084F0008093B00080919100826080939100809180
:1085000091008160809391008091900081608093C0
:1085100090008091A10082608093A1008091A100D1
:1085200081608093A1008091A00081608093A00071
:1085300080912101826080932101809121018160DD
:10854000809321018091200181608093200180919E
:108550007A00846080937A0080917A0082608093B0
:108560007A0080917A00816080937A0080917A000D
:10857000806880937A001092C10088E199E20FB67A
:10858000F894A895809360000FBE909360008BE6EE
:1085900097E00E94F60E8EEC96E00E94F60EA895EB
:1085A0001FB7F89480915F06811127C0EBE5FAE1CF
:1085B0008491E5E1FAE19491E82FF0E0EE0FFF1FDE
:1085C000EA53F64EA591B491EC91E92321F461E0D0
:1085D00085E30E94261161E085E30E9458118CB565
:1085E00080618CBD8CB580648CBD61E084E30E94A9
:1085F000581161E083E30E94581180915F068F5FFC
:1086000080935F061FBF0E947D1210926706109232
:10861000660610926506109264060E949F168BE211
:108620009FE090936306809362068CE29FE09093B4
:108630006106809360061092B6088091BB08823074
:1086400018F098E09093B6088093B90862E370E060
:1086500080E090E00E94BD116091BC0881EB98E041
:108660000E94641768EE73E080E090E00E94BD1104
:1086700060E381EB98E00E9456180BE416E4C80111
:108680000197F1F760E381EB98E00E945618C8016A
:108690000197F1F760E381EB98E00E94561883E5BB
:1086A00092E00197F1F760E281EB98E00E945618A2
:1086B0006091B608606240E081EB98E00E946F181C
:1086C00084E08093B70840E06CE081EB98E00E9482
:1086D0006F180E94B81882E08093B80840E066E006
:1086E00081EB98E00E946F1840E062E081EB98E037
:1086F0000E946F188BE39FE10197F1F70E944B18DE
:10870000A89562E082E00E94581161E089E00E9431
:10871000581162E083E00E94581161E08AE00E94F3
:10872000581162E08CE00E94581161E088E00E94DC
:10873000581162E084E00E94581160E089E00E94D4
:10874000261160E08AE00E9426116FE676E090E054
:1087500080E00E94C019C0906F06D0907006E09033
:108760007106F0907206A7019601C701B6010E943A
:108770008C58811109C020E030E0A901C701B60181
:108780000E94225687FF0EC010926F06109270064C
:1087900010927106109272066FE676E090E080E02B
:1087A0000E94142462E472E084E090E00E94C01908
:1087B00069EE7AE18BE697E00E94350F4091420224
:1087C00050914302609144027091450222E030E0F2
:1087D0008BE697E00E94A61BC0904202D090430215
:1087E000E0904402F0904502A7019601C701B6014E
:1087F0000E948C58811114C02DEC3CEC4CEC5DE3D4
:10880000C701B6010E94225687FD0AC020E030E071
:1088100040E251E4C701B6010E948758181694F44B
:1088200080E090E0A0E8BFE380934202909343028F
:10883000A0934402B093450262E472E084E090E0C9
:108840000E94142460E2E62E62E0F62E71EBC72E41
:1088500074E0D72E08E010E0C8010E944957882331
:1088600009F4A4C1D7018C930F5F1F4FBFEFEB1A20
:10887000FB0AEFEFCE1ADE0A0C31110569F71092F0
:10888000330263ED7AE18BE697E00E94350F60E2F8
:1088900072E08BE697E00E94BA1B40E1E42E42E0D2
:1088A000F42E5CEAC52E54E0D52EC8010E9449572B
:1088B000882309F47EC1D7018C930F5F1F4FBFEF50
:1088C000EB1AFB0AEFEFCE1ADE0A0C32110569F73C
:1088D00010921F0268E472E08CE290E00E94C019DE
:1088E00062EC7AE18BE697E00E94350F40914802F6
:1088F0005091490260914A0270914B0222E030E0AF
:108900008BE697E00E94A61BC0904802D0904902D7
:10891000E0904A02F0904B02A7019601C701B60110
:108920000E948C58811114C020E030E040E85FE3E1
:10893000C701B6010E94225687FD0AC020E030E43C
:108940004CE156E4C701B6010E948758181694F40A
:1089500080E090E0A8E4B2E480934802909349025A
:10896000A0934A02B0934B0268E472E08CE290E07C
:108970000E94142460E072E080E390E00E949A1963
:108980008091000281110CC06FEB74E080E092E0F6
:108990000E94165B60E072E080E390E00E94782322
:1089A00064EB7AE18BE697E00E94E71BC12CD12CA7
:1089B000760104E410E0BE016F5F7F4FC8010E94A2
:1089C000FE188981882309F4F7C06EEA7AE18BE604
:1089D00097E00E94350FC701B6010E94411A67EA6D
:1089E0007AE18BE697E00E94350FBE016F5F7F4F03
:1089F0008BE697E00E94791C6FE97AE18BE697E0BD
:108A00000E94350FBE01605F7F4F8BE697E00E94AA
:108A1000791C64E97AE18BE697E00E94350F48A162
:108A200059A16AA17BA122E030E08BE697E00E9489
:108A3000A61B0D5D1F4FFFEFCF1ADF0AEF0AFF0ADB
:108A40000A3127E0120709F0B6CF68E372E080E44C
:108A500090E00E94C019C0903802D0903902E09096
:108A60003A02F0903B02A7019601C701B6010E94AD
:108A70008C58811113C020E030E0A901C701B60174
:108A80000E94225687FD0AC020E030E048EC52E404
:108A9000C701B6010E948758181674F41092380264
:108AA0001092390210923A0210923B0268E372E08F
:108AB00080E490E00E9414246CE67AE18BE697E073
:108AC0000E94350F409138025091390260913A026C
:108AD00070913B0223E030E08BE697E00E94A61BFA
:108AE00083E79AE190934D0280934C0280916A0053
:108AF0008C7F826080936A00EC9A81E29FE0909381
:108B00004F0280934E0280916A00837F8860809339
:108B10006A00ED9A60E082E00E94861866E07BE1E0
:108B200081EB98E00E94350F61E087E00E94861893
:108B30006EEF7AE181EB98E00E94350F11E022247C
:108B40002A94322CA8958BE697E00E94B70F7C01FF
:108B5000892B09F44CC08BE697E00E94950F209179
:108B60003008309131088A3011F08D30B1F5232B67
:108B700051F36CE278E0CE0184960E942C1ECE0167
:108B800084960E94861C88A599A5892B21F0CE0188
:108B900084960E94AB27CE0184960E94F61868EC5A
:108BA00072E08CE298E00E94C01DCDCFF60180817A
:108BB00059CEF60180817FCE6EE87AE18BE697E0B0
:108BC0000E94350FC701B6010E94411A66E87AE19A
:108BD0008BE697E00E94E71B2CCF2837310508F081
:108BE000B2CF682F8CE298E00E948B1DACCF0E9420
:108BF000EF118090C9069090CA06A090CB06B09065
:108C0000CC06681979098A099B0960337547810583
:108C1000910548F169E17BE18BE697E00E94350F11
:108C20006091410270E090E080E00E94411A6AE3A6
:108C30008BE697E00E942E0F6091400270E090E07A
:108C400080E00E94411A66EC72E08BE697E00E9499
:108C5000E6190E94EF116093C9067093CA068093CB
:108C6000CB069093CC060E94EF118090C5069090A1
:108C7000C606A090C706B090C806681979098A0987
:108C80009B09603E73498440910508F45DC0809162
:108C9000C406811159C00E94FF2460E089E00E944F
:108CA00026110E94B81860E080E00E94861865E7EF
:108CB0007DE181EB98E00E94350F61E080E00E9449
:108CC000861865E67DE181EB98E00E94350F61E052
:108CD00088E00E94261168EC70E080E090E00E943D
:108CE000BD1160E088E00E94261168EE73E080E02C
:108CF00090E00E94BD110E94B8181092C006109218
:108D0000C1061092C2061092C3061092BC061092C1
:108D1000BD061092BE061092BF0605E010E0A895B1
:108D200064E670E080E090E00E94BD1101501109FE
:108D3000B1F788E198E00FB6F894A89580936000A9
:108D40000FBE90936000FFCF0E94E42A8091BB0683
:108D5000882319F00E946610F5CE8091BA06811121
:108D6000F9CF7090B9067110F5CF0E949B1F8091CA
:108D7000B80681113EC48091C4068111A3C00E942F
:108D8000EF1180906A0690906B06A0906C06B090F0
:108D90006D06681979098A099B0968357240810551
:108DA000910508F45AC00E94EF116093C5067093B4
:108DB000C6068093C7069093C80660E080E00E94D4
:108DC000861864E875E081EB98E00E94791CC090F9
:108DD0001808D090190880916806909169068E0D48
:108DE0009F1DB6010E9491585C0160E08E2D0E948B
:108DF00086188091180890911908A816B90638F4B9
:108E0000E0911408F0911508309709F00BC3109207
:108E1000CD06EDECF6E0608181EB98E00E942E0F2C
:108E2000BFEFEB1AFB0AE4E1EE16F104A1F6809124
:108E30006806909169060196B6010E949158909338
:108E40006906809368060E94EF1160936A0670932A
:108E50006B0680936C0690936D0661E089E00E943A
:108E6000261161E080E00E94861866E57DE181EBD5
:108E700098E00E94350F62E080E00E9486186CE462
:108E80007DE181EB98E00E94350F63E080E00E9475
:108E9000861860E47DE181EB98E00E94350F4091F7
:108EA000C0065091C1066091C2067091C3062AE0C7
:108EB00081EB98E00E94F5196CE37DE181EB98E08D
:108EC0000E94350F8CE00E94FA10892B09F08CC3A8
:108ED0008091C40681112DC36091BC067091BD06BE
:108EE0008091BE069091BF0620E030E048E452E455
:108EF0000E94875887FD1DC30E94EF116093C5062D
:108F00007093C6068093C7069093C80663E27DE11E
:108F10008BE697E00E94E71B61E08AE00E94261141
:108F200061E088E00E94261168EC70E080E090E04B
:108F30000E94BD1160E088E00E9426116091BC068D
:108F40007091BD068091BE069091BF066093B406F5
:108F50007093B5068093B6069093B70620914802A9
:108F60003091490240914A0250914B020E94E657CB
:108F70006093B0067093B1068093B2069093B306E7
:108F80000E94B81860E080E00E9486186BE17DE1E5
:108F900081EB98E00E94350F4091B0065091B106E8
:108FA0006091B2067091B30622E030E081EB98E068
:108FB0000E94A41B1092BC061092BD061092BE0621
:108FC0001092BF061092C0061092C1061092C206FF
:108FD0001092C3060E94C2241093C4060E94EF118F
:108FE0006093C5067093C6068093C7069093C80623
:108FF0000E94B81860E080E00E94861864E67BE179
:1090000081EB98E00E94350F61E08AE00E94261112
:1090100060E089E00E9426111092AC061092AD0625
:109020001092AE061092AF061092A8061092A906F2
:109030001092AA061092AB061092A7061092A606EE
:109040000E94EF1160937406709375068093760604
:1090500090937706109278062091B0063091B10671
:109060004091B2065091B3066091AC067091AD0686
:109070008091AE069091AF060E94225687FF5EC196
:10908000A8950E94EF11C0907406D0907506E090EC
:109090007606F09077066C197D098E099F09683E67
:1090A000734081059105C0F20E943B3F6091A60686
:1090B0007091A706072E000C880B990B0E94295669
:1090C0002091420230914302409144025091450266
:1090D0000E94E65720E030E040E752E40E94E65765
:1090E0002091A8063091A9064091AA065091AB069E
:1090F0000E947A576B017C01C092A806D092A90603
:10910000E092AA06F092AB06C092AC06D092AD06F1
:10911000E092AE06F092AF062091480230914902EB
:1091200040914A0250914B020E9488562B013C010B
:109130008091A6069091A706892B09F076C120910F
:10914000B0063091B1064091B2065091B306C70106
:10915000B6010E94225687FF68C180916E068F5F1C
:1091600080936E06883008F067C11092A7061092AF
:10917000A6060E94EF1160937406709375068093A3
:1091800076069093770621E23FE030934F022093DA
:109190004E0280916A00837F886080936A00ED9A16
:1091A0008090AC069090AD06A090AE06B090AF0651
:1091B00020913402309135024091360250913702AD
:1091C000C501B4010E9479576B017C0120E030E0B9
:1091D000A9010E94875818160CF033C12AE037ED18
:1091E00043E25CE3C701B6010E94875887FF34C1A0
:1091F0002091B0063091B1064091B2065091B3066D
:10920000C501B4010E94875887FF26C18090AC0633
:109210009090AD06A090AE06B090AF06C090B0069C
:10922000D090B106E090B206F090B3068091780637
:1092300081111AC0209138023091390240913A02CE
:1092400050913B02C701B6010E9479579B01AC01C6
:10925000C501B4010E94875887FD06C010937806A7
:1092600060E08AE00E942611A7019601C501B401C1
:109270000E94875887FDF0CE60E08AE00E942611A8
:1092800060E089E00E942611209148023091490255
:1092900040914A0250914B02C701B6010E94885684
:1092A0006B017C01AC019B0160916F0670917006AF
:1092B00080917106909172060E947A5760936F06B2
:1092C0007093700680937106909372060E94C22478
:1092D0008090B0069090B106A090B206B090B30610
:1092E0006DE17BE18BE697E00E94350F22E030E0F4
:1092F000B701A6018BE697E00E94A41B6AE38BE608
:1093000097E00E942E0F23E030E0B501A4018BE628
:1093100097E00E94A41B6AE38BE697E00E942E0F61
:10932000409148025091490260914A0270914B026B
:1093300022E030E08BE697E00E94A61B10927806B0
:109340000E943B3F81E29FE090934F0280934E0248
:1093500080916A00837F886080936A00ED9A60E064
:109360008AE00E94261160E089E00E9426110E9496
:10937000B81860E085E00E94861863E37BE181EB2A
:1093800098E00E94350F61E084E00E94861867E251
:109390007BE181EB98E00E94350F68EE73E080E09E
:1093A00090E00E94BD111092C40660E08AE00E9425
:1093B00026110E94B8180E94FF241092C006109235
:1093C000C1061092C2061092C3061092BC061092FB
:1093D000BD061092BE061092BF061092B4061092FF
:1093E000B5061092B6061092B7061092AC0610920F
:1093F000AD061092AE061092AF061092B006109213
:10940000B1061092B2061092B3061092A8061092FE
:10941000A9061092AA061092AB061092A706109207
:10942000A60698CCEA0DFB1DF6CC10926E061093A2
:1094300041021093400299CE1092410210924002D4
:1094400094CE2AE037ED43E25CEBC701B6010E94FF
:10945000225618160CF4CCCE0E94B81860E080E0BA
:109460000E94861869E57BE181EB98E00E94350F48
:109470004091B4065091B5066091B6067091B7065A
:1094800022E030E081EB98E00E94A41B61E080E0E4
:109490000E9486186AE47BE181EB98E00E94350F18
:1094A0004091B0065091B1066091B2067091B3063A
:1094B00022E030E081EB98E00E94A41B62E085E0AE
:1094C0000E94861864E47BE181EB98E00E94350FEE
:1094D0004091AC065091AD066091AE067091AF061A
:1094E00022E030E081EB98E00E94A41B63E085E07D
:1094F0000E9486186FE37BE181EB98E00E94350FB4
:1095000022E030E0B301A20181EB98E00E94A41BAD
:109510008091AC069091AD06A091AE06B091AF06D9
:109520008093340290933502A0933602B0933702B1
:109530006DCE6091C0067091C1068091C206909177
:10954000C306611571058105910509F44DC00E949E
:10955000275620E030E048E452E40E94225687FF7C
:1095600043C00E94EF116093C5067093C6068093B6
:10957000C7069093C8060E94B81860E080E00E9479
:1095800086186EE07DE181EB98E00E94350F61E086
:1095900080E00E94861868E07DE181EB98E00E94FF
:1095A000350F4091C0065091C1066091C20670917E
:1095B000C3062AE081EB98E00E94F51961E088E09B
:1095C0000E94261168EC70E080E090E00E94BD11DE
:1095D00060E088E00E94261168EE73E080E090E091
:1095E0000E94BD110E94B8188091B806882309F422
:1095F000B1CB1093AE080E94EF11C0909E08D0909E
:109600009F08E090A008F090A108AB01BC014C19A4
:109610005D096E097F098091AA089091AB08B0E0BE
:10962000A0E084179507A607B70708F0B3C1F12C8F
:109630008091A808F81660F4E091A408F091A508BC
:10964000EF0DF11D62E080810E945811F394F0CF7C
:10965000612C8091A908681608F063C0E62CF12CF3
:10966000E091A608F091A708EE0DFF1D61E0808152
:109670000E945811E091A608F091A708EE0DFF1D79
:1096800060E080810E94261181E090E0A0E0B0E0DF
:10969000062C04C0880F991FAA1FBB1F0A94D2F77B
:1096A0005C016C01C094D094512C8091A80858168C
:1096B00008F5852C912CE091A408F091A508E80DFF
:1096C000F91D80810E94FA10D4011496FD01EE0F5D
:1096D000FF1FEE5BF74F892B41F4808191818A292E
:1096E0009B29918380835394E0CF808191818C2149
:1096F0009D21F7CFE091A608F091A708EE0DFF1D80
:1097000061E080810E9426118091A6089091A708AF
:10971000E80EF91E60E0F70180810E945811639401
:1097200098CF92E4A92E98E0B92E7501D7015F96E3
:109730008D919C919097892B49F45C961C925C9733
:109740005E963C922E925D9791961C92B6E0EB0E3F
:10975000F11CEEE7EE16E8E0FE0641F7912C809151
:10976000A808981608F053C0812CC92CD12CCC0C19
:10977000DD1C9601265B374F69012091A9088216EE
:1097800008F043C0D6016D917C91082C02C07695FB
:1097900067950A94E2F7929E90011124280D311DDD
:1097A000E2E4F8E080E0458D568D2417350709F492
:1097B0000CC68F5F36968A30B1F760FF24C0E2E4B2
:1097C000F8E090E080E0448D411118C0E091A208DB
:1097D000F091A308E20FF31F4081B6E0B89FF001BB
:1097E000B99FF00D1124EE5BF74F448F368F258F14
:1097F00010A2178E61E00E94663F05C00196369662
:109800008A30910501F78394B8CF9394A8CFF501DE
:1098100081A18111782EF6E0AF0EB11CEA14FB0491
:10982000B1F70E94EF1160939E0870939F08809398
:10983000A0089093A108772009F4ACC08091630838
:10984000882309F4A7C0809161089091620801976C
:1098500009F0A0C000915E08002309F49DC00E9499
:10986000EF116093C5067093C6068093C706909368
:10987000C8060E94EF116093A2067093A30680931E
:10988000A4069093A50661E088E00E94261164E694
:1098900070E080E090E00E94BD1160E088E00E94EE
:1098A0002611023431F51092B8061092A1061092DA
:1098B000A00630924702209246020E94EF11609368
:1098C000A2067093A3068093A4069093A5060E9417
:1098D000B81860E080E00E94861867EF7CE181EBB9
:1098E00098E00E94350F68EE73E080E090E00E94FF
:1098F000BD118091A106882309F40BC1013409F040
:109900004BC01092A1061093A00668EC72E08AE1A9
:1099100098E00E94C01D0E94EF1160939C06709316
:109920009D0680939E0690939F060E94EF11609380
:10993000A2067093A3068093A4069093A5060E94A6
:10994000B81860E080E00E94861867EE7CE181EB49
:1099500098E00E94350F61E080E00E94861865EE75
:109960007CE181EB98E00E94350F62E080E00E948C
:10997000861861ED7CE181EB98E00E94350F63E091
:1099800080E00E94861861EC7CE181EB98E00E9407
:10999000350F02C01092AE088091A006882309F40A
:1099A0006AC00E94EF11C0909C06D0909D06E09086
:1099B0009E06F0909F066C197D098E099F09603301
:1099C00075478105910508F456C00E94B81862E1F8
:1099D0007CE181EB98E00E94350F60EB74E080E061
:1099E00090E00E94BD111092A0061093A10668ECB1
:1099F00072E08AE198E00E94C01D0E94EF1160931E
:109A0000A2067093A3068093A4069093A5060E94D5
:109A1000B81860E080E00E9486186BE07CE181EB82
:109A200098E00E94350F68E876E081EB98E00E94AC
:109A3000791C61E080E00E9486186FEF7BE181EB8A
:109A400098E00E94350F40919806509199066091D8
:109A50009A0670919B0622E030E081EB98E00E942C
:109A6000A41B63E080E00E9486186AEE7BE181EB34
:109A700098E00E94350F8091B806882309F46AC9DE
:109A80000E94EF11C090A206D090A306E090A40619
:109A9000F090A5066C197D098E099F0968387341FD
:109AA0008105910508F456C91092B8061092A106D6
:109AB0001092A006309247022092460268EC72E0B3
:109AC0008AE198E00E94C01D0E94B81860E080E022
:109AD0000E9486186DED7BE181EB98E00E94350FC6
:109AE00061E080E00E9486186EEC7BE181EB98E0FB
:109AF0000E94350F61E088E00E94261164EF71E05A
:109B000080E090E00E94BD1160E088E00E94261194
:109B100021C9023429F51092B8061092A00630929D
:109B20004702209246020E94EF116093A2067093B2
:109B3000A3068093A4069093A5060E94B81860E03F
:109B400080E00E94861860EB7CE181EB98E00E9447
:109B5000350F68EE73E080E090E00E94BD111CCFED
:109B60008091A006882309F486CF033209F000C44F
:109B70008AE198E00E94861C80911E0890911F083F
:109B8000892B09F061C061E088E00E94261164E63B
:109B900070E080E090E00E94BD1160E088E00E94EB
:109BA00026110E94B81863EA7CE181EB98E00E94DC
:109BB000350F60EB74E080E090E00E94BD111092E0
:109BC000A0061093A10668EC72E08AE198E00E947A
:109BD000C01D0E94EF116093A2067093A3068093AC
:109BE000A4069093A5060E94B81860E080E00E9449
:109BF00086186CE97CE181EB98E00E94350F68E8FB
:109C000076E081EB98E00E94791C61E080E00E94A0
:109C1000861860E97CE181EB98E00E94350F409165
:109C200098065091990660919A0670919B0622E0E1
:109C300030E081EB98E00E94A41B63E080E00E948A
:109C400086186BE77CE1A1CE8AE198E00E947B1C3C
:109C50006B017C0120E030E048E452E40E9422568F
:109C600087FF41C061E088E00E94261164E670E051
:109C700080E090E00E94BD1160E088E00E94261123
:109C80000E94B81869E67CE181EB98E00E94350FEC
:109C900060EB74E080E090E00E94BD1168EC72E03F
:109CA0008AE198E00E94C01D61E080E00E94861871
:109CB00067E67CE181EB98E00E94350F0E94EF118E
:109CC00060939C0670939D0680939E0690939F06DA
:109CD0000E94EF116093A2067093A3068093A406DE
:109CE0009093A50659CEA7019601609198067091B0
:109CF000990680919A0690919B060E94225687FFB2
:109D000029C061E088E00E94261164E670E080E0EE
:109D100090E00E94BD1160E088E00E9426110E9440
:109D2000B81867E57CE181EB98E00E94350F60EBA5
:109D300074E080E090E00E94BD1168EC72E08AE17E
:109D400098E00E94C01D61E080E00E94861865E5F1
:109D50007CE1B0CF1092A0062091480230914902D8
:109D600040914A0250914B02C701B6010E94E6574A
:109D70006093B0067093B1068093B2069093B306D9
:109D8000C092B406D092B506E092B606F092B7063D
:109D90000E94B81860E080E00E9486186DE47CE1C3
:109DA00081EB98E00E94350F4091B0065091B106CA
:109DB0006091B2067091B30622E030E081EB98E04A
:109DC0000E94A41B61E080E00E94861863E47CE1AD
:109DD00081EB98E00E94350F60EB74E080E090E04A
:109DE0000E94BD111093C40660E089E00E94261114
:109DF000109278060E94B81860E080E00E948618F1
:109E00006EEB7BE181EB98E00E94350F61E08AE028
:109E10000E9426111092AC061092AD061092AE066A
:109E20001092AF061092A8061092A9061092AA06E8
:109E30001092AB061092A7061092A6060E94EF1190
:109E400060937406709375068093760690937706F8
:109E5000409048025090490260904A0270904B0234
:109E60008091420290914302A0914402B091450238
:109E70008AA79BA7ACA7BDA7A8950E94EF11C09089
:109E80007406D0907506E0907606F09077066C190F
:109E90007D098E099F09683E73408105910560F335
:109EA0000E943B3F6091A6067091A706072E000C0A
:109EB000880B990B0E9429562AA53BA54CA55DA5A8
:109EC0000E94E65720E030E040E752E40E94E65767
:109ED0002091A8063091A9064091AA065091AB06A0
:109EE0000E947A576B017C01C092A806D092A90605
:109EF000E092AA06F092AB06C092AC06D092AD06F4
:109F0000E092AE06F092AF06AC019B01C301B20134
:109F10000E9488566EA77FA788AB99AB8091A60652
:109F20009091A706892B09F09DC12091B006309130
:109F3000B1064091B2065091B306C701B6010E9426
:109F4000225687FF8FC1809173068F5F80937306BF
:109F5000883008F08EC11092A7061092A6060E94C3
:109F6000EF11609374067093750680937606909354
:109F70007706E1E2FFE0F0934F02E0934E0280911A
:109F80006A00837F886080936A00ED9A8090AC06B7
:109F90009090AD06A090AE06B090AF0620913C0226
:109FA00030913D0240913E0250913F02C501B40103
:109FB0000E9479576B017C0120E030E0A9010E94EA
:109FC000875818160CF05AC12AE037ED43E25CE3DB
:109FD000C701B6010E94875887FF5BC12091B00678
:109FE0003091B1064091B2065091B306C501B4015B
:109FF0000E94875887FF4DC18090AC069090AD06B7
:10A00000A090AE06B090AF06C090B006D090B1065A
:10A01000E090B206F090B3068091780681111AC0E4
:10A02000209138023091390240913A0250913B021E
:10A03000C701B6010E9479579B01AC01C501B4016B
:10A040000E94875887FD06C01093780660E08AE07A
:10A050000E942611A5019401C701B6010E94225653
:10A0600018160CF409CF60E08AE00E942611A301C3
:10A070009201C701B6010E9488566B017C01AC01B8
:10A080009B01609198067091990680919A06909133
:10A090009B060E9479576093980670939906809367
:10A0A0009A0690939B06A701960160916F067091A6
:10A0B000700680917106909172060E947A576093A3
:10A0C0006F067093700680937106909372062091CC
:10A0D00046023091470283E2E9E7F6E0DE0111969D
:10A0E00001900D928A95E1F743E2429FC001439FA0
:10A0F000900D1124BE016F5F7F4F8C5B9F4F0E94BC
:10A10000671F0E94C2248090B0069090B106A09074
:10A11000B206B090B30667E77BE18BE697E00E945A
:10A12000350F69E776E08BE697E00E94791C6AE3D9
:10A130008BE697E00E942E0F22E030E0B701A601E7
:10A140008BE697E00E94A41B6AE38BE697E00E94EF
:10A150002E0F23E030E0B501A4018BE697E00E94CA
:10A16000A41B6AE38BE697E00E942E0F4091480201
:10A170005091490260914A0270914B0222E030E016
:10A180008BE697E00E94A61B109278060E943B3F48
:10A1900021E23FE030934F0220934E0280916A000B
:10A1A000837F886080936A00ED9A60E08AE00E9475
:10A1B000261160E089E00E9426110E94B81860E034
:10A1C00085E00E9486186DE87BE181EB98E00E94B3
:10A1D000350F61E084E00E94861861E87BE181EB45
:10A1E00098E00E94350F68EE73E080E090E00E94F6
:10A1F000BD111092C4060E94B81860E080E00E9471
:10A2000086186CE37CE181EB98E00E94350F68E8EA
:10A2100076E081EB98E00E94791C61E080E00E948A
:10A22000861860E37CE181EB98E00E94350F409155
:10A2300098065091990660919A0670919B0622E0CB
:10A2400030E081EB98E00E94A41B68EB7BE080E0AB
:10A2500090E00E94BD111092B80630924702209201
:10A260004602A9C81092730610934102109340024F
:10A2700072CE10924102109240026DCE2AE037ED6C
:10A2800043E25CEBC701B6010E94225618160CF49B
:10A29000A5CE0E94B81860E080E00E94861863EBAB
:10A2A0007BE181EB98E00E94350F4091B40650911C
:10A2B000B5066091B6067091B70622E030E081EBFA
:10A2C00098E00E94A41B61E080E00E94861864EA86
:10A2D0007BE181EB98E00E94350F4091B0065091F0
:10A2E000B1066091B2067091B30622E030E081EBD6
:10A2F00098E00E94A41B62E085E00E9486186EE947
:10A300007BE181EB98E00E94350F4091AC065091C3
:10A31000AD066091AE067091AF0622E030E081EBB1
:10A3200098E00E94A41B63E085E00E94861869E91A
:10A330007BE181EB98E00E94350F22E030E04EA5F2
:10A340005FA568A979A981EB98E00E94A41B809180
:10A35000AC069091AD06A091AE06B091AF06809389
:10A360003C0290933D02A0933E02B0933F0244CE44
:10A370000A3269F468EC72E08AE198E00E94C01D3C
:10A3800061E080E00E9486186FE17CE193CC802F31
:10A39000002E000C990BC0970A9708F002CB602F93
:10A3A0008AE198E00E948B1D61E080E00E9486189F
:10A3B00040911E0850911F0860911A0870911B0867
:10A3C00081EB98E00E94590F79CC617014CA84E146
:10A3D00098E00E94F6188AE198E00E94F61880E260
:10A3E00098E00E94F61886E298E00E94F6188CE247
:10A3F00098E00C94F618EF920F931F93CF93DF938E
:10A40000E80134E047FD34E1042E000C550B57FF02
:10A4100003C0519541955109E32E022F242FAE011F
:10A420000E944252CE01DF91CF911F910F91EF9088
:10A430000895662777270C94BB53BB274A3031F425
:10A44000992322F4BDE2909581959F4F0C94295257
:10A45000BB27FB015527AA27880F991FAA1FA417FE
:10A4600010F0A41B83955051B9F7A05DAA3308F0F2
:10A47000A95DA193009779F7B111B1931192CB0126
:10A480000C9412568F929F92AF92BF92CF92DF920E
:10A49000EF92FF920F931F93CF93DF9300D000D0E2
:10A4A00000D0CDB7DEB76A01F22EB02E102FFBE33D
:10A4B000AF2EA01608F41BE31F5F012F27E0AE01AB
:10A4C0004F5F5F4F0E941955BC018981982F997089
:10A4D000913009F44EC09BE2E1FC04C09E2D9170C6
:10A4E000E0FC49C05E2D5071E82FE87083FF55C035
:10A4F00084E0911101C083E0EF2DE81B8F1508F077
:10A50000E0E0D6018E2F20E25523C9F1992329F0EE
:10A51000D6019C93C60101966C0196012D5F3F4FB9
:10A52000E2FE33C08EE4D6018C9391E411969C93A5
:10A53000119712968C93D9018E2F90E281112AC027
:10A54000E20FF32FF11D10828EEF9FEF29960FB6C9
:10A55000F894DEBF0FBECDBFDF91CF911F910F9159
:10A56000FF90EF90DF90CF90BF90AF909F908F9033
:10A5700008959DE2B7CF90E2B5CF2D938150811120
:10A58000FCCFCE0ED11CE0E0C1CF8EE6D6018C937D
:10A5900091E6CCCF9D938150D1CF482F447082FF5C
:10A5A0003DC084E0911101C083E08F1510F4EF2DC0
:10A5B000E81BD6018E2F20E2552309F1992329F0BB
:10A5C000D6019C93C60101966C0196012D5F3F4F09
:10A5D000E2FE1BC089E4D6018C938EE411968C9325
:10A5E000119786E412968C93D9018E2F90E28823DE
:10A5F00009F4A6CF9D938150FACF2D9381508111FC
:10A60000FCCFCE0ED11CE0E0D9CF89E6D6018C93E9
:10A610008EE611968C93119786E6E4CF9B0177FF27
:10A6200002C030E020E0A1E0B0E0911102C0B0E053
:10A63000A0E0F9013196AE0FBF1F8B2C912CBB20EF
:10A6400009F461C05401EFEFAE1ABE0AAA0DBB1D9A
:10A65000FA161B0619F014F04F2D4A1B511188C031
:10A66000E3FC59C07601A42FB0E2A1114FC0C40E83
:10A67000D11C992309F45BC040E0D6011196F60184
:10A6800090836D01552309F448C0012F060F9A816C
:10A69000582F507184FF03C0913309F401501016F4
:10A6A0000CF047C0093008F008E0EEE2FE2E5B0136
:10A6B000A01AB10885019194819491082F3F320727
:10A6C00029F4D601FC92F60131966F0162177307E7
:10A6D00094F1021713077CF5DB01A21BB30BAA242C
:10A6E000A394B12CAC0EBD1EAA0DBB1D11968C916E
:10A6F00021503109D601119628153905F4F0F601DB
:10A7000080836D01DBCFB12CA12CA0CFF701B193D9
:10A710007F01A150AACF9111B0CFD601942F50E361
:10A7200002C05D9391509111FCCFC40ED11C40E04A
:10A73000ACCF01E0BACF80E3DBCF6217730731F40F
:10A74000963388F4953311F4552369F0F60180832C
:10A75000FD01842F90E2811108C0A40FB11D1C924D
:10A7600090E080E0F3CE81E3F1CF91938150F3CF7D
:10A77000911183CF8ACF8F929F92AF92BF92CF9247
:10A78000DF92EF92FF920F931F93CF93DF935C01C1
:10A790007B016115710519F0DB018D939C93850197
:10A7A0000F5F1F4FF501D0818D2F90E00E94F15572
:10A7B0006C01892BB9F5DD32B9F50F5F1F4FD5015B
:10A7C0001196DC91C1E05801F1E0AF1AB10843E005
:10A7D00050E064EA71E0C5010E94FA55892B69F5E1
:10A7E000680182E0C80ED11C45E050E06FE971E0DD
:10A7F000C6010E94FA55892B21F4680197E0C90E21
:10A80000D11CE114F10419F0D701CD92DC9260E083
:10A8100070E080E89FEFC111FFC060E070E080E869
:10A820009FE7FAC05801BBCFDB3229F485010E5FE8
:10A830001F4FF501D181C0E0C6CF43E050E06CE985
:10A8400071E0C5010E94FA55892BE9F0F80110E08A
:10A8500000E020E030E0A9015F01B0ED8B2E8D0E0D
:10A8600089E08815C8F19C2E689491F88C2F887027
:10A87000C2FF16C0811102C00F5F1F4F3196D50174
:10A88000DC91C92DE9CFE114F10429F00E5F1F4FCF
:10A89000F7011183008360E070E080EC9FE7BCC0AB
:10A8A000882311F001501109A5E0B0E00E945F5724
:10A8B0009B01AC01220F331F441F551F280D311D72
:10A8C000411D511D283999E93907490799E159076F
:10A8D000A8F2C6609C2ED2CFAEEF8A1206C0C3FD8E
:10A8E0003CC09C2E689493F8C9CFDF7DD534A9F580
:10A8F00080818D3239F4C061DF011296818162E07E
:10A9000070E006C0DF018B32C1F3119661E070E0A8
:10A9100080535D01A61AB70A8A30F8F4E0E8CE1633
:10A92000ECE0DE065CF4B601660F771F660F771F5A
:10A93000C60ED71ECC0CDD1CC80ED11C5D01FFEF6E
:10A94000AF1ABF0A8C9180538A30A8F1C4FF03C0AC
:10A95000D194C194D1080C0D1D1DC1FF09C0E11493
:10A96000F10431F081E0A81AB108D701AD92BC9290
:10A97000CA01B9010E942756C370C33009F4905828
:10A980004B015C0120E030E0A9010E94225688239F
:10A9900009F440C0C3EDD1E017FF05C01195019542
:10A9A0001109CBEBD1E06E01B8E1CB1AD10880E2FE
:10A9B000E82EF12C0FC0D501B1CFFE0125913591C4
:10A9C000459154910E191F09C501B4010E94885682
:10A9D0004B015C01D501C4010E151F0574F72497C6
:10A9E000F594E794CC16DD06A9F78A2F880F8B2FF4
:10A9F000881F8F3F49F020E030E0A901C501B40174
:10AA00000E942256811106C082E290E09093BE0817
:10AA10008093BD08C501B401DF91CF911F910F91C3
:10AA2000FF90EF90DF90CF90BF90AF909F908F906E
:10AA30000895283008F027E03327DA01990F311DF7
:10AA400087FD916000966105710539F432602E5FD3
:10AA50003D9330E32A95E1F708959F3F30F0803829
:10AA60007105610509F03C5F3C5F3D93913008F052
:10AA70008068911DDF93CF931F930F93FF92EF9206
:10AA8000192F987F9695E92F96959695E90FFF27B0
:10AA9000EF5CFD4F99273327EE24FF24A701E70140
:10AAA00005900894079428F4360FE71EF81E491FF6
:10AAB000511D660F771F881F991F0694A1F70590F7
:10AAC000079428F4E70EF81E491F561FC11D770F83
:10AAD000881F991F661F0694A1F70590079428F414
:10AAE000F80E491F561FC71FD11D880F991F661FDB
:10AAF000771F0694A1F70590079420F4490F561F7D
:10AB0000C71FD81F990F661F771F881F0694A9F7C4
:10AB100084911095177041F0D695C7955795479534
:10AB2000F794E7941A95C1F7E7EDF1E06894159072
:10AB3000159135916591959105907FE27395E11896
:10AB4000F10A430B560BC90BD009C0F7E10CF11EFB
:10AB5000431F561FC91FD01D7EF4703311F48A9510
:10AB6000E6CFE894015030F0080F0AF400270217EE
:10AB700008F4202F2395022F7A3328F079E37D9370
:10AB80002A95E9F710C07D932A9589F60694979542
:10AB90006795379517951794E118F10A430B560BF3
:10ABA000C90BD00998F023957E9173957A3308F0FC
:10ABB00070E37C932013B8F77E9170617D9330F041
:10ABC000839571E37D9370E32A95E1F71124EF906B
:10ABD000FF900F911F91CF91DF91992787FD90955D
:10ABE000089591110C94F556803219F089508550D2
:10ABF000C8F70895FB01DC014150504088F08D9169
:10AC000081341CF08B350CF4805E659161341CF04E
:10AC10006B350CF4605E861B611171F3990B08951E
:10AC2000881BFCCFDC01FC01672F71917723E1F7D2
:10AC3000329704C07C916D9370836291AE17BF0709
:10AC4000C8F308950E94645608F481E00895E894DA
:10AC500009C097FB3EF490958095709561957F4F64
:10AC60008F4F9F4F9923A9F0F92F96E9BB27939512
:10AC7000F695879577956795B795F111F8CFFAF422
:10AC8000BB0F11F460FF1BC06F5F7F4F8F4F9F4F53
:10AC900016C0882311F096E911C0772321F09EE8B1
:10ACA000872F762F05C0662371F096E8862F70E017
:10ACB00060E02AF09A95660F771F881FDAF7880FF1
:10ACC0009695879597F90895990F0008550FAA0B47
:10ACD000E0E8FEEF16161706E807F907C0F01216AF
:10ACE0001306E407F50798F0621B730B840B950BB2
:10ACF00039F40A2661F0232B242B252B21F4089507
:10AD00000A2609F4A140A6958FEF811D811D0895A3
:10AD10000E949B560C940F570E94015738F00E94D6
:10AD2000085720F0952311F00C94F8560C94FE5619
:10AD300011240C9443570E94205770F3959FC1F340
:10AD4000950F50E0551F629FF001729FBB27F00DD9
:10AD5000B11D639FAA27F00DB11DAA1F649F66272E
:10AD6000B00DA11D661F829F2227B00DA11D621F7D
:10AD7000739FB00DA11D621F839FA00D611D221F37
:10AD8000749F3327A00D611D231F849F600D211D1B
:10AD9000822F762F6A2F11249F5750409AF0F1F09E
:10ADA00088234AF0EE0FFF1FBB1F661F771F881F07
:10ADB00091505040A9F79E3F510580F00C94F856F1
:10ADC0000C9443575F3FE4F3983ED4F38695779510
:10ADD0006795B795F795E7959F5FC1F7FE2B880FAD
:10ADE000911D9695879597F9089599278827089535
:10ADF00097F99F6780E870E060E008959FEF80EC2E
:10AE0000089500240A9416161706180609060895D0
:10AE100000240A9412161306140605060895092E36
:10AE20000394000C11F4882352F0BB0F40F4BF2BA5
:10AE300011F460FF04C06F5F7F4F8F4F9F4F0895E5
:10AE400057FD9058440F551F59F05F3F71F04795DB
:10AE5000880F97FB991F61F09F3F79F087950895C0
:10AE6000121613061406551FF2CF4695F1DF08C0DF
:10AE7000161617061806991FF1CF869571056105FC
:10AE800008940895E894BB2766277727CB0197F9A4
:10AE90000895F999FECF92BD81BDF89A992780B5A2
:10AEA0000895262FF999FECF1FBA92BD81BD20BD0E
:10AEB0000FB6F894FA9AF99A0FBE019608950E9477
:10AEC0006A57A59F900DB49F900DA49F800D911D72
:10AED00011240895A29FB001B39FC001A39F700DDC
:10AEE000811D1124911DB29F700D811D1124911D92
:10AEF00008955058BB27AA270E9491570C940F57CA
:10AF00000E94015738F00E94085720F039F49F3F03
:10AF100019F426F40C94FE560EF4E095E7FB0C941D
:10AF2000F856E92F0E94205758F3BA1762077307A3
:10AF30008407950720F079F4A6F50C9442570EF497
:10AF4000E0950B2EBA2FA02D0B01B90190010C0139
:10AF5000CA01A0011124FF27591B99F0593F50F451
:10AF6000503E68F11A16F040A22F232F342F4427A9
:10AF7000585FF3CF469537952795A795F0405395A1
:10AF8000C9F77EF41F16BA0B620B730B840BBAF071
:10AF90009150A1F0FF0FBB1F661F771F881FC2F7DC
:10AFA0000EC0BA0F621F731F841F48F487957795F0
:10AFB0006795B795F7959E3F08F0B0CF9395880FAA
:10AFC00008F09927EE0F9795879508950E94FA57F4
:10AFD0000C940F570E94085758F00E94015740F0F8
:10AFE00029F45F3F29F00C94F85651110C94435703
:10AFF0000C94FE560E94205768F39923B1F3552311
:10B0000091F3951B550BBB27AA276217730784077B
:10B0100038F09F5F5F4F220F331F441FAA1FA9F311
:10B0200035D00E2E3AF0E0E832D091505040E695FF
:10B03000001CCAF72BD0FE2F29D0660F771F881F60
:10B04000BB1F261737074807AB07B0E809F0BB0B53
:10B05000802DBF01FF2793585F4F3AF09E3F510567
:10B0600078F00C94F8560C9443575F3FE4F3983E05
:10B07000D4F3869577956795B795F7959F5FC9F750
:10B08000880F911D9695879597F90895E1E0660FD1
:10B09000771F881FBB1F621773078407BA0720F04A
:10B0A000621B730B840BBA0BEE1F88F7E0950895B3
:10B0B0000E94285788F09F5798F0B92F9927B751C9
:10B0C000B0F0E1F0660F771F881F991F1AF0BA954C
:10B0D000C9F714C0B13091F00E944257B1E0089511
:10B0E0000C944257672F782F8827B85F39F0B93F03
:10B0F000CCF3869577956795B395D9F73EF49095FF
:10B100008095709561957F4F8F4F9F4F08950E9456
:10B11000645608F48FEF08950E946456880B990BCB
:10B12000089597FB072E16F4009407D077FD09D0F9
:10B130000E94CF5807FC05D03EF4909581959F4F13
:10B140000895709561957F4F0895A1E21A2EAA1B6C
:10B15000BB1BFD010DC0AA1FBB1FEE1FFF1FA217C7
:10B16000B307E407F50720F0A21BB30BE40BF50BC4
:10B17000661F771F881F991F1A9469F7609570954D
:10B18000809590959B01AC01BD01CF010895EE0F14
:10B19000FF1F881F8BBF0790F691E02D1994AA1B03
:10B1A000BB1B51E107C0AA1FBB1FA617B70710F0B2
:10B1B000A61BB70B881F991F5A95A9F780959095E4
:10B1C000BC01CD0108950F931F93CF93DF9382307D
:10B1D000910510F482E090E0E091C108F091C2087E
:10B1E00030E020E0B0E0A0E0309799F4211531057F
:10B1F00009F44AC0281B390B24303105D8F58A815F
:10B200009B816115710589F1FB0193838283FE01A6
:10B2100011C0408151810281138148175907E0F024
:10B220004817590799F4109761F012960C931297EA
:10B2300013961C933296CF01DF91CF911F910F91FE
:10B2400008950093C1081093C208F4CF2115310569
:10B2500051F04217530738F0A901DB019A01BD01F3
:10B26000DF01F801C1CFEF01F9CF9093C2088093BD
:10B27000C108CDCFFE01E20FF31F819391932250BD
:10B28000310939832883D7CF2091BF083091C00876
:10B29000232B41F420917602309177023093C0083D
:10B2A0002093BF0820917402309175022115310559
:10B2B00041F42DB73EB74091780250917902241B9A
:10B2C000350BE091BF08F091C008E217F307A0F436
:10B2D0002E1B3F0B2817390778F0AC014E5F5F4FEC
:10B2E0002417350748F04E0F5F1F5093C008409356
:10B2F000BF08819391939FCFF0E0E0E09CCFCF9384
:10B30000DF930097E9F0FC01329713821282A0913B
:10B31000C108B091C208ED0130E020E01097A1F41F
:10B3200020813181820F931F2091BF083091C00886
:10B330002817390709F061C0F093C008E093BF08EF
:10B34000DF91CF910895EA01CE17DF07E8F54A8132
:10B350005B819E0141155105B1F7E901FB83EA8349
:10B3600049915991C40FD51FEC17FD0761F48081F5
:10B3700091810296840F951FE901998388838281C8
:10B3800093819B838A83F0E0E0E012968D919C91FB
:10B3900013970097B9F52D913C911197CD01029625
:10B3A000820F931F2091BF083091C00828173907DA
:10B3B00039F6309751F51092C2081092C108B09337
:10B3C000C008A093BF08BCCFD383C2834081518102
:10B3D000840F951FC817D90761F44E5F5F4F8881AE
:10B3E0009981480F591F518340838A819B819383A0
:10B3F00082832115310509F0B0CFF093C208E093A4
:10B40000C1089ECFFD01DC01C0CF13821282D7CFCD
:10B410004F925F926F927F928F929F92AF92BF9264
:10B42000CF92DF92EF92FF920F931F93CF93DF9310
:10B430008C01009799F4CB01DF91CF911F910F916F
:10B44000FF90EF90DF90CF90BF90AF909F908F9044
:10B450007F906F905F904F900C94E358FC01E60F43
:10B46000F71F9C0122503109E217F30708F4AEC020
:10B47000D901CD91DC911197C617D70720F1C530BE
:10B48000D10578F0CE0104978617970750F0C61BB8
:10B49000D70B2297C193D1936D937C93CF010E94D8
:10B4A0007F59C801DF91CF911F910F91FF90EF90CD
:10B4B000DF90CF90BF90AF909F908F907F906F90D4
:10B4C0005F904F9008955B01AC1ABD0A4C018C0E41
:10B4D0009D1EA091C108B091C208512C412CF12CA5
:10B4E000E12C109731F58091BF089091C008881524
:10B4F000990509F05CC04616570608F058C08091BF
:10B50000740290917502009741F48DB79EB74091F7
:10B51000780250917902841B950BE817F90708F01F
:10B5200055C0F093C008E093BF08F90171836083B0
:10B53000B8CF8D919C91119712966C90129713969B
:10B540007C901397A815B90559F56C0142E0C40E1B
:10B55000D11CCA14DB0420F1AC014A195B09DA01E1
:10B560001296159780F06282738251834083D901CD
:10B570006D937C93E114F10471F0D7011396FC9361
:10B58000EE9312978ECF22968C0F9D1FF901918317
:10B590008083F301EFCFF093C208E093C10881CF1D
:10B5A0004816590608F42C017D01D3019ACFCB012E
:10B5B0000E94E3587C01009749F0AE01B8010E9457
:10B5C000F95AC8010E947F5987016BCF10E000E053
:10B5D00068CF9111089581548A5108F4805E855A8C
:10B5E00008959111089581568A5108F48052855822
:10B5F0000895FB01DC0102C001900D9241505040C2
:10B60000D8F70895FC018191861721F08823D9F796
:10B61000992708953197CF010895FB01DC018D91A1
:10B62000019080190110D9F3990B0895FB01DC01F9
:10B6300001900D920020E1F70895FB01DC014150DB
:10B64000504030F08D910190801919F40020B9F725
:10B65000881B990B0895FB01DC014150504048F0D4
:10B6600001900D920020C9F701C01D924150504039
:10B67000E0F708951EE0C2ECDEE000E006C0802F97
:10B68000FE010E94C7582196011DC33CD10780E0EE
:08B690000807A9F7F894FFCFA9
:10B6980031323334000000000000000000000000D8
:10B6A80031343038000000000000000000000000C5
:10B6B8002B323535373433303938343932000000DD
:10B6C80000000000000080BF9A99993E000080BFEA
:10B6D80001010000F040FFFF00004842200F200F4A
:10B6E800200F200F200F200F200F200F3A3B3C3D4A
:10B6F8003E3F4041313233413435364237383943A1
:10B708002A3023440000C3088000000040001400D1
:10B71800540000000000F90F590F860F4610B70FAC
:10B72800950FA90F00000000351708175318DE16EB
:10B738000117EE16DF1600000000F7149914FB112C
:10B748000000000094115411231100000000C318D8
:10B75800590F53182D0F0D0A006E616E00696E6641
:10B76800006F766600536C6F7420003A204E616D4E
:10B77800653D002C2042616C616E63653D003A2096
:10B78800456D7074790070726F636573734361728D
:10B79800645363616E3A205461673D002C204C6508
:10B7A8006E6774683D0050726F63657373696E6786
:10B7B8002052464944207363616E3A205461673DC4
:10B7C800004552524F523A53746F72616765204672
:10B7D800756C6C20284D6178200020636172647359
:10B7E8002900535543434553533A436172642053E8
:10B7F800617665642C204E616D653A002C204261AB
:10B808006C616E63653A00454550524F4D20777222
:10B81800697465206661696C656420666F7220755D
:10B8280073657250617373776F7264212052657407
:10B838007279696E672E2E2E00454550524F4D2065
:10B848007772697465206661696C656420666F72D9
:10B8580020637573746F6D50617373776F726421B1
:10B86800205265747279696E672E2E2E0070726987
:10B8780063650050524943450063616C66616374B7
:10B888006F720043414C464143544F52006E6577F6
:10B8980070617373007573657270617373006261B0
:10B8A8006C616E63650072657365740073657470AE
:10B8B800686F6E650053455450484F4E45004144EB
:10B8C800444341524400456E746572202741444404
:10B8D800434152443A3C6E616D653E3A3C62616C4C
:10B8E800616E63653E270041444442414C414E43EA
:10B8F800450044454C455445434152440044454C59
:10B90800455445414C4C43415244530043415244F1
:10B918004C495354006578697400455849540043AC
:10B9280041524453594E433A004341524444454CD2
:10B938003A0053455454494E47533A00313430384D
:10B94800002B323535373433303938343932003119
:10B958003233340050415353574F52443A007072B7
:10B9680065636C6F736500505245434C4F534500F7
:10B97800414444434152443A0041444442414C41C9
:10B988004E43453A00535543434553533A42616C3D
:10B99800616E636520557064617465642C204E6126
:10B9A8006D653A002C204E65772042616C616E63AC
:10B9B800653A0044454C455445434152443A004495
:10B9C800454C455445414C4C43415244533A00433D
:10B9D8004F4E54494E55450044757261626C65205E
:10B9E80057617465722056656E6428442E572E562A
:10B9F800293A20576173696C69616E61206E6173C1
:10BA0800693A202B32353520373433203039382005
:06BA18003439322E20003B
:00000001FF
