:100000000C944C0E0C9462270C9437270C940C27FC
:100010000C94E1260C94B6260C948B260C94602646
:100020000C9435260C948D270C948D270C948D27D9
:100030000C947D0E0C947D0E0C947D0E0C947D0E14
:100040000C947D0E0C947D0E0C947D0E0C947D0E04
:100050000C947D0E0C947D0E0C947D0E0C94EB256F
:100060000C947D0E0C94B5250C948B250C947D0E70
:100070000C947D0E0C947D0E0C947D0E0C947D0ED4
:100080000C947D0E0C947D0E0C947D0E0C947D0EC4
:100090000C9455250C942B250C947D0E0C949727CD
:1000A0000C947D0E0C947D0E0C947D0E0C947D0EA4
:1000B0000C947D0E0C947D0E0C947D0E0C947D0E94
:1000C0000C947D0E0C947D0E0C947D0E0C947D0E84
:1000D0000C947D0E0C947D0E0C947D0E0C947D0E74
:1000E0000C947D0E0C9494100C94410F0C9486107B
:1000F0000C94D3130C94DF0E0C94320F0C94CF108D
:100100000C94CA0E0C94B1130C945D100C949010C6
:100110000C94630F0C94A2100C94C0130C947810E0
:100120000C9400110C949E100C9407140C94C90E9E
:100130000C94550F0C9425150C948A100C94581699
:100140000C9440110C94DA130C946B100C946F10F7
:100150000C949D100C9482100C94E2280C94721054
:100160000C94050F0C94B0130C94E33D0C947C108C
:100170000C94E00E0C9463100C9428150C946710EA
:100180000C94A50F0C94F20F0C9498100C94CB0EB9
:100190004E414E494E495459494E46CDCCCC3D0A6C
:1001A000D7233C17B7D13877CC2B329595E6241F4F
:1001B000B14F0A000020410000C84200401C462008
:1001C000BCBE4CCA1B0E5AAEC59D7400407A10F3DB
:1001D0005A00A0724E18090010A5D4E80000E87675
:1001E00048170000E40B54020000CA9A3B000000CC
:1001F000E1F505000080969800000040420F0000E5
:1002000000A08601000000102700000000E80300A5
:100210000000006400000000000A0000000000016F
:1002200000000000002C76D888DC674F0823DFC16F
:10023000DFAE59E1B1B796E5E3E453C63AE651992A
:100240007696E8E6C28426EB898C9B62ED407C6F53
:10025000FCEFBC9C9F40F2BAA56FA5F490055A2A0A
:10026000F75C936B6CF9676DC11BFCE0E40D47FE16
:10027000F520E6B500D0ED902E030094357705000B
:1002800080841E080000204E0A000000C80C333392
:1002900033330F986E12831141EF8D2114893BE6A1
:1002A0005516CFFEE6DB18D1844B381BF77C1D902A
:1002B0001DA4BBE424203284725E228100C9F12493
:1002C000ECA1E53D27494D4546414E494B49574133
:1002D000210057656B612050494E2E2E2E00414E55
:1002E00047414C49412053494D55002020202020B2
:1002F0002020200053414C494F3A54736820004855
:100300004954494C41465520494D45544F4B454170
:1003100021004B41524942552054454E4100415322
:10032000414E54452053414E41005052452D434CBF
:100330004F53452041435449564500547A3A004CA6
:100340003A004A554D4C413A5473682000494E4199
:10035000544F41204D414A492E2E2E00576173695A
:100360006C69616E612041646D696E004D41534856
:10037000494E4520494D4546554E475741000000DE
:100380002100240027002A002D0030003300010145
:100390000000040107010A010000220025002800D6
:1003A0002B002E003100340002010000050108017D
:1003B0000B01000020002300260029002C002F0044
:1003C00032000001000003010601090105050505D1
:1003D000070508080808020202020A0A08080404BD
:1003E00004040101010101010101030303030303EB
:1003F0000303040707070C0C0C0C0C0C0C0C02027A
:10040000020206060606060606060B0B0B0B0B0B76
:100410000B0B010210202008081020401020408003
:1004200002010201080402010102040810204080B8
:100430008040201008040201800402018040201046
:10044000080402010804020101020408102040808F
:10045000010204081020408000000A0B02090C0D64
:100460000E08070304010000000000000000000067
:10047000000000000000000000000000000000007C
:100480000000000012111000000000000000000039
:10049000000000000000000000000000000055689F
:1004A000616D6973686F3A206A756D6C612079615E
:1004B000207A616D616E69206B75746F6B6120616C
:1004C0006E77616E69207961206177616C69202D9A
:1004D0003E20574C3A200020532E572E5620200005
:1004E000534D4427732057415445522056454E449E
:1004F00000200053656E642064656661756C74202D
:100500006F72206E65772070617373776F72642EDF
:100510000050617373776F72642072657365742025
:10052000746F2064656661756C7421004C6F6E6732
:1005300020707265737320646574656374656421EB
:100540000020002000496E76616C696420636F6D45
:100550006D616E64212053656E642027707269633B
:1005600065272C202763616C666163746F72272C8A
:1005700020276E657770617373272C206F72202798
:1005800065786974272E0000456E74657265642075
:1005900050617373776F7264204368616E67652082
:1005A0004D6F64653B2053656E64206E65772070E7
:1005B000617373776F72642028757020746F2031B7
:1005C000352063686172616374657273290020006D
:1005D0002000436F6E746163743A202B32353537D7
:1005E00036373833303331392E005448414E4B536F
:1005F00020464F52205452555354494E4720534D94
:100600004427732057617465722056656E647300C9
:1006100052657475726E656420746F20576F726BCB
:10062000204D6F64652E002000416C6C2064617465
:100630006120736176656421004F722073656E647A
:1006400020277072696365272C202762616C616EB8
:100650006365272C2027707265636C6F7365272C88
:1006600020277265736574272C20276E657770616B
:100670007373272C206F72202765786974272E00EA
:1006800000456E74657265642043616C69627261D5
:1006900074696F6E20466163746F72204D6F64657C
:1006A0003A2053656E642063616C6962726174699B
:1006B0006F6E20666163746F722028652E672E2C22
:1006C0002073656E6420312E30290020004F722087
:1006D00073656E64202763616C666163746F722753
:1006E0002C202762616C616E6365272C2027707255
:1006F00065636C6F7365272C20277265736574279B
:100700002C20276E657770617373272C206F722001
:100710002765786974272E0000456E7465726564DC
:1007200020507269636520506572204C697465724F
:10073000204D6F64653A2053656E64207072696362
:100740006520706572206C697465722028652E675B
:100750002E2C2073656E642035302E302900200049
:100760002000496E76616C696420636F6D6D616E07
:1007700064212053656E6420277072696365272C9D
:100780002027707265636C6F7365272C2027636167
:100790006C666163746F72272C20277265736574B1
:1007A000272C20276E657770617373272C206F725A
:1007B000202765786974272E0000456E7465726580
:1007C000642050617373776F7264204368616E6751
:1007D00065204D6F64653B2053656E64206E6577C0
:1007E0002070617373776F72642028757020746F46
:1007F000203135206368617261637465727329000A
:1008000020002000436F6E746163742055733A209A
:100810002B3235353736373833303331392E0054B3
:1008200048414E4B5320464F522054525553544941
:100830004E4720534D4427732057617465722056EC
:10084000656E64730052657475726E656420746FB2
:1008500020576F726B204D6F64652E00416C6C20C9
:10086000646174612073617665642100200020005A
:1008700053656E6420277072696365272C20276397
:10088000616C666163746F72272C202770726563D8
:100890006C6F7365272C20276E65777061737327E3
:1008A0002C206F72202765786974272E0000546F02
:1008B00074616C2053616C6573206E6F773A2054BD
:1008C000736820000053616C6573207265736574F2
:1008D000210020004F722073656E642027707269BA
:1008E0006365272C202762616C616E6365272C206D
:1008F00027707265636C6F7365272C202772657390
:100900006574272C20276E657770617373272C2000
:100910006F72202765786974272E0000456E746514
:100920007265642043616C6962726174696F6E20E4
:10093000466163746F72204D6F64653A2053656E33
:10094000642063616C6962726174696F6E206661B4
:1009500063746F722028652E672E2C2073656E6479
:1009600020312E30290020004F722073656E6420E4
:100970002763616C666163746F72272C2027626144
:100980006C616E6365272C2027707265636C6F73D2
:1009900065272C20277265736574272C20276E65C8
:1009A0007770617373272C206F72202765786974C4
:1009B000272E0000456E746572656420507269636D
:1009C0006520506572204C69746572204D6F6465B6
:1009D0003A2053656E642070726963652070657299
:1009E000206C697465722028652E672E2C20736533
:1009F0006E642035302E30290020002000496E76AC
:100A0000616C696420636F6D6D616E642120536554
:100A10006E64202773617665272C202770726963C6
:100A200065272C2027707265636C6F7365272C20F7
:100A30002763616C666163746F72272C2027626183
:100A40006C616E6365272C20277265736574272C93
:100A500020276E657770617373272C206F722027B3
:100A600065786974272E002000436F6E746163748B
:100A70003A202B3235353736373833303331392E4B
:100A8000005448414E4B5320464F52205452555328
:100A900054494E4720534D44277320576174657263
:100AA0002056656E64730052657475726E656420BD
:100AB000746F20576F726B204D6F64652E00416C10
:100AC0006C2064617461207361766564210020008C
:100AD00000456E74657265642050617373776F7240
:100AE00064204368616E6765204D6F64653A2053EA
:100AF000656E64206E65772070617373776F7264C2
:100B00002028757020746F20313520636861726110
:100B100063746572732900200000546F74616C2047
:100B200053616C6573206E6F773A205473682000B0
:100B30000053616C65732072657365742120536581
:100B40006E6420277072696365272C202763616CAF
:100B5000666163746F72272C20276E6577706173EE
:100B600073272C206F72202765786974272E002048
:100B70000053656E6420277072696365272C2027F7
:100B800063616C666163746F72272C2027726573D2
:100B90006574272C20276E657770617373272C206E
:100BA0006F72202765786974272E0000546F746176
:100BB0006C2053616C65733A205473682000004FB9
:100BC000722073656E6420277072696365272C201C
:100BD0002762616C616E6365272C202770726563E4
:100BE0006C6F7365272C20277265736574272C2022
:100BF000276E657770617373272C206F72202765CD
:100C0000786974272E0000456E7465726564204310
:100C1000616C6962726174696F6E20466163746FA2
:100C200072204D6F64653A2053656E642063616C79
:100C30006962726174696F6E20666163746F72209D
:100C400028652E672E2C2073656E6420312E302986
:100C50000020004F722073656E64202763616C660C
:100C60006163746F72272C202762616C616E63650B
:100C7000272C2027707265636C6F7365272C2027E3
:100C80007265736574272C20276E657770617373A6
:100C9000272C206F72202765786974272E00004565
:100CA0006E74657265642050726963652050657268
:100CB000204C69746572204D6F64653A2053656EEF
:100CC0006420707269636520706572206C69746558
:100CD000722028652E672E2C2073656E64203530B7
:100CE0002E30290020002000416C6C20646174616A
:100CF000207361766564212053656E6420277072CD
:100D0000696365272C202763616C666163746F7269
:100D1000272C20276E657770617373272C2027702E
:100D20007265636C6F7365272C202762616C616E3E
:100D30006365272C20277265736574272C206F72DA
:100D4000202765786974272E0020002000506173E9
:100D500073776F7264206D75737420626520342020
:100D6000746F2031352063686172616374657273DA
:100D7000212054727920616761696E2E0053656E7F
:100D80006420277072696365272C20277072656361
:100D90006C6F7365272C202763616C666163746FC9
:100DA00072272C202762616C616E6365272C2027D7
:100DB0007265736574272C206F72202765786974BB
:100DC000272E00200050617373776F726420636870
:100DD000616E67656420616E64207361766564216D
:100DE00000496E76616C69642076616C75652120BE
:100DF000302E30202D2031302E30206F6E6C790057
:100E0000200053656E6420277072696365272C206B
:100E100027707265636C6F7365272C202763616C84
:100E2000666163746F72272C20276E65777061731B
:100E300073272C206F72202765786974272E000095
:100E400020005072652D436C6F7365204F6666738A
:100E500065742073657420262073617665643A207A
:100E6000002000496E76616C69642063616C696280
:100E7000726174696F6E20666163746F72212053B2
:100E8000656E642061206E756D62657220626574A6
:100E90007765656E20302E3120616E642031302EF2
:100EA000302C20277072696365272C202762616CC3
:100EB000616E6365272C20277265736574272C206B
:100EC000276E657770617373272C206F72202765FA
:100ED000786974272E0053656E64202770726963E9
:100EE00065272C27707265636C6F7365272C20272C
:100EF00062616C616E6365272C202772657365746F
:100F0000272C20276E657770617373272C206F72F2
:100F1000202765786974272E00200043616C696280
:100F2000726174696F6E20466163746F72207365BD
:100F30007420616E642073617665643A200020003D
:100F4000456E74657265642050617373776F726467
:100F5000204368616E6765204D6F64653A20536574
:100F60006E64206E65772070617373776F72642092
:100F700028757020746F2031352063686172616359
:100F800074657273290020002000436F6E746163E2
:100F9000743A202B323535373637383330333139E0
:100FA0002E005448414E4B5320464F522054525528
:100FB0005354494E4720534D44277320576174655D
:100FC000722056656E64730052657475726E656446
:100FD00020746F20576F726B204D6F64652E004137
:100FE0006C6C2064617461207361766564210020FB
:100FF00000200053656E6420277072696365272C9A
:101000002027707265636C6F7365272C20276361DE
:101010006C666163746F72272C20276E6577706130
:101020007373272C206F72202765786974272E0030
:1010300000546F74616C2053616C6573206E6F7720
:101040003A2054736820000053616C657320726508
:101050007365742100200053656E642027707269E7
:101060006365272C2027707265636C6F7365272C6E
:10107000202763616C666163746F72272C2027726E
:1010800065736574272C20276E65777061737327ED
:101090002C206F72202765786974272E0000546F0A
:1010A00074616C2053616C65733A2054736820003E
:1010B000004F722073656E64202763616C66616304
:1010C000746F72272C2027707265636C6F736527AD
:1010D0002C202762616C616E6365272C2027726566
:1010E000736574272C20276E657770617373272CC6
:1010F000206F72202765786974272E0000456E7472
:101100006572656420507269636520506572204C79
:1011100069746572204D6F64653A2053656E642072
:10112000707269636520706572206C6974657220E5
:1011300028652E672E2C2073656E642035302E3086
:10114000290020002000496E76616C69642070726D
:1011500069636520706572206C6974657221205323
:10116000656E642061206E756D62657220626574C3
:101170007765656E203120616E642031303030300B
:101180002E302C202763616C666163746F72272C8C
:10119000202762616C616E6365272C20277265735E
:1011A0006574272C20276E657770617373272C2058
:1011B0006F72202765786974272E0053656E64204E
:1011C000277072696365272C2027707265636C6FC6
:1011D0007365272C202763616C666163746F7227C7
:1011E0002C202762616C616E6365272C2027726555
:1011F000736574272C20276E657770617373272CB5
:10120000206F72202765786974272E0020005072A5
:1012100069636520706572204C697465722073651E
:101220007420616E642073617665643A205473683B
:1012300020002000436F6E746163743A202B3235B6
:10124000353736373833303331392E005448414E34
:101250004B5320464F52205452555354494E472029
:10126000534D4427732057617465722056656E6430
:10127000730052657475726E656420746F20576FC9
:10128000726B204D6F64652E00416C6C206461743C
:101290006120736176656421002000200053656E33
:1012A0006420277072696365272C2027707265633C
:1012B0006C6F7365272C202763616C666163746FA4
:1012C00072272C20276E657770617373272C206F2F
:1012D00072202765786974272E0000546F74616C42
:1012E0002053616C6573206E6F773A2054736820C9
:1012F000000053616C657320726573657421002072
:101300000053656E6420277072696365272C20275F
:10131000707265636C6F7365272C202763616C6640
:101320006163746F72272C20277265736574272C94
:1013300020276E657770617373272C206F722027CA
:1013400065786974272E0000546F74616C205361B6
:101350006C65733A2054736820000000456E746514
:101360007265642050617373776F726420436861A3
:101370006E6765204D6F64653A2053656E64206E1C
:1013800065772070617373776F72642028757020A1
:10139000746F2031352063686172616374657273A4
:1013A000290020004F722073656E642027707269D7
:1013B0006365272C2027707265636C6F7365272C1B
:1013C000202762616C616E6365272C20277265732C
:1013D0006574272C20276E657770617373272C2026
:1013E0006F72202765786974272E0000456E74653A
:1013F0007265642043616C6962726174696F6E200A
:10140000466163746F72204D6F64653A2053656E58
:10141000642063616C6962726174696F6E206661D9
:1014200063746F722028652E672E2C2073656E649E
:1014300020312E30290020004F722073656E642009
:101440002763616C666163746F72272C202770724A
:1014500065636C6F7365272C202762616C616E6316
:1014600065272C20277265736574272C20276E65ED
:101470007770617373272C206F72202765786974E9
:10148000272E0000456E7465726564205072696392
:101490006520506572204C69746572204D6F6465DB
:1014A0003A2053656E6420707269636520706572BE
:1014B000206C697465722028652E672E2C20736558
:1014C0006E642035302E30290020002000496E76D1
:1014D000616C696420636F6D6D616E64212053657A
:1014E0006E6420277072696365272C2027707265EF
:1014F000636C6F73652C27202763616C666163746E
:101500006F72272C202762616C616E6365272C2027
:10151000277265736574272C20276E657770617359
:1015200073272C206F72202765786974272E00207E
:101530000053656E6420277072696365272C20272D
:10154000707265636C6F7365272C202763616C660E
:101550006163746F72272C20276E657770617373D7
:10156000272C206F72202765786974272E0000537E
:10157000656E64206E65772076616C7565202865E0
:101580002E672E20302E3329206F72202765786930
:1015900074270043757272656E74206F666673659A
:1015A000743A2000456E7465726564205072652D32
:1015B000436C6F7365204F6666736574204D6F646E
:1015C000650020002000436F6E74616374207573A2
:1015D0003A202B3235353736373833303331392EE0
:1015E000005448414E4B5320464F522054525553BD
:1015F00054494E4720534D442773205761746572F8
:101600002056656E64730052657475726E65642051
:10161000746F20576F726B204D6F64652E00416CA4
:101620006C20646174612073617665642100200020
:10163000200053656E6420277072696365272C2033
:101640002763616C666163746F72272C2027707248
:1016500065636C6F7365272C20276E6577706173E7
:1016600073272C206F72202765786974272E00203D
:1016700000546F74616C2053616C6573206E6F77DA
:101680003A205473682000200053616C6573207207
:101690006573657421002000200053656E64202767
:1016A0007072696365272C202763616C66616374BF
:1016B0006F72272C2027707265636C6F7365272CFF
:1016C00020277265736574272C20276E65777061FB
:1016D0007373272C206F72202765786974272E007A
:1016E0002000546F74616C2053616C65733A205410
:1016F0007368200020002000456E746572656420C8
:1017000050617373776F7264204368616E67652000
:101710004D6F64653A2053656E64206E6577207066
:10172000617373776F72642028757020746F203135
:1017300035206368617261637465727329002000EB
:10174000004F722073656E6420277072696365278D
:101750002C2027707265636C6F7365272C202762BD
:10176000616C616E6365272C202772657365742731
:101770002C20276E657770617373272C206F722081
:101780002765786974272E0000456E74657265645C
:101790002043616C6962726174696F6E2046616397
:1017A000746F72204D6F64653A2053656E642063D8
:1017B000616C6962726174696F6E20666163746FD7
:1017C000722028652E672E2C2073656E6420312EC2
:1017D0003029000020004F722073656E642027635B
:1017E000616C666163746F72272C20277072656369
:1017F0006C6F7365272C202762616C616E636527AF
:101800002C20277265736574272C20276E657770EE
:10181000617373272C206F72202765786974272ED7
:10182000002000456E7465726564205072696365BE
:1018300020506572204C69746572204D6F64653A62
:101840002053656E64207072696365207065722034
:101850006C697465722028652E672E2C2073656E66
:10186000642035302E30290020002000507265732E
:101870007320726573657420627574746F6E206670
:101880006F722035207365636F6E647320746F20F0
:1018900072657665727420746F2064656661756C1C
:1018A000742070617373776F72642E00436F6E746F
:1018B00061637420746865206F776E657220666F4F
:1018C00072206675727468657220617373697374CF
:1018D000616E63652E00496E636F7272656374207A
:1018E00070617373776F726421205472792061671D
:1018F00061696E206F72200020004F722073656E48
:1019000064202762616C616E63652720746F2063B9
:101910006865636B2062616C616E63652C20277063
:101920007265636C6F73652720746F207365742014
:1019300056616C766520636C6F73652C2027726529
:101940007365742720746F207265736574207361EA
:101950006C65732C206F722027657869742720745A
:101960006F2072657475726E20746F20576F726B82
:10197000204D6F64652E00200053656E6420277033
:10198000726963652720746F206368616E676520E4
:10199000707269636520706572206C697465722C61
:1019A000202763616C666163746F722720746F20F7
:1019B0006368616E67652063616C696272617469F6
:1019C0006F6E20666163746F722C20276E6577706E
:1019D0006173732720746F206368616E6765207080
:1019E000617373776F72642E0020005072652D430F
:1019F0006C6F7365204F6666736574206C6F6164ED
:101A000065643A2000200043616C69627261746908
:101A10006F6E20466163746F723A2000200050722E
:101A200069636520706572204C697465723A205450
:101A300073682000200043757272656E74204461E3
:101A400074613A002000534D442773205761746538
:101A5000722056656E64733A20576173696C6961D0
:101A60006E61206E6173693A202B32353537363717
:101A70003833303331392E002000436F6E74616388
:101A8000743A202B323535373637383330333139E5
:101A90002E005448414E4B5320464F52205452552D
:101AA0005354494E4720534D442773205761746562
:101AB000722056656E64730052657475726E65644B
:101AC00020746F20576F726B204D6F64652E00423B
:101AD0006C7565746F6F74682069646C65207469D7
:101AE0006D656F757420726561636865642E204151
:101AF0006C6C2064617461207361766564210052AE
:101B0000657475726E696E6720746F20576F726BA3
:101B100000426C7565746F6F74682054696D656FF1
:101B2000757400202020202020202020202020004C
:101B3000494E4154554D41204F4D42490054736820
:101B40003A202020202020202020202020004B4947
:101B5000415349204B49444F474F0020202020202B
:101B6000202020202000233A54756D6120423A47FE
:101B70006861697269005473683A004E414D424190
:101B80003A20202020202020202020004E414D42BD
:101B900041205349205341484948492000202020F2
:101BA0002020202020202020202020202000233A38
:101BB0004F4B20423A476861697269004E414D427D
:101BC000413A005473683A20004F4E47455A41202D
:101BD00053414C494F0053414C494F205473683A8C
:101BE00000527564692062616164617965004D41EC
:101BF00054454E47454E455A4F00576173696C69CD
:101C0000616E612041646D696E004D415348494EDB
:101C10004520494D4546554E475741005741534988
:101C20004C49414E41204E41204D4D494C494B4974
:101C30000056414C564520494D455348494E44575E
:101C4000412120202000574153494C49414E412019
:101C50004E41204D4D4C494B490056414C56452074
:101C6000494D455348494E445741210020202020EA
:101C7000202020200053414C494F3A5473682000E3
:101C8000484954494C41465520494D45544F4B45D0
:101C900041210000E228E33D11241FBECFEFD1E235
:101CA000DEBFCDBF00E00CBF27E0ACE0B4E001C078
:101CB0001D92A537B207E1F714E0A0E0B2E0ECE234
:101CC000FFE800E00BBF02C007900D92AC30B107F7
:101CD000D9F71EE0CBE4DEE000E006C02197010961
:101CE000802FFE010E942145CA34D10780E00807F9
:101CF000A9F70E94EF290C9484470C940000FC0182
:101D0000A089B18982E08C93A485B5851C92A685B3
:101D1000B7858FEC8C93108EA489B58986E08C935F
:101D2000A289B3898C9180618C93A289B3898C91AB
:101D300088608C93A289B3898C9180688C93028887
:101D4000F389E02D80818F7D8083089596E0899FBF
:101D5000D0011124AC50B94F90967C936E935F974D
:101D600091E091969C939197E0916107F0916207C1
:101D700090916007992339F0309751F0811108C094
:101D8000809110071994309719F05C968C91FACFD6
:101D90000895089508958091650590916605A09134
:101DA0006705B09168050196A11DB11D8093650579
:101DB00090936605A0936705B0936805089508950C
:101DC0000895EF92FF920F931F93CF93DF938C01AF
:101DD0007B01D0E0C0E0F701EC0FFD1F64916623AA
:101DE00061F0D801ED91FC910190F081E02DC801E6
:101DF0001995892B11F02196EECFCE01DF91CF916D
:101E00001F910F91FF90EF900895AF92BF92CF92E4
:101E1000DF92EF92FF920F931F93CF93DF936C01AA
:101E20007B018B01040F151FEB015E01AE18BF088B
:101E3000C017D10759F06991D601ED91FC9101903D
:101E4000F081E02DC6011995892B79F7C501DF9145
:101E5000CF911F910F91FF90EF90DF90CF90BF90A7
:101E6000AF900895FC01538D448D252F30E0842FD1
:101E700090E0821B930B541710F0CF9608950197B2
:101E80000895FC01918D828D981761F0A28DAE0F9F
:101E9000BF2FB11D5D968C91928D9F5F9F73928F26
:101EA00090E008958FEF9FEF0895FC01918D828D52
:101EB000981731F0828DE80FF11D858D90E008951F
:101EC0008FEF9FEF0895FC01918D228D892F90E077
:101ED000805C9F4F821B91098F739927089580E939
:101EE00095E00E94630F21E0892B09F420E0822F06
:101EF00008958DE296E00E94630F21E0892B09F49A
:101F000020E0822F0895FC01A48DA80FB92FB11DE8
:101F1000A35ABF4F2C91848D90E001968F7399271F
:101F2000848FA689B7892C93A089B1898C918370FD
:101F300080648C93938D848D981306C00288F389F6
:101F4000E02D80818F7D80830895EF92FF920F9323
:101F50001F93CF93DF93EC0181E0888F9B8D8C8D55
:101F600098131AC0E889F989808185FF15C09FB749
:101F7000F894EE89FF896083E889F989808183700C
:101F8000806480839FBF81E090E0DF91CF911F91BB
:101F90000F91FF90EF900895F62E0B8D10E00F5FDC
:101FA0001F4F0F731127E02E8C8D8E110CC00FB6B2
:101FB00007FCFACFE889F989808185FFF5CFCE014A
:101FC0000E94830FF1CFEB8DEC0FFD2FF11DE35A33
:101FD000FF4FF0829FB7F8940B8FEA89FB898081CD
:101FE0008062CFCFCF93DF93EC01888D8823B9F047
:101FF000AA89BB89E889F9898C9185FD03C0808114
:1020000086FD0DC00FB607FCF7CF8C9185FFF2CF90
:10201000808185FFEDCFCE010E94830FE9CFDF9154
:10202000CF91089580E090E0892B29F00E94790FEC
:1020300081110E94000080E090E0892B29F00E942D
:102040006F0F81110E94000080E090E0892B49F021
:1020500080E090E0892B29F00E94000081110E940D
:10206000000080E090E0892B49F080E090E0892B2F
:1020700029F00E94000081110C9400000895815005
:10208000823108F05AC0E82FF0E08827E55BFF4E68
:102090008F4F0C9421456B106F105D10631067100B
:1020A0009D10721078107C10821086108A1090108B
:1020B00094109D1098109E10A210809180008F7730
:1020C000809380000895809180008F7DF9CF80916A
:1020D0008000877FF5CF84B58F7784BD089584B560
:1020E0008F7DFBCF8091B0008F778093B0000895F3
:1020F0008091B0008F7DF9CF809190008F77809391
:1021000090000895809190008F7DF9CF809190008C
:10211000877FF5CF8091A0008F778093A0000895EE
:102120008091A0008F7DF9CF8091A000877FF5CFAF
:10213000809120018F778093200108958091200164
:102140008F7DF9CF80912001877FF5CFCF93DF93EB
:10215000282F30E0F901E85AFB4F8491F901EE5E37
:10216000FB4FD491F901E453FC4FC491CC23A1F06F
:1021700081110E943F10EC2FF0E0EE0FFF1FEE5494
:10218000FC4FA591B491EC91ED2381E090E009F42E
:1021900080E0DF91CF91089580E090E0FACF862F24
:1021A0000C94A6101F93CF93DF93282F30E0F901F2
:1021B000E85AFB4F8491F901EE5EFB4FD491F9018F
:1021C000E453FC4FC491CC23A9F0162F81110E9437
:1021D0003F10EC2FF0E0EE0FFF1FE856FC4FA591EB
:1021E000B4918FB7F894EC91111108C0D095DE230B
:1021F000DC938FBFDF91CF911F910895DE2BF8CF35
:10220000862F642F0C94D210CF93DF9390E0FC01C3
:10221000EE5EFB4F249184539C4FFC0184918823F4
:10222000C9F090E0880F991FFC01E258FC4FA5917E
:10223000B491FC01E856FC4FC591D49161110DC0D9
:102240009FB7F8948C91209582238C9388812823C2
:1022500028839FBFDF91CF910895623051F49FB7DB
:10226000F8943C91822F809583238C93E8812E2BC8
:10227000EFCF8FB7F894EC912E2B2C938FBFEACF32
:10228000862F642F0C9404113FB7F8948091D704E3
:102290009091D804A091D904B091DA0426B5A89BF6
:1022A00005C02F3F19F00196A11DB11D3FBFBA2FE8
:1022B000A92F982F8827BC01CD01620F711D811DA8
:1022C000911D42E0660F771F881F991F4A95D1F72D
:1022D00008958F929F92AF92BF92CF92DF92EF922A
:1022E000FF924B015C010E9444116B017C010E9432
:1022F00044116C197D098E099F09683E7340810560
:102300009105A8F321E0821A9108A108B10888EE8E
:10231000C80E83E0D81EE11CF11C81149104A104B5
:10232000B10429F7FF90EF90DF90CF90BF90AF906E
:102330009F908F9008952FB7F8946091D304709177
:10234000D4048091D5049091D6042FBF08950F93A3
:102350001F93CF93DF93C82FD62F86E0C89FF0013D
:102360001124EC50F94F11A2878D90A18130910575
:10237000F1F058F082309105F1F1039709F440C073
:10238000DF91CF911F910F9108956623C9F361E00A
:1023900070E08C2F0E94A60E0E949B1160934C0748
:1023A00070934D0780934E0790934F07E9CF0E949B
:1023B0009B1100914C0710914D0720914E073091D1
:1023C0004F07AB01BC01401B510B620B730B80919B
:1023D0005E0790915F07B0E0A0E084179507A6071D
:1023E000B70748F462E070E08C2FDF91CF911F9126
:1023F0000F910C94A60E63E070E0D111C1CFF4CF21
:1024000070E060E0F1CF6F927F928F929F92AF92D7
:10241000BF92CF92DF92EF92FF920F931F93CF93D1
:10242000DF9381E0809360070E949B110091500729
:10243000109151072091520730915307AB01BC0115
:10244000401B510B620B730B80915C0790915D07F1
:10245000B0E0A0E084179507A607B70708F014C1FD
:10246000C0E080915A07C81760F4E0915607F091D8
:102470005707EC0FF11D62E080810E940411CF5FCD
:10248000F0CF712C812C912C5401839480915B07A7
:10249000781608F05FC0072D10E0E0915807F09122
:1024A0005907E00FF11F61E080810E940411E09163
:1024B0005807F0915907E00FF11F60E080810E94FA
:1024C000D210D501C401072C04C0880F991FAA1F80
:1024D000BB1F0A94D2F76C017C01E094F094612C4C
:1024E00080915A076816F8F4C62DD0E0E09156079F
:1024F000F0915707EC0FFD1F80810E94A6102496D3
:10250000CC0FDD1FCC50D94F892B41F488819981A4
:102510008C299D29998388836394E2CF888199814E
:102520008E219F21F7CFE0915807F0915907E00FD6
:10253000F11F61E080810E94D21080915807909134
:102540005907080F191F60E0F80180810E940411EB
:1025500073949CCFC4EFD6E0FE018FEF9FEF278DE1
:1025600030A1232B21F4148E968F858F11A23696DD
:1025700027E0E033F20799F7F12C96E0D92E80910D
:102580005A07F81608F050C0E12C0F2D10E0000F8C
:10259000111F0450194F20915B07E21608F042C04A
:1025A000F801608171810E2C02C0769567950A94BE
:1025B000E2F7F29E900111242E0D311DE4EFF6E0BA
:1025C00080E0458D568D2417350709F461C08F5F73
:1025D00036968A30B1F760FF23C0E4EFF6E090E072
:1025E00080E0448D411117C0E0915407F0915507E8
:1025F000E20FF31F4081D89EF001D99EF00D112407
:10260000EC50F94F448F368F258F10A2178E61E062
:102610000E94A71105C0019636968A30910509F7E8
:10262000E394B9CFF394ABCF10E089A18111182FB7
:102630002696F7E0C033DF07C1F70E949B11609335
:1026400050077093510780935207909353071123BB
:10265000D9F0809115078823B9F0809113079091E4
:102660001407019789F480911007DF91CF911F9192
:102670000F91FF90EF90DF90CF90BF90AF909F9021
:102680008F907F906F9008951092600780E0EDCF5B
:102690006170BECF20915F04260F3327331F213294
:1026A0003105ECF42091A804FC0190E080E0243096
:1026B00069F082E00895A0915F042191AC01415C32
:1026C0005B4FA40FB52FB11D2C930196861798F37D
:1026D00080915F04680F60935F0480E0089581E05B
:1026E00008951092A80481E08093A70410928204B8
:1026F00061E084E10E94D21061E085E10E94D21085
:10270000E9EBF0E080818E7F808380818D7F808304
:1027100088E48093B80085E48093BC000895CF934B
:10272000DF9391E090933E048823B9F0C091B80004
:10273000D091BA008091BC008A7B8093BC0060E09D
:1027400084E10E94D21060E085E10E94D2100E94D4
:102750007113D093BA00C093B800DF91CF91089560
:102760000895E0918F0580918E05E81730F4F0E030
:10277000E25EFB4F808190E008958FEF9FEF089518
:1027800090918F0580918E052FEF3FEF981748F4B9
:10279000E92FF0E0E25EFB4F208130E09F5F9093F5
:1027A0008F05C901089580918E0590918F05891B31
:1027B000990B0895CF92DF92EF92FF920F931F93A0
:1027C000CF93DF937C01CB018A012091AE042223B9
:1027D00089F0EB016B01C40ED51ECC15DD0569F047
:1027E0006991D701ED91FC910190F081E02DC70135
:1027F0001995F3CF642F0E944A13C801DF91CF913E
:102800001F910F91FF90EF90DF90CF900895CF939D
:10281000DF931F92CDB7DEB769832091AE042223E8
:10282000F9F020918C05203258F021E030E0FC01D5
:102830003383228390E080E00F90DF91CF91089561
:1028400080918D05E82FF0E0E155FB4F9981908351
:102850008F5F80938D0580938C0581E090E0ECCFB5
:1028600061E0CE0101960E944A13F7CFCF92DF922A
:10287000EF92FF920F931F93CF93DF93FC01C481DC
:1028800021E02093AE04C093CF0410928D051092E6
:102890008C058385682B8AEC96E00E940714D09102
:1028A0008C05D13208F092C00E9444116B017C016A
:1028B0008091A804811165C082E08093A80481E022
:1028C0008093A7048FEF8093A6041092A504D09361
:1028D000A404AFEAB4E0E4E8F4E080E0D81385C0F3
:1028E0001092830480918304CC0FC82BC09383047F
:1028F00080918204813009F07CC0109282040E9491
:1029000044116B017C01809183048093BB00809112
:10291000AA049091AB04A091AC04B091AD04892BB2
:102920008A2B8B2B99F00E9444110091AA041091DC
:10293000AB042091AC043091AD046C197D098E0973
:102940009F090617170728073907E0F18091BC0097
:1029500083FDD9CF85EC8093BC000E9444116B01AC
:102960007C018091A804823009F445C08091A604BE
:102970008F3F61F18091A604803241F18091A604DD
:1029800025C08091AA049091AB04A091AC04B091B1
:10299000AD04892B8A2B8B2B09F48ACF0E9444111A
:1029A0000091AA041091AB042091AC043091AD04C5
:1029B0006C197D098E099F09061717072807390723
:1029C00008F076CF8091A9040E948F1310928D0594
:1029D00010928C051092AE04DF91CF911F910F9150
:1029E000FF90EF90DF90CF9008959D9191938F5F2E
:1029F00075CF85EEB0CF8091AA049091AB04A091E1
:102A0000AC04B091AD04892B8A2B8B2B09F4A9CF90
:102A10000E9444110091AA041091AB042091AC04CF
:102A20003091AD046C197D098E099F0906171707AF
:102A30002807390708F095CFC5CF88E080936E0747
:102A400060E083E697E00C94361490E080E008950F
:102A500080915B05811136C080915A05811132C089
:102A600060915005709151058091520590915305E8
:102A700020E030E048E452E40E94D44360935005E3
:102A800070935105809352059093530560915005C2
:102A90007091510580915205909153050E94B24466
:102AA00060936D0570936E0580936F05909370052C
:102AB0000E949B116093790570937A0580937B0542
:102AC00090937C05089580E995E00E94630F892B1F
:102AD00029F080E995E00E94410FF5CF08950F930A
:102AE0001F93CF938C01C62F0E9436146C2F646005
:102AF000C8010E9436146C2F6B7FC8010E943614E7
:102B000083EC90E00197F1F7CF911F910F91089519
:102B10000F931F93CF93DF938C01D62FC42F607F29
:102B2000642B0E946F1580E1D89FB00111246C2B9B
:102B3000C801DF91CF911F910F910C946F15CF9326
:102B4000DF9300D000D01F921F92CDB7DEB798E080
:102B5000EBE4F2E0DE01119601900D929A95E1F717
:102B600090916B07961708F46FEF262F30E0220F35
:102B7000331F41E050E04C0F5D1F240F351FF9015A
:102B80006081680F606840E083E697E028960FB6A2
:102B9000F894DEBF0FBECDBFDF91CF910C948815A6
:102BA00040E061E083E697E00E9488158BE39FE1B7
:102BB0000197F1F70895CF93DF9310928F0510924C
:102BC0008E0510928D0510928C050E94711389EC70
:102BD0009EE090938905809388058AEC9EE090930F
:102BE0008B0580938A051092680780916D0782306B
:102BF00018F098E09093680780936B0762E370E0A9
:102C000080E090E00E94691160916E0783E697E092
:102C10000E94361468EE73E080E090E00E94691133
:102C200060E383E697E00E946F15CBE4D6E4CE0123
:102C30000197F1F760E383E697E00E946F15219713
:102C4000F1F760E383E697E00E946F1583E592E079
:102C50000197F1F760E283E697E00E946F156091BB
:102C60006807606240E083E697E00E94881584E090
:102C70008093690740E06CE083E697E00E94881546
:102C80000E94D01582E080936A0740E066E083E608
:102C900097E00E94881540E062E083E697E00E949A
:102CA00088158BE39FE10197F1F7DF91CF910895AC
:102CB00041E00E94881581E090E00895DC011496BF
:102CC0008D919C9115976817790750F4ED91FC91BF
:102CD0001197E60FF71F15967C936E931497108249
:102CE0000895FC0180819181009711F00C94153EAC
:102CF00060E070E0CB010895FB0101900020E9F74E
:102D00003197AF01461B570BDC01ED91FC9102801E
:102D1000F381E02D1994CF93DF93FC014481558119
:102D2000608171818DE296E00E94050FEC016DE8F3
:102D300072E08DE296E00E947C168C0F9D1FDF9161
:102D4000CF910895CF93DF93BC0180E995E00E9475
:102D5000E10EEC016DE872E080E995E00E947C16DE
:102D60008C0F9D1FDF91CF9108958F929F92AF920C
:102D7000BF92EF92FF920F931F93CF93DF93CDB744
:102D8000DEB7A1970FB6F894DEBF0FBECDBF7C01B2
:102D9000FA01CB0119A2223008F42AE08E010F5D5E
:102DA0001F4F822E912CB12CA12CBF01A5019401A3
:102DB0000E94FF44F901CA016A300CF5605DD80138
:102DC0006E938D01232B242B252B79F790E080E047
:102DD000109721F0BD01C7010E947C16A1960FB685
:102DE000F894DEBF0FBECDBFDF91CF911F910F9141
:102DF000FF90EF90BF90AF909F908F900895695C87
:102E0000DECF0F931F93CF93DF93EC012AE00E9454
:102E1000B5168C016DE872E0CE010E947C16800F21
:102E2000911FDF91CF911F910F9108952F923F92A3
:102E30004F925F926F927F928F929F92AF92BF92CA
:102E4000CF92DF92EF92FF921F93CF93DF93EC012B
:102E50006A017B01722EAB019601CB01B6010E9483
:102E6000E64460E972E0811126C046015701E8940A
:102E7000B7F82FEF3FEF4FE75FE7C501B4010E94BE
:102E8000E64481110CC02FEF3FEF4FE75FE7C5012C
:102E9000B4010E947C4264E972E0181664F02FEFDE
:102EA0003FEF4FE75FE4C701B6010E94E144181607
:102EB000B4F468E972E0CE01DF91CF911F91FF90E9
:102EC000EF90DF90CF90BF90AF909F908F907F90CA
:102ED0006F905F904F903F902F900C947C162FEF47
:102EE0003FEF4FE75FECC701B6010E947C4287FDD0
:102EF000E0CF20E030E0A901C701B6010E947C428A
:102F0000312C212C87FF0DC0E881F9810190F081DF
:102F1000E02D6DE2CE0119951C01F7FAF094F7F857
:102F2000F09410E060E070E080E09FE3711641F003
:102F300020E030E040E251E40E9440441F5FF6CFC1
:102F4000A70196010E94D4432B013C010E94B24488
:102F50004B015C012AE0BC01A401CE010E94B51620
:102F60007C01E20CF31C1123E1F1C501B4010E94C4
:102F700081429B01AC01C301B2010E94D3434B01CA
:102F80005C01E881F9810190F081E02D6EE2CE01D3
:102F90001995E80EF91E115020F120E030E040E2D2
:102FA00051E4C501B4010E94E2422B013C010E94A0
:102FB000B2444B01B12CA12C2AE0B501A401CE01F1
:102FC0000E94B516E80EF91EC501B4010E948142A7
:102FD0009B01AC01C301B2010E94D3434B015C01D0
:102FE000DACFC701DF91CF911F91FF90EF90DF9073
:102FF000CF90BF90AF909F908F907F906F905F9099
:103000004F903F902F900895CF93DF93AB01BC0179
:1030100022E080E995E00E941617EC016DE872E06D
:1030200080E995E00E947C168C0F9D1FDF91CF9167
:103030000895FB0144815581FC01248135812417C9
:10304000350778F080819181009759F0FB0160810C
:1030500071816115710529F00E94674721E0892B74
:1030600009F020E0822F08950F931F93CF93DF93F1
:103070008C01EB01FC01808191810097E1F0688176
:10308000798161157105A9F0428153812C813D81BF
:103090004217530770F00E9460478C819D81F801B0
:1030A000958384831D821C82DF91CF911F910F91A4
:1030B00008950E94D94588819981F8019183808380
:1030C0008A819B81938382838C819D819583848374
:1030D000198218821B821A82E5CFCF93DF93EC010D
:1030E00088819981009711F00E94D9451982188230
:1030F0001D821C821B821A82DF91CF910895FC01F0
:1031000080819181009711F00C94D94508950F9317
:103110001F93CF93DF93EC0188819981009759F039
:103120002A813B812617370730F081E0DF91CF916C
:103130001F910F9108958B016F5F7F4F0E94624630
:10314000009759F0998388831B830A832C813D81E2
:10315000232B59F7FC011082E8CF80E0E7CFEF92F4
:10316000FF920F931F93CF93DF936115710541F485
:1031700080E0DF91CF911F910F91FF90EF90089524
:1031800041155105B1F07B01EC010C811D81040F4B
:10319000151FB8010E948718882351F328813981AF
:1031A0008C819D81B701820F931F0E9460471D8310
:1031B0000C8381E0DECFCF93DF93EC01FB01019024
:1031C0000020E9F73197AF01461B570B0E94AF185B
:1031D000811103C0CE010E946D18CE01DF91CF9105
:1031E0000895CF93DF93EC01FB0144815581608109
:1031F00071810E94AF18811103C0CE010E946D1829
:10320000CE01DF91CF910895CF93DF931F921F924C
:10321000CDB7DEB769831A8241E050E0BE016F5F2F
:103220007F4F0E94AF180F900F90DF91CF910895BC
:10323000EF92FF920F931F93CF93DF93EC018B01DB
:10324000F801648175816115710581F0808191813A
:10325000009761F061507109860F971FFC01808112
:10326000803221F4C8010E945E16EACF85E0E82E84
:10327000F12C60E2C8010E940419F1E0EF1AF10894
:10328000C1F7198218821B821A821D821C82B80122
:10329000CE010E943418CE01DF91CF911F910F9182
:1032A000FF90EF900895EF92FF920F931F93CF93AB
:1032B000DF93EC017B018A01BA010E94871881111A
:1032C0000BC0CE010E946D18CE01DF91CF911F91EE
:1032D0000F91FF90EF9008951D830C83B7018881B3
:1032E00099810E946047F0CFFB0101900020E9F72F
:1032F0003197AF01461B570B0C945319CF93DF93B3
:10330000EC011092590510924F0510924E056FE88E
:1033100072E082EE96E00E9474196FE872E08CED24
:1033200096E00E9474190E94D01560E080E00E942F
:103330009F15BE0183E697E00E947C1661E088E05D
:103340000E94D21066E970E080E090E00E9469116E
:1033500060E088E00E94D2106CED75E080E090E0C3
:103360000E946911DF91CF910C94D015FB01DC0113
:1033700011961C921E9213961C921E9212971596ED
:103380001C921E9214978617970749F060817181ED
:103390006115710521F0448155810C9453190895EC
:1033A000FC01118210821382128215821482FB01A9
:1033B00001900020E9F73197AF01461B570B0C94A1
:1033C0005319AF92BF92CF92DF92EF92FF920F9379
:1033D0001F93CF93DF936C015B017A01890124175E
:1033E000350720F48F2D7901042F182F6FE872E034
:1033F000C6010E94D019D5011496CD91DC91EC162E
:10340000FD06E0F40C171D0708F4E801D501ED9165
:10341000FC911197EC0FFD1F108110826D917C9132
:103420006E0D7F1DC60161157105A1F00E94741912
:10343000F50180819181C80FD91F1883C601DF91E2
:10344000CF911F910F91FF90EF90DF90CF90BF90A1
:10345000AF9008950E946D18EBCFEF92FF920F93FB
:103460001F93CF93DF93CDB7DEB7A1970FB6F89434
:10347000DEBF0FBECDBF7C01CB01BA01F7011182C7
:103480001082138212821582148242E0420F8E0152
:103490000F5F1F4F0E94F73D009789F0BC01C701E5
:1034A0000E947419A1960FB6F894DEBF0FBECDBF6F
:1034B000DF91CF911F910F91FF90EF900895C70179
:1034C0000E946D18EFCF4F925F926F927F928F9212
:1034D0009F92AF92BF92EF92FF920F931F93CF9361
:1034E000DF93CDB7DEB76E970FB6F894DEBF0FBE91
:1034F000CDBF4B015C0129013A01B801A70122E0CF
:10350000CE0143960E942D1A23E0B301A201CE0101
:103510000D960E942D1A23E0B501A401CE01079655
:103520000E942D1A6CE972E0CE0101960E94D0191A
:10353000BE01695F7F4FCE0101960E94F1186AEDCE
:1035400073E00E94DB18BE01635F7F4F0E94F11899
:103550006AED73E00E94DB18BE016D5E7F4F0E9432
:10356000F118BC01CE0149960E94B619CE014996C8
:103570000E948B16CE0149960E947F18CE010196BB
:103580000E947F18CE0107960E947F18CE010D96EB
:103590000E947F18CE0143960E947F186E960FB648
:1035A000F894DEBF0FBECDBFDF91CF911F910F9179
:1035B000FF90EF90BF90AF909F908F907F906F9013
:1035C0005F904F90089585ED8093BC008091AA0490
:1035D0009091AB04A091AC04B091AD040796A11DED
:1035E000B11D23E0B695A795979587952A95D1F7B4
:1035F0002091BC0024FD03C01092A80408954091BE
:10360000AA045091AB046091AC047091AD04452BB9
:10361000462B472B69F30097A105B10541F02AE23B
:103620002A95F1F700C00197A109B109E1CF809176
:10363000A9040C948F13FC01808191810C94A34305
:10364000CF92DF92EF92FF920F931F93CF93DF936E
:103650001F921F92CDB7DEB76C017C0108E010E02D
:103660001A830983CE0101960E941B1BF7018193E7
:103670007F010F5F1F4F0831110591F7C6010F90B1
:103680000F90DF91CF911F910F91FF90EF90DF90FE
:10369000CF900895AF92BF92CF92DF92EF92FF92B8
:1036A0000F931F93CF93DF931F921F92CDB7DEB777
:1036B0008B016B0124E0C20ED11C7B015C01A61AB8
:1036C000B70AC5018E0D9F1D9A838983CE0101968D
:1036D0000E941B1BF70181937F01EC15FD0589F703
:1036E000C8010F900F90DF91CF911F910F91FF9024
:1036F000EF90DF90CF90BF90AF9008952F923F92C0
:103700004F925F926F927F928F929F92AF92BF92F1
:10371000CF92DF92EF92FF920F931F93CF93DF939D
:1037200000D000D000D01F921F92CDB7DEB76C0141
:103730001B018FEF9FEFF60191838083FB011082C5
:103740001182128213820FE510E0F12CE12C1B860E
:10375000412C512C3201CE0101965C01480198E0C8
:10376000890E911C1A870987CE0109960E941B1B9E
:10377000F50181935F010F5F1F4F0815190591F740
:103780008D819E81AF81B8858F3FFFEF9F07AF0787
:10379000BF07D9F02B85222351F0F10140815181DF
:1037A00062817381481759076A077B0760F4F1014A
:1037B00080839183A283B383F601F182E082498002
:1037C0005A806B807C80F1E0FB872FEFE21AF20ACF
:1037D00080E1E816F10409F0BECF9B85911105C088
:1037E0008EEF9FEFF60191838083C301B2012B9688
:1037F0000FB6F894DEBF0FBECDBFDF91CF911F9102
:103800000F91FF90EF90DF90CF90BF90AF909F907F
:103810008F907F906F905F904F903F902F90089582
:103820001F93CF93DF93EC01162F0E941B1B811770
:1038300029F0612F888199810E94AB43CE01DF91ED
:10384000CF911F910895EF92FF920F931F93CF9303
:10385000DF931F921F92CDB7DEB78DE1E82E82E095
:10386000F82E08E010E01A830983F70161917F01C7
:10387000CE0101960E94101C0F5F1F4F08311105E9
:1038800091F78DE192E00F900F90DF91CF911F9112
:103890000F91FF90EF900895CF93DF93CDB7DEB7F0
:1038A00060970FB6F894DEBF0FBECDBF0E94231CF9
:1038B000CE0101960E94201B6DE172E0CE010196BF
:1038C0000E945747892B11F00E94231C60960FB667
:1038D000F894DEBF0FBECDBFDF91CF910895AF92B8
:1038E000BF92CF92DF92EF92FF920F931F93CF93ED
:1038F000DF931F921F92CDB7DEB78B016B0124E0DF
:10390000C20ED11C7B015C01A61AB70AC5018E0D3F
:103910009F1D9A838983F70161917F01CE010196F2
:103920000E94101CEC14FD0489F7C8010F900F9041
:10393000DF91CF911F910F91FF90EF90DF90CF908B
:10394000BF90AF900895CF92DF92EF92FF920F93C6
:103950001F93CF93DF9300D01F92CDB7DEB710E057
:1039600000E068E072E088E190E00E946F1CBE0118
:103970006F5F7F4F88E190E00E944A1B2091080210
:103980003091090240910A0250910B0269817A81BB
:103990008B819C810E94D3436B017C0120E030E04D
:1039A000A9010E94E1441816BCF420E030E040E890
:1039B0005FE3C701B6010E947C4287FF17C00F90EA
:1039C0000F900F900F90DF91CF911F910F91FF906B
:1039D000EF90DF90CF90089520E030E040E85FEB7B
:1039E000C701B6010E94E14418164CF30F5F1F4F48
:1039F0000330110509F0B5CFE2CFCF93DF9300D0AC
:103A00001F92CDB7DEB764E072E084E090E00E94E0
:103A10006F1CBE016F5F7F4F84E090E00E944A1BE5
:103A20002091040230910502409106025091070254
:103A300069817A818B819C810E947C42882331F04C
:103A400064E072E084E090E00E946F1C0F900F90A1
:103A50000F900F90DF91CF910895CF93DF931F9236
:103A60001F92CDB7DEB7609158058FED90E09A8335
:103A70008983CE0101960E94101C0F900F90DF9158
:103A8000CF910895CF92DF92EF92FF920F931F9301
:103A9000CF93DF93CDB7DEB760970FB6F894DEBF54
:103AA0000FBECDBF6B017C01BE01675F7F4FCE01B2
:103AB0000F960E947E1B8F85988997FD40C00196C6
:103AC0008F70992749855A856B857C854F5F5F4F3D
:103AD0006F4F7F4FC982DA82EB82FC824D835E8317
:103AE0006F83788723E0880F991F2A95E1F77C017F
:103AF0002FE5E20EF11CFE0131966F018C01095990
:103B00001F4FFE86ED86F60161916F01CE010D9685
:103B10000E94101CFFEFEF1AFF0AE016F10689F76A
:103B200060960FB6F894DEBF0FBECDBFDF91CF9188
:103B30001F910F91FF90EF90DF90CF90089590E04C
:103B400080E0C0CFCF93DF931F921F92CDB7DEB737
:103B50001A8219826DECCE0101960E94101C81E040
:103B600090E09A8389836BEACE0101960E94101C33
:103B700060911E0570911F0580912005909121058F
:103B80000E94421D0E94FD1C0E944C1C0E94A31C0E
:103B900060E072E08CE190E00E946F1C0F900F904B
:103BA000DF91CF9108952F923F924F925F926F9243
:103BB0007F928F929F92AF92BF92CF92DF92EF92BD
:103BC000FF920F931F93CF93DF93CDB7DEB7E097AC
:103BD0000FB6F894DEBF0FBECDBF80915B0581119B
:103BE00003C480915A058111FFC30E94D01560E083
:103BF00080E00E949F156DE473E083E697E00E94E9
:103C0000E10E61E08AE00E94D21010921A04109234
:103C10001B0410921C0410921D0410926505109252
:103C2000660510926705109268050E949B116093CB
:103C300018057093190580931A0590931B056091E0
:103C40006D0570916E0580916F05909170050E94D1
:103C500081424B015C018092160490921704A0925D
:103C60001804B09219042091080230910902409181
:103C70000A0250910B020E9440442B013C01109219
:103C80001504109211041092120410921304109251
:103C9000140485017401AC019B0160E070E0CB016C
:103CA0000E94631A19A61AA61BA61CA6812C912C89
:103CB00080E8282E9FEB392ED12CC12CB12CA12CC1
:103CC000A8950E9415220E949B1129A53AA54BA5F3
:103CD0005CA5621B730B840B950B603D77408105DF
:103CE0009105B0F0E0901604F090170400911804CC
:103CF00010911904A30192016D2D7C2D8B2D9A2D0D
:103D00000E94631A0E949B1169A77AA78BA79CA7A0
:103D10000E949B11009118051091190520911A0518
:103D200030911B05601B710B820B930B683E734037
:103D30008105910508F463C2ED988FED9EE09093A4
:103D40000F0280930E026091650570916605809167
:103D50006705909168050E9481422091040230918C
:103D6000050240910602509107020E944044609370
:103D70000D0470930E0480930F049093100420E0C0
:103D800030E040E752E40E94404420911A04309110
:103D90001B0440911C0450911D040E94D443D62E54
:103DA000C72EB82EA92E862F9C2DAB2DBA2D809311
:103DB0001A0490931B04A0931C04B0931D0420913B
:103DC00008023091090240910A0250910B026D2DB8
:103DD0007C2D8B2D9A2D0E94E2426DA77EA78FA786
:103DE00098AB1092650510926605109267051092C7
:103DF00068050E949B1160931805709319058093C4
:103E00001A0590931B05ABECBEE0B0930F02A09394
:103E10000E0280916A00837F886080936A00ED9A29
:103E20009401A1016D2D7C2D8B2D9A2D0E94D343E1
:103E30006DA37EA38FA398A720E030E0A9010E9484
:103E4000E14418160CF08EC12AE037ED43E25CE342
:103E50006DA17EA18FA198A50E94E14487FF8FC12B
:103E60002D2D3C2D4B2D5A2DC301B2010E947C42B9
:103E700018160CF084C180911504811129C020917D
:103E80000002309101024091020250910302C301ED
:103E9000B2010E94D3439B01AC016D2D7C2D8B2D73
:103EA0009A2D0E94E14487FD13C0B1E0B093150440
:103EB00060E08AE00E94D2100E94D01560E080E0AD
:103EC0000E949F156AE273E083E697E00E94E10E8C
:103ED0002D2D3C2D4B2D5A2DC301B2010E947C4249
:103EE00018160CF48CC160E08AE00E94D210ED98A4
:103EF0008FED9EE090930F0280930E021092650565
:103F00001092660510926705109268050E949B1139
:103F1000609318057093190580931A0590931B05FB
:103F20008BEC9EE090930F0280930E0280916A00CA
:103F3000837F886080936A00ED9A10921504109236
:103F4000110410921204109213041092140460E0F1
:103F50008AE00E94D21060911E0570911F05809129
:103F60002005909121050E948142209116043091F4
:103F7000170440911804509119040E94D4430E94E0
:103F8000B24460931E0570931F05809320059093A3
:103F900021050E94421D4090160450901704609025
:103FA00018047090190480910C0462EB72E088236D
:103FB00011F062EA72E0CE014F960E94D019109281
:103FC0000C04409108025091090260910A0270911C
:103FD0000B0222E0CE0107960E942D1A23E04D2D00
:103FE0005C2D6B2D7A2DCE010D960E942D1A22E0AC
:103FF000B301A201CE0143960E942D1ABE01615E5B
:104000007F4FCE0149960E94B619BE016D5E7F4F6B
:10401000CE0149960E94F1186AED73E00E94DB1808
:10402000BE01635F7F4F0E94F1186AED73E00E944A
:10403000DB18BE01695F7F4F0E94F118BC01CE0101
:1040400001960E94B619CE0101960E948B16CE01F0
:1040500001960E947F18CE0149960E947F18CE01DA
:1040600043960E947F18CE010D960E947F18CE01C4
:1040700007960E947F18CE014F960E947F180E94DB
:10408000D01560E083E00E949F156EE173E083E647
:1040900097E00E94E10E61E082E00E949F1562E1DC
:1040A00073E083E697E00E94E10E68EE73E080E043
:1040B00090E00E9469111092830560E08AE00E94FE
:1040C000D2100E94D0150E94A21D10926D05109270
:1040D0006E0510926F0510927005109250051092A7
:1040E0005105109252051092530510921604109229
:1040F0001704109218041092190410921A041092C6
:104100001B0410921C0410921D041092650510925D
:1041100066051092670510926805109211041092BE
:104120001204109213041092140461E089E00E94BA
:10413000D210E0960FB6F894DEBF0FBECDBFDF9170
:10414000CF911F910F91FF90EF90DF90CF90BF9094
:10415000AF909F908F907F906F905F904F903F9027
:104160002F9008952AE037ED43E25CEB6DA17EA12C
:104170008FA198A50E947C4218160CF471CE0E9463
:10418000D01562E473E083E697E00E94E10E40916F
:10419000160450911704609118047091190422E0DC
:1041A00083E697E00E94161761E080E00E949F1569
:1041B0006FE373E083E697E00E94E10E22E04D2D6D
:1041C0005C2D6B2D7A2D83E697E00E94161761E037
:1041D00087E00E949F156BE373E083E697E00E94FF
:1041E000E10E22E04DA55EA56FA578A983E697E0D4
:1041F0000E9416178D2C9C2C2B2C3A2C3CCE809197
:10420000150481115DCD2AE037ED43E25CE3609156
:104210000D0470910E0480910F04909110040E947F
:104220007C4287FFD8C02091110430911204409144
:104230001304509114042DA33EA34FA358A7232B7E
:10424000242B252B59F40E949B1160931104709329
:104250001204809313049093140432CD0E949B1196
:104260002DA13EA14FA158A5621B730B840B950B8A
:10427000603177428105910508F422CD60E08AE043
:104280000E94D21060E089E00E94D21081E0809309
:104290007D051092110410921204109213041092D2
:1042A000140405E010E0A89561E088E00E94D210B7
:1042B0006CE271E080E090E00E94691160E088E0CB
:1042C0000E94D21068EC70E080E090E00E946911DA
:1042D0000150110941F720910802309109024091E3
:1042E0000A0250910B026D2D7C2D8B2D9A2D0E9470
:1042F000E2420E94B24480906D0590906E05A090BD
:104300006F05B0907005462F572FBC018416950697
:10431000A606B70610F4B501A401841A950AA60AE8
:10432000B70A8092750590927605A0927705B092B3
:1043300078050E94D01560E080E00E949F156FEF25
:1043400072E083E697E00E94E10E61E080E00E9467
:104350009F1564EF72E083E697E00E94E10E4091C2
:1043600075055091760560917705709178052AE082
:1043700083E697E00E94B5166BEE72E083E697E065
:104380000E94E10E10926D0510926E0510926F055D
:10439000109270051092500510925105109252051E
:1043A00010925305109216041092170410921804DC
:1043B0001092190410921A0410921B0410921C04FB
:1043C00010921D0410926505109266051092670503
:1043D00010926805AECE1092110410921204109241
:1043E0001304109214046CCC0E94D01560E080E09D
:1043F0000E949F156CE673E083E697E00E94E10E51
:1044000061E080E00E949F156CE573E083E697E031
:104410000E94E10E64EC79E080E090E00E94691176
:104420000E94D0151092830584CE3F924F925F92E6
:104430006F927F928F929F92AF92BF92CF92DF92B4
:10444000EF92FF920F931F93CF93DF93CDB7DEB719
:1044500068970FB6F894DEBF0FBECDBF33243394F8
:104460008DE296E00E94630F892B09F4DCC28DE295
:1044700096E00E94410F2091DA063091DB068A30E7
:1044800019F08D3009F0C5C2232B51F366ED76E0AB
:10449000CE0143960E94B6196CEB72E0CE010196F4
:1044A0000E94D019BE016F5F7F4FCE0143960E94DC
:1044B0001918182FCE0101960E947F18112379F048
:1044C000309258050E942D1DCE0143960E947F1800
:1044D0006FE872E086ED96E00E947419C1CF68EC37
:1044E00072E0CE0101960E94D019BE016F5F7F4F2E
:1044F000CE0143960E941918182FCE0101960E94F2
:104500007F18112369F0109258050E942D1D80918B
:1045100059058823C9F285ED92E00E947E19D4CF17
:1045200065EE72E0CE0101960E94D019BE016F5F68
:104530007F4FCE0143960E941918182FCE01019685
:104540000E947F18112319F180915905882309F4DD
:10455000BBCF80914E0590914F05029709F0B4CFE3
:104560000E94D01560E080E00E949F156EED72E021
:1045700083E697E00E94E10E61E080E00E949F15D3
:1045800062ED72E083E697E00E94E10E9DCF64EF5A
:1045900072E0CE0101960E94D019BE016F5F7F4F7D
:1045A000CE0143960E941918182FCE0101960E9441
:1045B0007F18112309F455C02F89388D4DE050E044
:1045C000BE016D5E7F4FCE0101960E94E119CE01C2
:1045D00001960E9471162B013C01CE0101960E94AA
:1045E0007F181092590510924F0510924E0520E049
:1045F00030E048E452E4C301B2010E94E14487FD87
:104600002DC0409250055092510560925205709213
:104610005305C301B2010E94B24460936D057093CB
:104620006E0580936F05909370050E94D01560E031
:1046300080E00E949F1565EC72E083E697E00E949F
:10464000E10E68EE73E080E090E00E946911309224
:104650000C04309283050E94D31D36CF82E093E094
:104660005CCF62E173E0CE0101960E94D019BE01D9
:104670006F5F7F4FCE0143960E941918182FCE010D
:1046800001960E947F18112341F0809159058823DB
:1046900009F41ACF81E293E040CF6CE273E0CE01DF
:1046A00001960E94D019BE016F5F7F4FCE014396E5
:1046B0000E941918182FCE0101960E947F1811230D
:1046C00009F4BDC02F89388D49E050E0BE016D5E10
:1046D0007F4FCE0107960E94E1190B851C850115BD
:1046E000110561F08F8098846AE370E0C4010E9434
:1046F0004C477C01E818F908892B19F4EE24EA9458
:10470000FE2C47018FEF881A980A8016910608F050
:1047100091C06F8078846AE370E0C301880D991DB1
:104720000E944C47009709F485C01E141F040CF02A
:1047300081C08C0106191709101611060CF07AC0F9
:10474000970150E040E0BE01695F7F4FCE010196C6
:104750000E94E119CE0101960E9471162B013C01C5
:10476000CE0101960E947F189801A401BE01695FE5
:104770007F4FCE0101960E94E119CE0101960E9461
:1047800071164B015C01CE0101960E947F182B85AA
:104790003C85A8014F5F5F4FBE01695F7F4FCE012F
:1047A00001960E94E119CE0101960E9471166B01DB
:1047B0007C01CE0101960E947F1820E030E0A90123
:1047C000C301B2010E94E14487FD0AC04092080281
:1047D0005092090260920A0270920B020E94A31C7E
:1047E00020E030E0A901C501B4010E94E14487FD49
:1047F0000AC08092040290920502A0920602B09232
:1048000007020E94FD1C20E030E0A901C701B601AB
:104810000E94E14487FD0EC0C0920002D0920102C6
:10482000E0920202F092030260E072E08CE190E01C
:104830000E946F1CCE0107960E947F1845CE66E34A
:1048400073E0CE0101960E94D019BE016F5F7F4FC9
:10485000CE0143960E941918182FCE0101960E948E
:104860007F181123A1F110915B052F89388D45E048
:1048700050E0BE016D5E7F4FCE0101960E94E119AE
:1048800089819A810097F9F00E94193E21E06130F8
:1048900071058105910509F020E020935B05CE01AB
:1048A00001960E947F1880915B05181709F40CCEC1
:1048B00060915B0580E290E09A838983CE01019646
:1048C0000E94101C01CE60E070E0CB01DFCF6CE3F2
:1048D00073E0CE0101960E94D019BE016F5F7F4F39
:1048E000CE0143960E941918182FCE0101960E94FE
:1048F0007F18112309F12F89388D46E050E0BE0161
:104900006D5E7F4FCE0101960E94E11989819A81E7
:10491000009771F00E94193E21E061307105810518
:10492000910509F020E020935A05CE01019684CF2D
:1049300060E070E0CB01F0CF63E473E0CE0101965C
:104940000E94D019BE016F5F7F4FCE0143960E9437
:104950001918182FCE0101960E947F18112309F40F
:10496000B3CD2F89388D4BE050E0BE016D5E7F4F97
:10497000CE010D960E94E11909891A8901151105C8
:1049800049F0ED84FE846FE473E0C7010E9457474D
:10499000892B49F51092DB040E94BB2868EE76E073
:1049A000CE0101960E94B619BE016F5F7F4FCE0106
:1049B00007960E941819BE01695F7F4F8EEE96E040
:1049C0000E943418CE0107960E947F18CE010196EE
:1049D0000E947F1810924905109248050E94D01538
:1049E000CE010D9629CF0D331105A0F7A801B7010F
:1049F0008BED94E00E947547F801E552FB4F108261
:104A00000E94BB286BED74E0CE0101960E94D01984
:104A1000CBCF2837310508F023CD682F86ED96E0FF
:104A20000E9404191DCD68960FB6F894DEBF0FBE24
:104A3000CDBFDF91CF911F910F91FF90EF90DF904D
:104A4000CF90BF90AF909F908F907F906F905F902E
:104A50004F903F9008951F920F920FB60F9211241E
:104A60000BB60F922F933F934F935F936F937F9368
:104A70008F939F93AF93BF93EF93FF9380E995E05C
:104A80000E94830FFF91EF91BF91AF919F918F9102
:104A90007F916F915F914F913F912F910F900BBE3E
:104AA0000F900FBE0F901F9018951F920F920FB688
:104AB0000F9211240BB60F922F938F939F93EF9326
:104AC000FF93E091A005F091A1058081E091A605FA
:104AD000F091A70582FD1DC090818091A9058F5F8F
:104AE0008F732091AA05821741F0E091A905F0E0AB
:104AF000E057FA4F958F8093A905FF91EF919F9111
:104B00008F912F910F900BBE0F900FBE0F901F90A3
:104B100018958081F2CF1F920F920FB60F92112439
:104B20000BB60F922F933F934F935F936F937F93A7
:104B30008F939F93AF93BF93EF93FF938DE296E094
:104B40000E94830FFF91EF91BF91AF919F918F9141
:104B50007F916F915F914F913F912F910F900BBE7D
:104B60000F900FBE0F901F9018951F920F920FB6C7
:104B70000F9211240BB60F922F938F939F93EF9365
:104B8000FF93E0913D06F0913E068081E09143065F
:104B9000F091440682FD1DC09081809146068F5F92
:104BA0008F7320914706821741F0E0914606F0E0AE
:104BB000E35DF94F958F80934606FF91EF919F91AA
:104BC0008F912F910F900BBE0F900FBE0F901F90E3
:104BD00018958081F2CF1F920F920FB60F92112479
:104BE0002F933F938F939F93AF93BF938091D30461
:104BF0009091D404A091D504B091D6043091D20400
:104C000023E0230F2D3758F50196A11DB11D2093E8
:104C1000D2048093D3049093D404A093D504B0938A
:104C2000D6048091D7049091D804A091D904B09172
:104C3000DA040196A11DB11D8093D7049093D80486
:104C4000A093D904B093DA04BF91AF919F918F9153
:104C50003F912F910F900FBE0F901F90189526E84F
:104C6000230F0296A11DB11DD2CF1F920F920FB636
:104C70000F9211240BB60F922F933F934F935F9394
:104C80006F937F938F939F93AF93BF93EF93FF9314
:104C9000E0911A02F0911B021995FF91EF91BF91DB
:104CA000AF919F918F917F916F915F914F913F91C4
:104CB0002F910F900BBE0F900FBE0F901F90189565
:104CC0001F920F920FB60F9211240BB60F922F93D3
:104CD0003F934F935F936F937F938F939F93AF9384
:104CE000BF93EF93FF93E0911802F0911902199589
:104CF000FF91EF91BF91AF919F918F917F916F91B4
:104D00005F914F913F912F910F900BBE0F900FBE6F
:104D10000F901F9018951F920F920FB60F921124AB
:104D20000BB60F922F933F934F935F936F937F93A5
:104D30008F939F93AF93BF93EF93FF93E0910E02F6
:104D4000F0910F021995FF91EF91BF91AF919F9153
:104D50008F917F916F915F914F913F912F910F9024
:104D60000BBE0F900FBE0F901F9018951F920F92C1
:104D70000FB60F9211240BB60F922F933F934F93C0
:104D80005F936F937F938F939F93AF93BF93EF93B3
:104D9000FF93E0910C02F0910D021995FF91EF91B4
:104DA000BF91AF919F918F917F916F915F914F9143
:104DB0003F912F910F900BBE0F900FBE0F901F9041
:104DC00018951F920F920FB60F9211240BB60F92E7
:104DD0002F933F934F935F936F937F938F939F9303
:104DE000AF93BF93EF93FF93E0911602F0911702F8
:104DF0001995FF91EF91BF91AF919F918F917F9105
:104E00006F915F914F913F912F910F900BBE0F903B
:104E10000FBE0F901F9018951F920F920FB60F9212
:104E200011240BB60F922F933F934F935F936F9381
:104E30007F938F939F93AF93BF93EF93FF93E091F3
:104E40001402F09115021995FF91EF91BF91AF9166
:104E50009F918F917F916F915F914F913F912F9192
:104E60000F900BBE0F900FBE0F901F9018951F92C2
:104E70000F920FB60F9211240BB60F922F933F9300
:104E80004F935F936F937F938F939F93AF93BF9352
:104E9000EF93FF93E0911202F09113021995FF91A5
:104EA000EF91BF91AF919F918F917F916F915F91A2
:104EB0004F913F912F910F900BBE0F900FBE0F900F
:104EC0001F9018951F920F920FB60F9211240BB6D8
:104ED0000F922F933F934F935F936F937F938F9393
:104EE0009F93AF93BF93EF93FF93E0911002F091E4
:104EF00011021995FF91EF91BF91AF919F918F9101
:104F00007F916F915F914F913F912F910F900BBEC9
:104F10000F900FBE0F901F9018951F920F920FB613
:104F20000F9211240F900FBE0F901F9018951F9293
:104F30000F920FB60F9211240BB60F922F933F933F
:104F40004F935F936F937F938F939F93AF93BF9391
:104F5000EF93FF938091B900887F803609F44DC0AC
:104F600008F040C0883209F4A9C028F5803109F45E
:104F70009DC0C8F4882309F4FBC0883009F496C0AA
:104F8000FF91EF91BF91AF919F918F917F916F9121
:104F90005F914F913F912F910F900BBE0F900FBEDD
:104FA0000F901F901895883109F488C0803241F71E
:104FB0008093A60414C0803409F49DC040F480336B
:104FC000B9F38833E9F68093A60485ECB0C0803548
:104FD00009F485C0883509F496C0883489F60E94A2
:104FE000E31ACECF883909F48CC038F5883729F018
:104FF00050F4883611F0803719F683E08093A804C6
:105000001092810457C0883809F47BC0803919F0A8
:10501000803809F0B5CF80918104803208F071C0EA
:10502000E091810481E08E0F809381048091BB0028
:10503000F0E0EF59FB4F80833DC0803B39F0E0F456
:10504000803A09F479C0883A09F09ACF84E08093D5
:10505000A8041092600410925F04E0918805F0911A
:105060008905199580915F0481110FC081E08093BB
:105070005F0410923F0409C0803C09F4A6CF883C2D
:1050800009F4A3CF883B09F07BCFE091600481E075
:105090008E0F80936004F0E0E15CFB4F8081809391
:1050A000BB009091600480915F0429C080918304CB
:1050B0008093BB0085EC8093BC0062CF9091A504E7
:1050C0008091A404981758F5E091A50481E08E0F13
:1050D0008093A504F0E0EC57FB4F8081E9CFE0918D
:1050E000A50481E08E0F8093A5048091BB00F0E0C1
:1050F000EC57FB4F80839091A5048091A4049817EE
:10510000C8F285E8D8CFE091A50481E08E0F8093A6
:10511000A5048091BB00F0E0EC57FB4F80838091A9
:10512000A70481115CCF81E08093820484EA80939C
:10513000BC001092A80424CF85EC8093BC00109290
:10514000A80480918104803230F4E0918104F0E081
:10515000EF59FB4F10826091810470E0E0918A0565
:10516000F0918B0581E694E019951092810408CFA7
:105170001092A60434CFEF92FF920F931F93CF9318
:10518000DF931F921F92CDB7DEB78BEDE82E84E040
:10519000F82E02E210E01A830983F70161917F0182
:1051A000CE0101960E94101C0F5F1F4F0F35110595
:1051B00091F70F900F90DF91CF911F910F91FF907A
:1051C000EF900895109293051092920588EE93E067
:1051D000A0E0B0E08093940590939505A093960588
:1051E000B093970527E532E0309391052093900521
:1051F0004DEC50E050939D0540939C054CEC50E0E5
:1052000050939F0540939E0548EC50E05093A105B4
:105210004093A00549EC50E05093A3054093A205AC
:105220004AEC50E05093A5054093A4054EEC50E0A5
:105230005093A7054093A6051092A9051092AA05C0
:105240001092AB051092AC051092300610922F060A
:105250008093310690933206A0933306B0933406C0
:1052600030932E0620932D0625EC30E030933A063D
:105270002093390624EC30E030933C0620933B0623
:1052800020EC30E030933E0620933D0621EC30E0E8
:105290003093400620933F0622EC30E030934206E4
:1052A0002093410626EC30E03093440620934306D9
:1052B0001092460610924706109248061092490630
:1052C0001092CD061092CC068093CE069093CF0616
:1052D000A093D006B093D10689E692E09093CB06D6
:1052E0008093CA06109266071092650785E892E0DF
:1052F000909364078093630787E28093670780E158
:1053000080936C0782E080936D0710926E07109275
:10531000F6061092FA061092F9061092FB068BE739
:1053200092E09093F5068093F406E0E1F7E01082B6
:10533000148213821582369687E0EC34F807B9F7A9
:1053400081E392E090935707809356078DE292E0B5
:10535000909359078093580784E080935A0780936D
:105360005B0785E392E090935507809354078AE0AA
:1053700090E090935D0780935C0784EF91E09093B9
:105380005F0780935E071092620710926107109288
:105390005007109251071092520710925307109223
:1053A000600767E573E08EEE96E00E94D01967E52E
:1053B00073E088EE96E00E94D0196FE872E082EE0A
:1053C00096E00E94D0196FE872E08CED96E00E94A2
:1053D000D0196FE872E086ED96E00C94D019CF9367
:1053E000DF93CDB7DEB7AF970FB6F894DEBF0FBE31
:1053F000CDBF789484B5826084BD84B5816084BD5E
:1054000085B5826085BD85B5816085BD80916E0062
:10541000816080936E001092810080918100826093
:1054200080938100809181008160809381008091D0
:1054300080008160809380008091B10084608093BF
:10544000B1008091B00081608093B00080919100A4
:10545000826080939100809191008160809391009F
:10546000809190008160809390008091A100826083
:105470008093A1008091A10081608093A100809120
:10548000A00081608093A0008091210182608093C0
:10549000210180912101816080932101809120016F
:1054A00081608093200180917A00846080937A00EB
:1054B00080917A00826080937A0080917A00816086
:1054C00080937A0080917A00806880937A001092AD
:1054D000C10088E199E20FB6F894A8958093600026
:1054E0000FBE909360008DE296E00E947F0E1092B6
:1054F0008F0510928E0510928D0510928C050E94DA
:10550000711389EC9EE090938905809388058AEC5D
:105510009EE090938B0580938A050E94DB150E9484
:105520001D1562E082E00E94041161E089E00E94A2
:10553000041161E08AE00E94041161E08BE00E94A6
:10554000041161E088E00E94041160E083E00E94A1
:10555000041160E08CE00E94041160E084E00E948D
:10556000041160E089E00E94D21060E08AE00E94AD
:10557000D21060E08BE00E94D21060E088E00E94D0
:10558000D2101A821982CE0101960E941B1B8EA78F
:1055900081E090E09A838983CE0101960E941B1BD3
:1055A0008FA7BE016F5F7F4FCE0188960E947E1B42
:1055B00028A539A52E3F3F4F09F406C260931E056A
:1055C00070931F05809320059093210564E072E09D
:1055D00084E090E00E944A1BC0900402D090050233
:1055E000E0900602F0900702A7019601C701B601FC
:1055F0000E94E644811114C02DEC3CEC4CEC5DE3C0
:10560000C701B6010E947C4287FD0AC020E030E05D
:1056100040E251E4C701B6010E94E144181694F437
:1056200080E090E0A0EFB0E4809304029093050244
:10563000A0930602B093070264E072E084E090E079
:105640000E946F1C8DE192E00E94201B80911D0240
:10565000811108C06AE973E08DE192E00E94604721
:105660000E94231C68E072E088E190E00E944A1BDF
:10567000C0900802D0900902E0900A02F0900B025C
:10568000A7019601C701B6010E94E644811114C02A
:1056900020E030E040E85FE3C701B6010E947C42B1
:1056A00087FD0AC020E030E44CE156E4C701B601B2
:1056B0000E94E144181694F480E090E0A8E4B2E47B
:1056C0008093080290930902A0930A02B0930B0200
:1056D00068E072E088E190E00E946F1C60E072E098
:1056E0008CE190E00E944A1BC0900002D090010221
:1056F000E0900202F0900302A7019601C701B601F3
:105700000E94E644811113C020E030E0A901C701E6
:10571000B6010E947C4287FD0AC020E030E040E2F2
:1057200051E4C701B6010E94E144181694F48AE9D5
:1057300099E9A9E9BEE38093000290930102A09346
:105740000202B093030260E072E08CE190E00E94FC
:105750006F1C8EA59FA58D3C9B4A51F010921E0593
:1057600010921F0510922005109221050E94A21D83
:1057700080E290E09A838983CE0101960E941B1BF0
:1057800091E0813009F090E090935B058FED90E01F
:105790009A838983CE0101960E941B1B91E0813080
:1057A00009F090E0909358053BEDE32E34E0F32EA2
:1057B00002E210E01A830983CE0101960E941B1BAE
:1057C000F70181937F010F5F1F4F0F35110591F78F
:1057D0008091DB048F5F823008F038C11092DB04C7
:1057E00068EE76E0CE0101960E94B619BE016F5FA9
:1057F0007F4FCE0182960E941819BE016E5D7F4FC9
:105800008EEE96E00E943418CE0182960E947F1898
:10581000CE0101960E947F1860E080E00E949F15F3
:1058200060EE74E083E697E00E94E10E61E085E0BF
:105830000E949F1567ED74E083E697E00E94E10EF9
:1058400060ED77E080E090E00E94691161E089E01E
:105850000E94D2100E94D01588E295E190930D022B
:1058600080930C0280916A008C7F826080936A0032
:10587000EC9A8BEC9EE090930F0280930E02809145
:105880006A00837F886080936A00ED9A0E949B1172
:10589000609318057093190580931A0590931B0562
:1058A00080E995E00E947F0E64E670E080E090E081
:1058B0000E9469113324339444244394512C9FED66
:1058C000692E9EE0792E2BEC822E2EE0922EA8954A
:1058D00080E995E00E94630F892B51F00E949B1193
:1058E0006093790570937A0580937B0590937C058E
:1058F00080918205882309F4C6C00E949B11009103
:10590000790510917A0520917B0530917C05601B0B
:10591000710B820B930B603C744D8140910508F430
:10592000B2C00E94A21D61E088E00E94D21068EC23
:1059300070E080E090E00E94691160E088E00E94E1
:10594000D2101092820510924205109241051092D9
:10595000400510923F0510923E050E941D150E94C1
:10596000D01560E080E00E949F1561E17BE183E655
:1059700097E00E94E10E61E080E00E949F156FEFCA
:105980007AE183E697E00E94E10E0E94D0158FEC49
:105990009AE10E94A21688EB9AE10E94A21682E97F
:1059A0009AE10E94A2168AE79AE10E94A21668E78D
:1059B0007AE180E995E00E94E10E10923D05109297
:1059C0003C050E94631549C78EA59FA58D3C9B4A47
:1059D00089F54EE1E42E45E0F42E02E010E01BA331
:1059E0000AA3CE0182960E941B1BF70181937F01BF
:1059F0000F5F1F4F0630110591F76EE974E08DE2DD
:105A000096E00E94E10E40911E0550911F056091A5
:105A10002005709121058DE296E00E9401176091AA
:105A20001E0570911F0580912005909121050E940F
:105A3000421DCCCD10921E0510921F05109220051C
:105A40001092210560E070E0CB01F1CF10921705B4
:105A50006BED74E0CE0182960E94D019BE016E5D9E
:105A60007F4FCE0101960E941819BE016F5F7F4FD4
:105A70008EEE96E00E943418CE0101960E947F18A7
:105A8000CE018296C7CE84E00E94A610892B09F031
:105A90001DC180913B058111C7C00E949B1160937D
:105AA0003705709338058093390590933A05309205
:105AB0003B050E949B110091330510913405209104
:105AC000350530913605601B710B820B930B6A30E4
:105AD00071058105910508F4C0C680E995E00E9432
:105AE000630F892B09F4B9C60E949B11609333059B
:105AF00070933405809335059093360580E995E0E1
:105B00000E94410F909182059111F6C020913C05B1
:105B100030913D058A3019F08D3009F09AC6121681
:105B200013060CF09AC62D5D3A4FF90110826DE113
:105B300072E083E295E00E945747892B09F0C9C0C3
:105B400061E088E00E94D21068EC70E080E090E0B4
:105B50000E94691160E088E00E94D21030928205B4
:105B6000309242050E94D01510926E0760E083E6E5
:105B700097E00E94361486E49AE10E94A21684E41B
:105B80009AE10E94A21686E39AE10E94A21684E39B
:105B90009AE10E94A2166EE17AE180E995E00E9406
:105BA000E10E609108027091090280910A029091C1
:105BB0000B020E9404188CE19AE10E94A21667E091
:105BC0007AE180E995E00E94E10E60910402709113
:105BD000050280910602909107020E94041885E058
:105BE0009AE10E94A2166BEE79E180E995E00E94AD
:105BF000E10E609100027091010280910202909189
:105C000003020E94041889EE99E10E94A21689E716
:105C100099E10E94A21687E799E10E94A2168AEFF5
:105C200098E10E94A216C9CE0E949B1100913705EF
:105C3000109138052091390530913A05601B710BA0
:105C4000820B930B683873418105910508F431CFBD
:105C50006AE973E08DE192E00E9460470E944C1C6B
:105C600061E088E00E94D21068EC70E080E090E093
:105C70000E94691160E088E00E94D21068EC70E038
:105C800080E090E00E94691161E088E00E94D210FB
:105C900068EC70E080E090E00E94691160E088E0CC
:105CA0000E94D21081E495E00E94A2168CE295E059
:105CB0000E94A21681E195E00E94A21683EF94E073
:105CC0000E94A21681EF94E00E94A21610923B055A
:105CD000F0CE88EF98E10E94A21686ED98E10E942E
:105CE000A2168CEA98E10E94A2168CE698E10E9426
:105CF000A2168AE698E195CF90914205992309F47E
:105D0000A7C120913C0530913D058A3019F08D30B6
:105D100009F0A9C4121613060CF09FC52D5D3A4F69
:105D2000F90110826FE973E083E295E00E94574722
:105D3000892B29F5109242053092220561E088E016
:105D40000E94D21068EC70E080E090E00E9469113F
:105D500060E088E00E94D21088E698E10E94A216D6
:105D600083E298E10E94A21681E298E10E94A216C5
:105D700086ED97E10E94A21684ED97E152CF65EA85
:105D800073E083E295E00E945747892B29F5109232
:105D900042053092410561E088E00E94D21068EC33
:105DA00070E080E090E00E94691160E088E00E946D
:105DB000D21083ED97E10E94A21689E897E10E9434
:105DC000A21688E897E10E94A21681E497E10E945A
:105DD000A21680E497E125CF6FEA73E083E295E0B5
:105DE0000E945747892BE9F41092420530924005F2
:105DF00061E088E00E94D21068EC70E080E090E002
:105E00000E94691160E088E00E94D2108EE397E161
:105E10000E94A21688EF96E10E94A21686EF96E1F4
:105E200000CF67EB73E083E295E00E945747892B30
:105E300099F51092420530923F0561E088E00E949A
:105E4000D21068EC70E080E090E00E94691160E0A0
:105E500088E00E94D21084EF96E10E94A21662EEC2
:105E600076E180E995E00E94E10E40911E05509197
:105E70001F05609120057091210580E995E00E9441
:105E8000011780EE96E10E94A2168AE996E10E942F
:105E9000A21688E996E1C5CE6FEB73E083E295E048
:105EA0000E945747892B09F047C010921E05109297
:105EB0001F0510922005109221050E94A21D61E08D
:105EC00088E00E94D21068EC70E080E090E00E94D0
:105ED000691160E088E00E94D21086E996E10E9494
:105EE000A21689E896E10E94A21687E896E10E9430
:105EF000A21661E776E180E995E00E94E10E40910B
:105F00001E0550911F05609120057091210580E9C3
:105F100095E00E9401178FE696E10E94A21682E3A7
:105F200096E10E94A21680E396E10E94A2161092CA
:105F3000420530923E0541CD65EC73E083E295E089
:105F40000E945747892B69F50E94A21D61E088E0F5
:105F50000E94D21068EC70E080E090E00E9469112D
:105F600060E088E00E94D2101092820510924205F3
:105F70000E941D158EE296E10E94A2168EE196E126
:105F80000E94A21687E096E10E94A21681EE95E19A
:105F90000E94A21686EC95E10E94A21684EC95E17F
:105FA00040CE6AEC73E083E295E00E945747892B6C
:105FB00009F041C01092420510924105109240052F
:105FC00010923F0510923E0530921D0561E088E079
:105FD0000E94D21068EC70E080E090E00E946911AD
:105FE00060E088E00E94D21082EC95E10E94A21647
:105FF00084EA95E10E94A21663E975E180E995E0E3
:106000000E94E10E609100027091010280910202F3
:10601000909103020E9404188FE695E10E94A21657
:106020008EE695E10E94A21681E395E10E94A216F8
:106030008FE295E1F6CD8DEC94E10E94A2168BECF7
:1060400094E10E94A21610923D0510923C0505C4F1
:1060500090912205992309F496C120913C05309135
:106060003D058A3019F08D3009F0FDC21216130675
:106070000CF0F3C32D5D3A4FF90110826FE973E024
:1060800083E295E00E945747892B09F5109222057B
:106090003092420561E088E00E94D21068EC70E026
:1060A00080E090E00E94691160E088E00E94D210D8
:1060B00089EC94E10E94A21684E894E10E94A21661
:1060C00083E894E10E94A21688E394E1AACD65EAF0
:1060D00073E083E295E00E945747892B09F51092FF
:1060E00022053092410561E088E00E94D21068EC00
:1060F00070E080E090E00E94691160E088E00E941A
:10610000D21086E394E10E94A2168CEE93E10E94E5
:10611000A2168BEE93E10E94A21684EA93E181CD50
:106120006FEA73E083E295E00E945747892BE9F418
:10613000109222053092400561E088E00E94D21062
:1061400068EC70E080E090E00E94691160E088E017
:106150000E94D21082EA93E10E94A2168CE593E19C
:106160000E94A2168BE593E15CCD67EB73E083E2BE
:1061700095E00E945747892B99F51092220530929D
:106180003F0561E088E00E94D21068EC70E080E09A
:1061900090E00E94691160E088E00E94D2108AE5D8
:1061A00093E10E94A21668E473E180E995E00E9401
:1061B000E10E40911E0550911F05609120057091E0
:1061C000210580E995E00E94011787E493E10E9490
:1061D000A21681E093E10E94A2168FEF92E121CDF9
:1061E0006FEB73E083E295E00E945747892B09F03B
:1061F00041C010921E0510921F05109220051092AA
:1062000021050E94A21D61E088E00E94D21068EC86
:1062100070E080E090E00E94691160E088E00E94F8
:10622000D21082EF92E10E94A21681EF92E10E94C9
:10623000A2166BED72E180E995E00E94E10E4091BB
:106240001E0550911F05609120057091210580E980
:1062500095E00E9401178AED92E10E94A2168DE955
:1062600092E10E94A2168BE992E10E94A21610927E
:1062700022055FCE65EC73E083E295E00E9457470C
:10628000892B69F50E94A21D61E088E00E94D2106E
:1062900068EC70E080E090E00E94691160E088E0C6
:1062A0000E94D21010928205109222050E941D15A4
:1062B00089E992E10E94A21689E892E10E94A21661
:1062C00082E792E10E94A2168CE492E10E94A2165B
:1062D00084E392E10E94A21682E392E1A2CC83E2DF
:1062E00095E00E94153E6B017C012AE037ED43E208
:1062F0005CE30E94E14487FD3FC020E030E44CE1D4
:1063000056E4C701B6010E947C421816ACF1C09257
:106310000802D0920902E0920A02F0920B020E9457
:10632000A31C61E088E00E94D21068EC70E080E07D
:1063300090E00E94691160E088E00E94D2106EE057
:1063400072E180E995E00E94E10E6091080270918F
:10635000090280910A0290910B020E9404188CE0BD
:1063600092E10E94A2168BEB91E10E94A21610927C
:1063700022053092420521CB86E491E10E94A216CB
:1063800084E491E15ECE90914105992309F49CC18A
:1063900020913C0530913D058A3019F08D3009F08F
:1063A00062C1121613060CF058C22D5D3A4FF90166
:1063B00010826FE973E083E295E00E945747892BD2
:1063C00009F5109241053092420561E088E00E9493
:1063D000D21068EC70E080E090E00E94691160E00B
:1063E00088E00E94D21082E491E10E94A2168DEF13
:1063F00090E10E94A2168CEF90E10E94A21681EB20
:1064000090E10FCC67EB73E083E295E00E94574781
:10641000892B99F51092410530923F0561E088E0A3
:106420000E94D21068EC70E080E090E00E94691158
:1064300060E088E00E94D21080EB90E10E94A216FA
:106440006EE970E180E995E00E94E10E40911E0541
:1064500050911F05609120057091210580E995E01C
:106460000E9401178DE990E10E94A21687E590E154
:106470000E94A21685E590E1D4CB6FEB73E083E236
:1064800095E00E945747892B09F041C010921E05E4
:1064900010921F0510922005109221050E94A21D46
:1064A00061E088E00E94D21068EC70E080E090E04B
:1064B0000E94691160E088E00E94D21088E490E1B7
:1064C0000E94A21687E490E10E94A21661E370E1A7
:1064D00080E995E00E94E10E40911E0550911F0554
:1064E000609120057091210580E995E00E940117D7
:1064F00080E390E10E94A21683EF9FE00E94A21623
:1065000081EF9FE00E94A2161092410512CD65EC2A
:1065100073E083E295E00E945747892B69F50E945A
:10652000A21D61E088E00E94D21068EC70E080E07B
:1065300090E00E94691160E088E00E94D210109201
:106540008205109241050E941D158FEE9FE00E946A
:10655000A2168FED9FE00E94A21688EC9FE00E9499
:10656000A21682EA9FE00E94A2168AE89FE00E949B
:10657000A21688E89FE055CB6FEA73E083E295E0CE
:106580000E945747892BE9F410924105309240054B
:1065900061E088E00E94D21068EC70E080E090E05A
:1065A0000E94691160E088E00E94D21086E89FE0B6
:1065B0000E94A21680E49FE00E94A2168EE39FE054
:1065C00030CB83E295E00E94153E6B017C012DECFF
:1065D0003CEC4CEC5DE30E94E14487FD3DC020E0D3
:1065E00030E040E251E4C701B6010E947C42181637
:1065F0009CF1C0920402D0920502E0920602F09251
:1066000007020E94FD1C61E088E00E94D21068EC45
:1066100070E080E090E00E94691160E088E00E94F4
:10662000D2106BE17FE080E995E00E94E10E60917D
:1066300004027091050280910602909107020E9467
:10664000041889E19FE00E94A21686ED9EE00E9458
:10665000A216109241058DCE83E69EE00E94A216FE
:1066600081E69EE0EECC203131050CF0F6C0482FDB
:10667000082E000C550B405351094A30510508F4BF
:1066800097C08E3209F494C09EE8980F943008F4B5
:106690008FC0893609F48CC09BE9980F923008F4BA
:1066A00087C09FE9980F933008F482C08C3609F4B4
:1066B0007FC092E9980F933008F47AC099E8980F58
:1066C000923008F0CAC074C090911D05992309F456
:1066D0007BC020913C0530913D058A3019F08D300A
:1066E00009F062C0121613060CF0B7C02D5D3A4FC8
:1066F000F901108283E295E00E94153E6B017C0156
:1067000020E030E0A9010E94E14487FD4AC020E07A
:1067100030E040E251E4C701B6010E947C42181605
:106720000CF43FC0C0920002D0920102E09202023B
:10673000F092030260E072E08CE190E00E946F1C36
:1067400061E088E00E94D21068EC70E080E090E0A8
:106750000E94691160E088E00E94D21062E47EE04D
:1067600080E995E00E94E10E6091000270910102C3
:1067700080910202909103020E94041880E49EE03E
:106780000E94A21610921D05309242058FE39EE0F2
:106790000E94A21682E09EE00E94A21680E09EE087
:1067A00040CA81EE9DE03DCA2A3031050CF055C04B
:1067B000A9014F5F5F4F50933D0540933C052D5D10
:1067C0003A4FF901808349C090914005992309F41B
:1067D00057C120913C0530913D058A3011F08D3034
:1067E000C1F512161306CCF5F901ED5DFA4F1082D2
:1067F000245031092C30310528F563E275E08DE134
:1068000092E00E9460470E944C1C61E088E00E9478
:10681000D21068EC70E080E090E00E94691160E0C6
:1068200088E00E94D21085EC9DE00E94A21683ECC5
:106830009DE00E94A2168DE79DE00E94A216109294
:10684000400597CD8DE49DE00E94A2168BE49DE06B
:10685000E8C92F3031050CF4ABCF0E949B11009199
:106860008405109185052091860530918705601B70
:10687000710B820B930B60327F4B82409105B0F01D
:106880000E949B1160938405709385058093860513
:106890009093870580918305811108C080918205BE
:1068A000811104C00E94DB150E941D150E94152253
:1068B0000E949B1100917E0510917F05209180051B
:1068C00030918105601B710B820B930B60327E440B
:1068D0008105910508F447C080917D0583251BA2A1
:1068E0001AA21DA21CA21FA21EA24AE0BE016F5F37
:1068F0007F4F90E00E94403EBE016F5F7F4FCE0110
:1069000082960E94741968ED73E0CE0188960E9409
:10691000D019BE016E5D7F4FCE0188960E94F1189E
:106920006CED73E00E94DB18BC01CE0101960E9461
:10693000B619CE0101960E948B16CE0101960E94D7
:106940007F18CE0188960E947F18CE0182960E9401
:106950007F180E949B1160937E0570937F05809342
:1069600080059093810580917D05882309F428C4D2
:10697000A8950E949B116093790570937A05809386
:106980007B0590937C0560E089E00E94D21060E076
:106990008AE00E94D21060E080E00E949F1560E8CB
:1069A0007CE183E697E00E94E10E61E080E00E94D6
:1069B0009F1565E77CE183E697E00E94E10E409138
:1069C00075055091760560917705709178052AE0FC
:1069D00083E697E00E94B5166CE67CE183E697E0DB
:1069E0000E94E10E0E949B110091710510917205A9
:1069F0002091730530917405601B710B820B930B12
:106A0000683B7B4081059105B8F1A8950E949B11D8
:106A10006093790570937A0580937B0590937C054C
:106A200061E088E00E94D2106CE271E080E090E0CA
:106A30000E94691160E088E00E94D21068EC70E06A
:106A400080E090E00E94691161E088E00E94D2102D
:106A50006CE271E080E090E00E94691160E088E003
:106A60000E94D2100E949B11609371057093720571
:106A700080937305909374050E9412100C94672CF8
:106A800090911C05992309F49CC120913C053091FB
:106A90003D058A3019F08D3009F06AC112161306CF
:106AA0000CF0DBCE2D5D3A4FF901108263ED73E0FF
:106AB00083E295E00E945747892B09F50E94A21DA9
:106AC0000E94D01561E088E00E94D21068EC70E06E
:106AD00080E090E00E94691160E088E00E94D2109E
:106AE00089E49DE00E94A21688EE9CE00E94A21616
:106AF00086EE9CE00E94A21610921C053ACC6FE92B
:106B000073E083E295E00E945747892B09F51092C4
:106B10001C053092420561E088E00E94D21068ECCA
:106B200070E080E090E00E94691160E088E00E94DF
:106B3000D21084EE9CE00E94A2168FE99CE00E9495
:106B4000A2168EE99CE00E94A21683E59CE069C82B
:106B500065EA73E083E295E00E945747892B09F5C7
:106B600010921C053092410561E088E00E94D2102D
:106B700068EC70E080E090E00E94691160E088E0DD
:106B80000E94D21081E59CE00E94A21687E09CE062
:106B90000E94A21686E09CE00E94A2168FEB9BE06A
:106BA00040C867EB73E083E295E00E945747892B6A
:106BB00079F510921C0530923F0561E088E00E9453
:106BC000D21068EC70E080E090E00E94691160E013
:106BD00088E00E94D2108EEB9BE00E94A2166CEA25
:106BE0007BE080E995E00E94E10E40911E05509106
:106BF0001F05609120057091210580E995E00E94B4
:106C000001178BEA9BE00E94A21681E79BE009C86E
:106C10006FEB73E083E295E00E945747892BE9F51B
:106C200010921E0510921F0510922005109221054A
:106C30000E94D01561E088E00E94D21068EC70E0FC
:106C400080E090E00E94691160E088E00E94D2102C
:106C50008FE69BE00E94A21681E39BE00E94A216B1
:106C600080E39BE00E94A2166AE17BE080E995E068
:106C70000E94E10E40911E0550911F056091200574
:106C80007091210580E995E00E94011789E19BE060
:106C90000E94A21610921C054CC96FEA73E083E2B1
:106CA00095E00E945747892BF1F410921C05309211
:106CB000400561E088E00E94D21068EC70E080E05E
:106CC00090E00E94691160E088E00E94D21087E1A4
:106CD0009BE00E94A21681ED9AE00E94A21680ED30
:106CE0009AE00C94112E65EC73E083E295E00E942B
:106CF0005747892BB1F50E94A21D61E088E00E94F0
:106D0000D21068EC70E080E090E00E94691160E0D1
:106D100088E00E94D2101092820510921C051092F9
:106D200042051092220510923F05109241050E94E3
:106D30001D158EEC9AE00E94A2168EEB9AE00E943E
:106D4000A21687EA9AE00E94A21681E89AE00E94C1
:106D5000A21689E69AE00E94A21687E69AE00C94B1
:106D6000112E8DEF99E00E94A2168BEF99E069C970
:106D7000203131050CF071CD482F082E000C550B39
:106D8000405351094A30510508F412CD9FE9980F3C
:106D9000933008F40DCD9BE9980F923008F408CD9C
:106DA0009EE8980F973008F403CD893609F400CD9A
:106DB0008C3609F4FDCC92E9980F933008F04DCD54
:106DC000F7CC90913F05992309F415C120913C051A
:106DD00030913D058A3019F08D3009F0E2C112166C
:106DE00013060CF03ACD2D5D3A4FF90110826FE990
:106DF00073E083E295E00E945747892B11F51092CA
:106E00003F053092420561E088E00E94D21068ECB4
:106E100070E080E090E00E94691160E088E00E94EC
:106E2000D21089EF99E00E94A21684EB99E00E94AB
:106E3000A21683EB99E00E94A21688E699E00C94D2
:106E4000112E65EA73E083E295E00E945747892B93
:106E500011F510923F053092410561E088E00E94F3
:106E6000D21068EC70E080E090E00E94691160E070
:106E700088E00E94D21086E699E00E94A2168CE17A
:106E800099E00E94A2168BE199E00E94A21684ED7F
:106E900098E00C94112E6FEB73E083E295E00E9472
:106EA0005747892B09F044C010921E0510921F0508
:106EB000109220051092210561E088E00E94D21016
:106EC00068EC70E080E090E00E94691160E088E08A
:106ED0000E94D21082ED98E00E94A21685EC98E004
:106EE0000E94A21684EC98E00E94A2166EEA78E056
:106EF00080E995E00E94E10E40911E0550911F052A
:106F0000609120057091210580E995E00E940117AC
:106F10008DEA98E00E94A21680E798E00E94A216EF
:106F20008EE698E00E94A21610923F050C94992FCD
:106F300065EC73E083E295E00E945747892B71F579
:106F40000E94A21D61E088E00E94D21068EC70E00F
:106F500080E090E00E94691160E088E00E94D21019
:106F60001092820510923F050E941D158CE698E054
:106F70000E94A2168CE598E00E94A21685E498E093
:106F80000E94A2168FE198E00E94A21684E098E089
:106F90000E94A21682E098E00C94112E6FEA73E032
:106FA00083E295E00E945747892BF1F410923F0548
:106FB0003092400561E088E00E94D21068EC70E0F9
:106FC00080E090E00E94691160E088E00E94D210A9
:106FD00080E098E00E94A2168AEB97E00E94A21639
:106FE00089EB97E00C94112E82E697E00E94A2169E
:106FF00080E697E026C890913E05992309F42DCCB0
:1070000020913C0530913D058A3019F08D3009F012
:10701000C8C0121613060CF020CC2D5D3A4FF901B2
:1070200010826FE973E083E295E00E945747892B55
:1070300011F510923E053092420561E088E00E9411
:10704000D21068EC70E080E090E00E94691160E08E
:1070500088E00E94D2108EE597E00E94A21689E196
:1070600097E00E94A21688E197E00E94A2168DEC9C
:1070700096E00C94112E65EA73E083E295E00E949D
:107080005747892B11F510923E053092410561E07A
:1070900088E00E94D21068EC70E080E090E00E94EE
:1070A000691160E088E00E94D2108BEC96E00E94AB
:1070B000A21681E896E00E94A21680E896E00E945F
:1070C000A21689E396E00C94112E65EC73E083E23E
:1070D00095E00E945747892BB1F50E94A21D61E0FF
:1070E00088E00E94D21068EC70E080E090E00E949E
:1070F000691160E088E00E94D2101092820510921F
:107100003E05109242051092220510923F05109202
:1071100041050E941D1589E296E00E94A21687E2B1
:1071200096E00E94A21680E196E00E94A2168AEEE6
:1071300095E00E94A21682ED95E00E94A21680EDD5
:1071400095E00C94112E6FEA73E083E295E00E94C3
:107150005747892BF1F410923E053092400561E0CB
:1071600088E00E94D21068EC70E080E090E00E941D
:10717000691160E088E00E94D2108EEC95E00E94D8
:10718000A21688E895E00E94A21687E895E00C9484
:10719000112E85E495E00E94A21683E495E00C94FC
:1071A0002130203131050CF058CB482F082E000C2F
:1071B000550B405351094A30510508F065CAF8CAC9
:1071C00080918305811180C080916D0590916E053D
:1071D000A0916F05B0917005892B8A2B8B2B09F03C
:1071E00073C00E949B110091690510916A0520915E
:1071F0006B0530916C05601B710B820B930B683E25
:1072000073408105910508F45FC00E949B11609353
:10721000690570936A0580936B0590936C05A8953A
:107220000E949B116093790570937A0580937B058A
:1072300090937C05ED9870920F0260920E0240913F
:10724000650550916605609167057091680510921B
:107250006505109266051092670510926805909278
:107260000F0280920E0280916A00837F8860809373
:107270006A00ED9A433051056105710508F40CC1AF
:10728000A8950E949B116093790570937A0580936D
:107290007B0590937C05C0906105D0906205E090DD
:1072A0006305F0906405C114D104E104F104D9F43C
:1072B0000E949B1160936105709362058093630542
:1072C0009093640510926005809182058111D4CB62
:1072D00080915B058111F7C080915A0512E0811100
:1072E000F3C010E0F5C00E949B11209160056C195D
:1072F0007D098E099F0960327E448105910508F45D
:1073000059C021115AC030926005A8950E949B1166
:107310006093790570937A0580937B0590937C0543
:1073200060E089E00E94D21005E010E0A8950E947C
:107330009B116093790570937A0580937B059093F8
:107340007C0561E088E00E94D2106CE271E080E090
:1073500090E00E94691160E088E00E94D21068EC21
:1073600070E080E090E00E94691101501109F1F68F
:107370000E94D01560E080E00E949F156AE57CE1E4
:1073800083E697E00E94E10E61E080E00E949F1595
:1073900066E47CE183E697E00E94E10EA8950E94F6
:1073A0009B116093790570937A0580937B05909388
:1073B0007C058ACF222309F487CFA8950E949B11D0
:1073C0006093790570937A0580937B0590937C0593
:1073D00060E089E00E94D21060E080E00E949F158A
:1073E00061E37CE183E697E00E94E10E61E080E0EA
:1073F0000E949F156CE17CE183E697E00E94E10E1C
:107400000E949B1100915C0510915D0520915E0525
:1074100030915F05601B710B820B930B68387341D1
:107420008105910508F450CFA8950E949B116093A7
:10743000790570937A0580937B0590937C0561E0D4
:1074400088E00E94D2106CE271E080E090E00E943F
:10745000691160E088E00E94D21068EC70E080E082
:1074600090E00E94691161E088E00E94D2106CE215
:1074700071E080E090E00E94691160E088E00E9485
:10748000D2100E949B1160935C0570935D05809300
:107490005E0590935F0518CF10926105109262050A
:1074A0001092630510926405109260058091820528
:1074B0008111E2CA61E089E00E94D21060E08AE0B6
:1074C0000E94D21001CF11E060E089E00E94D2104A
:1074D00080911C02811771F110931C020E94D0153B
:1074E0001130A9F460E080E00E949F156AE07CE121
:1074F00083E697E00E94E10E61E080E00E949F1524
:107500006AEF7BE183E697E00E94E10EB5CA123094
:1075100089F460E080E00E949F156EEE7BE183E6D7
:1075200097E00E94E10E61E080E00E949F1561EE0D
:107530007BE1E8CF1111A0CA80915905882309F495
:1075400066C180914E0590914F050297C1F40E944B
:107550009B11009143051091440520914505309100
:107560004605601B710B820B930B613F794482408F
:10757000910528F08FED93E00E947E197DCA0E944C
:107580000312182F882309F477CA61E088E00E946B
:10759000D21060E570E080E090E00E94691160E048
:1075A00088E00E94D21080914E0590914F051234D0
:1075B00031F4029709F460CA8CEE93E0DDCF0097B6
:1075C00009F078C01A3241F56091E6067091E7063D
:1075D0006115710531F06150710982EE96E00E94EB
:1075E0005E1660E086E00E949F156BE57BE183E616
:1075F00097E00E94E10E60E086E00E949F154091B6
:10760000E6065091E7066091E2067091E30683E694
:1076100097E00E94050F30CA1332D1F58091E6063B
:107620009091E7060A97B9F060E080E00E949F150C
:107630006CE87BE183E697E00E94E10E60EB74E08A
:1076400080E090E00E94691160E080E00E949F1558
:107650006BE77BE157CF50924F0540924E056FE8A4
:1076600072E08CED96E00E9474190E94D01560E0E3
:1076700080E00E949F1566E77BE183E697E00E9429
:10768000E10E61E080E00E949F1566E67BE13ACF63
:1076900080ED810F8A3008F0A4CF8091E6069091AA
:1076A000E7060A9708F09DCF612F82EE96E00E94D0
:1076B000041997CF019709F0DFC91A3221F56091BB
:1076C000E0067091E1066115710531F061507109B4
:1076D0008CED96E00E945E1660E084E00E949F15AB
:1076E00063E27BE183E697E00E94E10E60E084E0E4
:1076F0000E949F154091E0065091E1066091DC06E2
:107700007091DD0684CF133209F06FC08CED96E0E6
:107710000E9471166B017C0120E030E048E452E4E5
:107720000E947C4287FF17C060E080E00E949F15A6
:107730006EE47BE183E697E00E94E10E60EB74E08B
:1077400080E090E00E94691160E080E00E949F1557
:107750006DE37BE1D7CE82E090E090934F0580937C
:107760004E050E949B1160934305709344058093DE
:1077700045059093460522E0B701A601CE01829609
:107780000E942D1A68EF73E0CE0188960E94D019EE
:1077900062EE76E0CE0188960E94F1186AED73E001
:1077A0000E94DB18BE016E5D7F4F0E94F118BC0184
:1077B000CE0101960E94B619CE0101960E948B1649
:1077C000CE0101960E947F18CE0188960E947F18F4
:1077D000CE0182960E947F180E94D01560E080E062
:1077E0000E949F1560E37BE18DCE80ED810F8A3092
:1077F00008F072CF8091E0069091E106079708F0BB
:107800006BCF612F8CED96E00E94041965CF0E942A
:107810009B1100914A0510914B0520914C05309128
:107820004D05601B710B820B930B6835724081050F
:10783000910508F459C060E080E00E949F156DE951
:107840007BE183E697E00E94E10EC090F206D090C3
:10785000F30610E000E0E0904805F0904905C7010C
:10786000800F911FB6010E94EB445C0160E0802F05
:107870000E949F158091F2069091F306A816B90612
:1078800038F4E091EE06F091EF06309709F084C0ED
:1078900010924705E7E4F5E041E0608183E697E078
:1078A0000E9488150F5F1F4F00311105A1F6C70117
:1078B0000196B6010E94EB449093490580934805D8
:1078C0000E949B1160934A0570934B0580934C0571
:1078D00090934D050E949B116093790570937A05F2
:1078E00080937B0590937C0561E080E00E949F156A
:1078F00066ED7BE183E697E00E94E10E40916D0525
:1079000050916E0560916F05709170052AE083E6D5
:1079100097E00E94B5168CE00E94A6108C01809121
:1079200058058823E1F180916D0590916E05A09135
:107930006F05B0917005892B8A2B8B2B81F50E94E6
:107940000312833461F53092590510924F0510925D
:107950004E056FE872E082EE96E00E9474196FE8BF
:1079600072E08CED96E00E94741960E089E00E945C
:10797000D2100E94D01560E080E00E949F156CEB51
:107980007BE183E697E00E94E10E61E080E00E94E7
:107990009F156EEA7BE1B6CDEA0DFB1D7DCFC09051
:1079A0006D05D0906E05E0906F05F0907005C114E4
:1079B000D104E104F10409F402C10E949B11209159
:1079C0005405309155054091560550915705621B5D
:1079D000730B840B950B603D77408105910508F48E
:1079E00041C01BA21AA21DA21CA21FA21EA22AE015
:1079F000AE014F5F5F4FC701B6010E94603EBE01FE
:107A00006F5F7F4FCE0182960E94741963E074E02D
:107A1000CE0188960E94D019BE016E5D7F4FCE01C7
:107A200088960E94F118BC01CE0101960E94B619F9
:107A3000CE0101960E948B16CE0101960E947F18FE
:107A4000CE0188960E947F18CE0182960E947F18F0
:107A50000E949B11609354057093550580935605C1
:107A600090935705C0906D05D0906E05E0906F051E
:107A7000F090700520EAC21626E8D20621E0E20660
:107A8000F10490F060E089E00E94D21061E088E0AB
:107A90000E94D21068EC70E080E090E00E946911D2
:107AA00060E088E00E94D210012B11F00C943C356C
:107AB00061E088E00E94D21068EC70E080E090E025
:107AC0000E94691160E088E00E94D21080918305D5
:107AD000811110C06091500570915105809152053F
:107AE0009091530520E030E048E452E40E94E144E4
:107AF00087FF43C031E3C316D104E104F10410F061
:107B00000C943C350E94D01560E080E00E949F15E7
:107B100069EC7BE183E697E00E94E10E61E080E0A2
:107B20000E949F1563EC7BE183E697E00E94E10EE3
:107B300040916D0550916E0560916F0570917005D3
:107B40002AE083E697E00E94B51661E088E00E9493
:107B5000D21068EC70E080E090E00E94691160E073
:107B600088E00E94D21068EE73E080E090E00E940E
:107B700069110E94D0150C943C350E949B116093B2
:107B8000790570937A0580937B0590937C0560E07E
:107B900089E00E94D21061E088E00E94D21068EC77
:107BA00070E080E090E00E94691160E088E00E944F
:107BB000D210309283050E94D31D0C943C35C12C09
:107BC000D12C760171CF86ED96E00E947F188CED66
:107BD00096E00E947F1882EE96E00E947F1888EE61
:107BE00096E00E947F188EEE96E00C947F18EF923C
:107BF0000F931F93CF93DF93E80134E047FD34E107
:107C0000042E000C550B57FF03C0519541955109A7
:107C1000E32E022F242FAE010E949C3ECE01DF9165
:107C2000CF911F910F91EF900895662777270C94BD
:107C300015401F93FC0199278827BC01E8941191F6
:107C40001032E9F3193010F01E30C8F31B3251F036
:107C50001D3249F4689406C00E944B3E610F711DAD
:107C6000811D911D119110531A30B0F33EF490957F
:107C70008095709561957F4F8F4F9F4F1F9108950D
:107C8000BB274A3031F4992322F4BDE290958195C7
:107C90009F4F0C94833E592F482F372F262F660F66
:107CA000771F881F991F660F771F881F991F620F04
:107CB000731F841F951F660F771F881F991F0895D4
:107CC000BB27FA01A62F6217710581059105330BB9
:107CD00030FB66F0AA27660F771F881F991FAA1F1F
:107CE000A21710F0A21B63953850A9F7A05DAA3324
:107CF00008F0A95DA19336F7B111B1931082CA01C2
:107D00000C946C42BB27FB015527AA27880F991FAB
:107D1000AA1FA41710F0A41B83955051B9F7A05DBA
:107D2000AA3308F0A95DA193009779F7B111B19337
:107D30001192CB010C946C428F929F92AF92BF92A2
:107D4000CF92DF92EF92FF920F931F93CF93DF9327
:107D500000D000D000D0CDB7DEB76A01F22EB02E31
:107D6000102FFBE3AF2EA01608F41BE31F5F012FBB
:107D700027E0AE014F5F5F4F0E947341BC018981D4
:107D8000982F9970913009F44EC09BE2E1FC04C039
:107D90009E2D9170E0FC49C05E2D5071E82FE87077
:107DA00083FF55C084E0911101C083E0EF2DE81BF3
:107DB0008F1508F0E0E0D6018E2F20E25523C9F19F
:107DC000992329F0D6019C93C60101966C01960176
:107DD0002D5F3F4FE2FE33C08EE4D6018C9391E4D9
:107DE00011969C93119712968C93D9018E2F90E245
:107DF00081112AC0E20FF32FF11D10828EEF9FEF49
:107E000029960FB6F894DEBF0FBECDBFDF91CF919C
:107E10001F910F91FF90EF90DF90CF90BF90AF90A8
:107E20009F908F9008959DE2B7CF90E2B5CF2D93AC
:107E300081508111FCCFCE0ED11CE0E0C1CF8EE687
:107E4000D6018C9391E6CCCF9D938150D1CF482F12
:107E5000447082FF3DC084E0911101C083E08F1522
:107E600010F4EF2DE81BD6018E2F20E2552309F1E7
:107E7000992329F0D6019C93C60101966C019601C5
:107E80002D5F3F4FE2FE1BC089E4D6018C938EE448
:107E900011968C93119786E412968C93D9018E2FAC
:107EA00090E2882309F4A6CF9D938150FACF2D93B9
:107EB00081508111FCCFCE0ED11CE0E0D9CF89E6F4
:107EC000D6018C938EE611968C93119786E6E4CFBB
:107ED0009B0177FF02C030E020E0A1E0B0E091110B
:107EE00002C0B0E0A0E0F9013196AE0FBF1F8B2CAD
:107EF000912CBB2009F461C05401EFEFAE1ABE0A09
:107F0000AA0DBB1DFA161B0619F014F04F2D4A1BC3
:107F1000511188C0E3FC59C07601A42FB0E2A11131
:107F20004FC0C40ED11C992309F45BC040E0D601B8
:107F30001196F60190836D01552309F448C0012F75
:107F4000060F9A81582F507184FF03C0913309F4B2
:107F5000015010160CF047C0093008F008E0EEE2BE
:107F6000FE2E5B01A01AB1088501919481949108BD
:107F70002F3F320729F4D601FC92F60131966F01AA
:107F80006217730794F1021713077CF5DB01A21B3C
:107F9000B30BAA24A394B12CAC0EBD1EAA0DBB1D1D
:107FA00011968C9121503109D60111962815390569
:107FB000F4F0F60180836D01DBCFB12CA12CA0CFB2
:107FC000F701B1937F01A150AACF9111B0CFD60193
:107FD000942F50E302C05D9391509111FCCFC40ED9
:107FE000D11C40E0ACCF01E0BACF80E3DBCF621719
:107FF000730731F4963388F4953311F4552369F0FF
:10800000F6018083FD01842F90E2811108C0A40F46
:10801000B11D1C9290E080E0F3CE81E3F1CF91930B
:108020008150F3CF911183CF8ACF8F929F92AF92DD
:10803000BF92CF92DF92EF92FF920F931F93CF9355
:10804000DF935C017B016115710519F0DB018D93F4
:108050009C9385010F5F1F4FF501D0818D2F90E01C
:108060000E944B426C01892BB9F5DD32B9F50F5FE7
:108070001F4FD5011196DC91C1E05801F1E0AF1A14
:10808000B10843E050E068E971E0C5010E94544244
:10809000892B69F5680182E0C80ED11C45E050E0EB
:1080A00063E971E0C6010E945442892B21F4680102
:1080B00097E0C90ED11CE114F10419F0D701CD925B
:1080C000DC9260E070E080E89FEFC111FFC060E0EB
:1080D00070E080E89FE7FAC05801BBCFDB3229F49B
:1080E00085010E5F1F4FF501D181C0E0C6CF43E08F
:1080F00050E060E971E0C5010E945442892BE9F02B
:10810000F80110E000E020E030E0A9015F01B0EDEF
:108110008B2E8D0E89E08815C8F19C2E689491F8FD
:108120008C2F8870C2FF16C0811102C00F5F1F4FD5
:108130003196D501DC91C92DE9CFE114F10429F084
:108140000E5F1F4FF7011183008360E070E080EC49
:108150009FE7BCC0882311F001501109A5E0B0E0F1
:108160000E94B9439B01AC01220F331F441F551FCE
:10817000280D311D411D511D283999E9390749073D
:1081800099E15907A8F2C6609C2ED2CFAEEF8A12B1
:1081900006C0C3FD3CC09C2E689493F8C9CFDF7D18
:1081A000D534A9F580818D3239F4C061DF01129692
:1081B000818162E070E006C0DF018B32C1F311966D
:1081C00061E070E080535D01A61AB70A8A30F8F4C6
:1081D000E0E8CE16ECE0DE065CF4B601660F771F31
:1081E000660F771FC60ED71ECC0CDD1CC80ED11C27
:1081F0005D01FFEFAF1ABF0A8C9180538A30A8F15E
:10820000C4FF03C0D194C194D1080C0D1D1DC1FF42
:1082100009C0E114F10431F081E0A81AB108D701D6
:10822000AD92BC92CA01B9010E948142C370C330B1
:1082300009F490584B015C0120E030E0A9010E9454
:108240007C42882309F440C0C7ECD1E017FF05C089
:10825000119501951109CFEAD1E06E01B8E1CB1A71
:10826000D10880E2E82EF12C0FC0D501B1CFFE017C
:1082700025913591459154910E191F09C501B401FD
:108280000E94E2424B015C01D501C4010E151F059D
:1082900074F72497F594E794CC16DD06A9F78A2F96
:1082A000880F8B2F881F8F3F49F020E030E0A90115
:1082B000C501B4010E947C42811106C082E290E0B7
:1082C0009093700780936F07C501B401DF91CF9140
:1082D0001F910F91FF90EF90DF90CF90BF90AF90E4
:1082E0009F908F900895283008F027E03327DA0117
:1082F000990F311D87FD916000966105710539F474
:1083000032602E5F3D9330E32A95E1F708959F3F59
:1083100030F080387105610509F03C5F3C5F3D93AA
:10832000913008F08068911DDF93CF931F930F93D6
:10833000FF92EF92192F987F9695E92F9695969533
:10834000E90FFF27EB5DFD4F99273327EE24FF242C
:10835000A701E70105900894079428F4360FE71E5B
:10836000F81E491F511D660F771F881F991F06941D
:10837000A1F70590079428F4E70EF81E491F561F31
:10838000C11D770F881F991F661F0694A1F70590DE
:10839000079428F4F80E491F561FC71FD11D880FD8
:1083A000991F661F771F0694A1F70590079420F484
:1083B000490F561FC71FD81F990F661F771F881FA9
:1083C0000694A9F784911095177041F0D695C7953A
:1083D00057954795F794E7941A95C1F7EBECF1E0C0
:1083E00068941590159135916591959105907FE26E
:1083F0007395E118F10A430B560BC90BD009C0F76E
:10840000E10CF11E431F561FC91FD01D7EF47033AF
:1084100011F48A95E6CFE894015030F0080F0AF481
:108420000027021708F4202F2395022F7A3328F013
:1084300079E37D932A95E9F710C07D932A9589F613
:10844000069497956795379517951794E118F10A53
:10845000430B560BC90BD00998F023957E91739569
:108460007A3308F070E37C932013B8F77E91706143
:108470007D9330F0839571E37D9370E32A95E1F766
:108480001124EF90FF900F911F91CF91DF919927C9
:1084900087FD9095089591110C944F43803219F007
:1084A00089508550C8F70895FB01DC0141505040C8
:1084B00088F08D9181341CF08B350CF4805E6591D1
:1084C00061341CF06B350CF4605E861B611171F336
:1084D000990B0895881BFCCFDC01FC01672F71917B
:1084E0007723E1F7329704C07C916D93708362919A
:1084F000AE17BF07C8F308950E94BE4208F481E09A
:108500000895E89409C097FB3EF490958095709586
:1085100061957F4F8F4F9F4F9923A9F0F92F96E9CF
:10852000BB279395F695879577956795B795F11144
:10853000F8CFFAF4BB0F11F460FF1BC06F5F7F4FE1
:108540008F4F9F4F16C0882311F096E911C07723F3
:1085500021F09EE8872F762F05C0662371F096E8FC
:10856000862F70E060E02AF09A95660F771F881FCB
:10857000DAF7880F9695879597F90895990F00086F
:10858000550FAA0BE0E8FEEF16161706E807F907E5
:10859000C0F012161306E407F50798F0621B730B80
:1085A000840B950B39F40A2661F0232B242B252B01
:1085B00021F408950A2609F4A140A6958FEF811DA4
:1085C000811D08950E94F5420C9469430E945B430B
:1085D00038F00E94624320F0952311F00C9452432E
:1085E0000C94584311240C949D430E947A4370F3D9
:1085F000959FC1F3950F50E0551F629FF001729F48
:10860000BB27F00DB11D639FAA27F00DB11DAA1F56
:10861000649F6627B00DA11D661F829F2227B00DA3
:10862000A11D621F739FB00DA11D621F839FA00D2E
:10863000611D221F749F3327A00D611D231F849F7E
:10864000600D211D822F762F6A2F11249F575040D5
:108650009AF0F1F088234AF0EE0FFF1FBB1F661F50
:10866000771F881F91505040A9F79E3F510580F019
:108670000C9452430C949D435F3FE4F3983ED4F333
:10868000869577956795B795F795E7959F5FC1F7BD
:10869000FE2B880F911D9695879597F90895992738
:1086A0008827089597F99F6780E870E060E0089553
:1086B0009FEF80EC089500240A94161617061806FA
:1086C0000906089500240A941216130614060506D6
:1086D0000895092E0394000C11F4882352F0BB0F67
:1086E00040F4BF2B11F460FF04C06F5F7F4F8F4FCA
:1086F0009F4F089557FD9058440F551F59F05F3F05
:1087000071F04795880F97FB991F61F09F3F79F0B3
:1087100087950895121613061406551FF2CF469535
:10872000F1DF08C0161617061806991FF1CF8695B7
:108730007105610508940895E894BB27662777279B
:10874000CB0197F90895F999FECF92BD81BDF89AB2
:10875000992780B50895262FF999FECF1FBA92BDAB
:1087600081BD20BD0FB6F894FA9AF99A0FBE019612
:1087700008950E94C443A59F900DB49F900DA49F9F
:10878000800D911D11240895A29FB001B39FC001D7
:10879000A39F700D811D1124911DB29F700D811D2D
:1087A0001124911D08955058BB27AA270E94EB431E
:1087B0000C9469430E945B4338F00E94624320F0AE
:1087C00039F49F3F19F426F40C9458430EF4E095C5
:1087D000E7FB0C945243E92F0E947A4358F3BA17EF
:1087E000620773078407950720F079F4A6F50C94C7
:1087F0009C430EF4E0950B2EBA2FA02D0B01B9016E
:1088000090010C01CA01A0011124FF27591B99F006
:10881000593F50F4503E68F11A16F040A22F232F12
:10882000342F4427585FF3CF469537952795A79562
:10883000F0405395C9F77EF41F16BA0B620B730B09
:10884000840BBAF09150A1F0FF0FBB1F661F771F7A
:10885000881FC2F70EC0BA0F621F731F841F48F42F
:10886000879577956795B795F7959E3F08F0B0CFB8
:108870009395880F08F09927EE0F9795879508959F
:108880000E9454440C9469430E94624358F00E9431
:108890005B4340F029F45F3F29F00C94524351119F
:1088A0000C949D430C9458430E947A4368F3992397
:1088B000B1F3552391F3951B550BBB27AA276217DC
:1088C0007307840738F09F5F5F4F220F331F441FE9
:1088D000AA1FA9F335D00E2E3AF0E0E832D091501D
:1088E0005040E695001CCAF72BD0FE2F29D0660F0A
:1088F000771F881FBB1F261737074807AB07B0E84D
:1089000009F0BB0B802DBF01FF2793585F4F3AF052
:108910009E3F510578F00C9452430C949D435F3F69
:10892000E4F3983ED4F3869577956795B795F795D8
:108930009F5FC9F7880F911D9695879597F90895C0
:10894000E1E0660F771F881FBB1F6217730784075C
:10895000BA0720F0621B730B840BBA0BEE1F88F76B
:10896000E09508950E94824388F09F5798F0B92FB0
:108970009927B751B0F0E1F0660F771F881F991F54
:108980001AF0BA95C9F714C0B13091F00E949C4317
:10899000B1E008950C949C43672F782F8827B85F27
:1089A00039F0B93FCCF3869577956795B395D9F7AC
:1089B0003EF490958095709561957F4F8F4F9F4FB6
:1089C00008950E94BE4208F48FEF08950E94BE42AF
:1089D000880B990B089597FB072E16F4009407D087
:1089E00077FD09D00E94294507FC05D03EF49095FB
:1089F00081959F4F0895709561957F4F0895A1E2ED
:108A00001A2EAA1BBB1BFD010DC0AA1FBB1FEE1F08
:108A1000FF1FA217B307E407F50720F0A21BB30B53
:108A2000E40BF50B661F771F881F991F1A9469F7CF
:108A300060957095809590959B01AC01BD01CF012B
:108A40000895EE0FFF1F881F8BBF0790F691E02D52
:108A50001994AA1BBB1B51E107C0AA1FBB1FA61775
:108A6000B70710F0A61BB70B881F991F5A95A9F7D7
:108A700080959095BC01CD0108950F931F93CF93DE
:108A8000DF938230910510F482E090E0E09173076B
:108A9000F091740730E020E0B0E0A0E0309799F466
:108AA0002115310509F44AC0281B390B2430310542
:108AB000D8F58A819B816115710589F1FB0193834A
:108AC0008283FE0111C040815181028113814817C8
:108AD0005907E0F04817590799F4109761F012967A
:108AE0000C93129713961C933296CF01DF91CF917E
:108AF0001F910F9108950093730710937407F4CF9B
:108B00002115310551F04217530738F0A901DB0157
:108B10009A01BD01DF01F801C1CFEF01F9CF9093B8
:108B2000740780937307CDCFFE01E20FF31F81938B
:108B300091932250310939832883D7CF209171072F
:108B400030917207232B41F4209147023091480263
:108B500030937207209371072091450230914602AD
:108B60002115310541F42DB73EB74091490250918E
:108B70004A02241B350BE0917107F0917207E2174E
:108B8000F307A0F42E1B3F0B2817390778F0AC0130
:108B90004E5F5F4F2417350748F04E0F5F1F50930D
:108BA000720740937107819391939FCFF0E0E0E0CB
:108BB0009CCFCF93DF930097E9F0FC0132971382AB
:108BC0001282A0917307B0917407ED0130E020E0AC
:108BD0001097A1F420813181820F931F209171079A
:108BE000309172072817390709F061C0F0937207B6
:108BF000E0937107DF91CF910895EA01CE17DF0767
:108C0000E8F54A815B819E0141155105B1F7E90103
:108C1000FB83EA8349915991C40FD51FEC17FD07D7
:108C200061F4808191810296840F951FE9019983F7
:108C30008883828193819B838A83F0E0E0E01296AF
:108C40008D919C9113970097B9F52D913C911197B7
:108C5000CD010296820F931F209171073091720708
:108C60002817390739F6309751F51092740710928A
:108C70007307B0937207A0937107BCCFD383C283ED
:108C800040815181840F951FC817D90761F44E5F49
:108C90005F4F88819981480F591F518340838A8192
:108CA0009B81938382832115310509F0B0CFF09326
:108CB0007407E09373079ECFFD01DC01C0CF1382E0
:108CC0001282D7CF4F925F926F927F928F929F9234
:108CD000AF92BF92CF92DF92EF92FF920F931F93CA
:108CE000CF93DF938C01009799F4CB01DF91CF9163
:108CF0001F910F91FF90EF90DF90CF90BF90AF90BA
:108D00009F908F907F906F905F904F900C943D4517
:108D1000FC01E60FF71F9C0122503109E217F3070F
:108D200008F4AEC0D901CD91DC911197C617D707D1
:108D300020F1C530D10578F0CE010497861797074A
:108D400050F0C61BD70B2297C193D1936D937C93A0
:108D5000CF010E94D945C801DF91CF911F910F919A
:108D6000FF90EF90DF90CF90BF90AF909F908F904B
:108D70007F906F905F904F9008955B01AC1ABD0A91
:108D80004C018C0E9D1EA0917307B0917407512C5D
:108D9000412CF12CE12C109731F5809171079091C5
:108DA00072078815990509F05CC04616570608F049
:108DB00058C08091450290914602009741F48DB7CA
:108DC0009EB74091490250914A02841B950BE817C7
:108DD000F90708F055C0F0937207E0937107F901A5
:108DE00071836083B8CF8D919C91119712966C908E
:108DF000129713967C901397A815B90559F56C0135
:108E000042E0C40ED11CCA14DB0420F1AC014A19A3
:108E10005B09DA011296159780F0628273825183A2
:108E20004083D9016D937C93E114F10471F0D70173
:108E30001396FC93EE9312978ECF22968C0F9D1F64
:108E4000F90191838083F301EFCFF0937407E093EE
:108E5000730781CF4816590608F42C017D01D30110
:108E60009ACFCB010E943D457C01009749F0AE01AD
:108E7000B8010E944347C8010E94D94587016BCFC2
:108E800010E000E068CFFB01DC0102C001900D9210
:108E900041505040D8F70895FC018191861721F088
:108EA0008823D9F7992708953197CF010895FB01B9
:108EB000DC018D91019080190110D9F3990B08956F
:108EC000FB01DC0101900D920020E1F70895FB0108
:108ED000DC014150504030F08D910190801919F41F
:108EE0000020B9F7881B990B0895FB01DC01415064
:108EF000504048F001900D920020C9F701C01D922A
:108F000041505040E0F708951EE0CBE4DEE000E081
:108F100006C0802FFE010E9421452196011DCC3400
:0C8F2000D10780E00807A9F7F894FFCF04
:108F2C009A99993E0000F04000004842DF0EDF0E97
:108F3C00DF0EDF0EDF0EDF0EDF0EDF0EFF31343003
:108F4C00380000000000000000000000003E3F4020
:108F5C004142434445313233413435364237383956
:108F6C00432A3023440000750780000000400014A1
:108F7C0000540000000000A50F050F320FF20F6324
:108F8C000F410F550F000000000714DA132515B020
:108F9C0013D313C013B1130000000040110011CF04
:108FAC0010000000005816050F2515E00E0D0A00E4
:108FBC006E616E00696E66006F7666004C495645B0
:108FCC003A0054584E3A4D4F42494C45434F494E46
:108FDC003A0054584E3A434F494E3A004D4F42498D
:108FEC004C455041594F4E004D4F42494C45504114
:108FFC00594F464600485544554D4120494D455A18
:10900C00494D5741004D4F42494C455041595F57CE
:10901C00414954004D4F42494C455041595F4F4BCB
:10902C003A004B4941534920534920534148494840
:10903C0049004D4F42494C455041595F4641494CBE
:10904C0000494D455348494E4457410053455454EB
:10905C00494E47533A004C4F434B3A004D41494E11
:10906C00543A005343524F4C4C544558543A0044D4
:10907C00454641554C5400536D6172746B656D627D
:10908C006F2057617465722056656E6428532E5795
:10909C002E56292D3E20576173696C69616E6120D3
:1090AC006E6173693A202B323535203736372038CC
:1090BC003330203331392E202000313430380070D9
:1090CC00726963650063616C666163746F72006ED4
:1090DC006577706173730062616C616E63650072B9
:1090EC0065736574006578697400707265636C6F84
:1090FC00736500736176650048423A003A31004D61
:10910C0055444120554D454953484100494D45472B
:10911C0048414952495741004D4F42494C455041F5
:0C912C00593A00434F494E42414C3A0072
:00000001FF
