:100000000C943F130C94AE580C9483580C9458588D
:100010000C942D580C9402580C94D7570C94AC5750
:100020000C9481570C9470130C9470130C947013EF
:100030000C9470130C9470130C9470130C94701334
:100040000C9470130C9470130C9470130C94701324
:100050000C9470130C9470130C9470130C94375709
:100060000C9470130C9401570C94D7560C94701385
:100070000C9470130C9470130C9470130C947013F4
:100080000C9470130C9470130C9470130C947013E4
:100090000C94A1560C9477560C9470130C94D95868
:1000A0000C9470130C9470130C9470130C947013C4
:1000B0000C9470130C9470130C9470130C947013B4
:1000C0000C9470130C9470130C9470130C947013A4
:1000D0000C9470130C9470130C9470130C94701394
:1000E0000C9470130C947E700C94051C0C94A61345
:1000F0000C9470150C9486150C94EE150C94711DCF
:100100000C94E0140C945D150C9451140C942E1660
:100110000C94EB5D0C944B150C9493140C941F1CD5
:100120000C944C1C0C94181C0C9457160C94F31340
:100130000C9482150C9455150C94CB160C942F141A
:100140000C9490150C948C150C940E1A0C94B913F5
:100150000C9466150C9420140C9451150C94601595
:100160000C9478150C94F51B0C94741D0C94741558
:100170000C948B150C9459150C949C130C949D1392
:100180000C94B0190C9443140C94F81E0C946A153A
:100190000C94F61B0C947E150C94BD154E414E49E3
:1001A0004E495459494E46CDCCCC3D0AD7233C1735
:1001B000B7D13877CC2B329595E6241FB14F0A0082
:1001C0000020410000C84200401C4620BCBE4CCA72
:1001D0001B0E5AAEC59D7400407A10F35A00A072EF
:1001E0004E18090010A5D4E80000E8764817000072
:1001F000E40B54020000CA9A3B000000E1F5050040
:100200000080969800000040420F000000A0860188
:10021000000000102700000000E803000000006458
:1002200000000000000A00000000000100000000C3
:10023000002C76D888DC674F0823DFC1DFAE59E198
:10024000B1B796E5E3E453C63AE651997696E8E607
:10025000C28426EB898C9B62ED407C6FFCEFBC9CDA
:100260009F40F2BAA56FA5F490055A2AF75C936BEC
:100270006CF9676DC11BFCE0E40D47FEF520E6B5A7
:1002800000D0ED902E0300943577050080841E0881
:100290000000204E0A000000C80C333333330F989F
:1002A0006E12831141EF8D2114893BE65516CFFE66
:1002B000E6DB18D1844B381BF77C1D901DA4BBE4F2
:1002C00024203284725E228100C9F124ECA1E53D34
:1002D000275072652D436C6F7365204F666673659A
:1002E000742073617665643A2000454550524F4D45
:1002F000207772697465206661696C656420666F39
:100300007220666C6F7743616C6962726174696FA9
:100310006E466163746F7221205265747279696EE2
:10032000672E2E2E00454550524F4D20777269742E
:1003300065206661696C656420666F722070726901
:1003400063655065724C69746572212052657472E0
:1003500079696E672E2E2E004341524453544F52FA
:10036000453A0053544F5245445F43415244533A37
:10037000002000436F6D6D616E64733A20277072C8
:10038000696365272C202763616C666163746F72F3
:10039000272C2027707265636C6F7365272C2027CC
:1003A00073657470686F6E65272C202762616C61BD
:1003B0006E6365272C20277265736574272C2027B0
:1003C0006E657770617373272C2027757365727063
:1003D000617373272C202741444443415244272C06
:1003E000202741444442414C414E4345272C20277D
:1003F00044454C455445434152443A3C6E616D6519
:100400003E272C202744454C455445414C4C434104
:100410005244533A3C70617373776F72643E272C79
:100420002027434152444C495354272C20276578B8
:100430006974270020005072652D436C6F7365202E
:100440004F6666736574206C6F616465643A200062
:10045000200050686F6E653A200043616C696272DB
:100460006174696F6E20466163746F723A20005048
:10047000726963652F4C203A2054736820004375DD
:100480007272656E7420446174613A00200020002D
:10049000436F6D6D616E64733A202741444443415C
:1004A0005244272C202741444442414C414E43456D
:1004B000272C202765786974270020002000436FCF
:1004C0006E746163743A202B3235353736373833E2
:1004D00030333139005448414E4B5320464F52205F
:1004E0005452555354494E472044757261626C65AD
:1004F0002057617465722056656E6473005265748E
:1005000075726E656420746F20576F726B204D6F2B
:1005100064652E00416C6C206461746120736176A7
:1005200065642100200020002000456E7465722063
:100530002744454C455445414C4C43415244533A61
:100540003C70617373776F72643E27002000456EC4
:10055000746572202744454C455445434152443A02
:100560003C6E616D653E2700200020004F722073B5
:10057000656E64206F7468657220636F6D6D616E67
:1005800064732E00456E7465726564205365742033
:1005900050686F6E65204D6F64653A2053656E64D8
:1005A0002070686F6E65206E756D626572202865BB
:1005B0002E672E2C202B32353537363738333033F3
:1005C000313929002000200053656E64206F746863
:1005D000657220636F6D6D616E64732E0020005430
:1005E0006F74616C2053616C6573206E6F773A2075
:1005F0005473682000200053616C6573207265732A
:10060000657421002000200053656E64206F7468BB
:10061000657220636F6D6D616E64732E00200054EF
:100620006F74616C2053616C65733A205473682059
:100630000020002000456E74657265642055736566
:10064000722050617373776F7264204368616E67C4
:1006500065204D6F64653A2053656E64206E657742
:1006600020757365722070617373776F72642028D0
:10067000342D31352063686172616374657273294A
:100680000020002000456E7465726564205061731F
:1006900073776F7264204368616E6765204D6F6485
:1006A000653A2053656E64206E65772070617373C0
:1006B000776F72642028342D313520636861726150
:1006C00063746572732900200020004F72207365E7
:1006D0006E64206F7468657220636F6D6D616E6407
:1006E000732E00456E74657265642043616C6663A9
:1006F000746F72204D6F64653A2053656E64206696
:100700006163746F722028652E672E2C20372E357A
:100710002900200020004F722073656E64206F74E2
:1007200068657220636F6D6D616E64732E00456E37
:100730007465726564205072696365206D6F6465CD
:100740003A2053656E642070726963652028652EB7
:10075000672E2C2036302E302900200020005765CF
:100760006B61206B61646920736173612E2E2E00B2
:100770004552524F523A436172642072656164651A
:1007800072202852464944292069732064697361A4
:10079000626C6564206F6E2074686973206D61639C
:1007A00068696E650020004F722073656E642027B3
:1007B000582720746F2063616E63656C2E00456E50
:1007C0007465726564204164642043617264204DE5
:1007D0006F64653A2053656E6420637573746F6D42
:1007E0006572206E616D6520286D6178203134203E
:1007F0006368617261637465727329002000200070
:100800004F722073656E642027582720746F206311
:10081000616E63656C2E00456E746572656420417F
:1008200064642042616C616E6365204D6F64653A5B
:100830002053656E6420637573746F6D6572206EEE
:10084000616D65004F4E47455A412053414C494F19
:1008500000456E7465726564204164642042616C79
:10086000616E6365204D6F64653A205363616E204D
:10087000637573746F6D65722063617264206F724B
:100880002073656E6420637573746F6D6572206E7E
:10089000616D65002000200053656E6420616D6FFE
:1008A000756E7420746F206164642028652E672E35
:1008B00020313030302900200054696D656F757427
:1008C0002E2052657475726E656420746F206D659C
:1008D0006E752E0029005D202841534349493A2076
:1008E0000044697363617264656420636861723A8D
:1008F000205B00200053656E642064656661756C42
:1009000074206F72206E65772070617373776F72D9
:10091000642E0050617373776F7264207265736523
:100920007420746F2064656661756C74210020000A
:1009300050617373776F726420616E64206F776E9D
:100940006572206E756D62657220726573657420C4
:10095000746F2064656661756C742E004341524467
:10096000544F5055503A004552524F523A436172DB
:1009700064204E6F7420466F756E640043616E6331
:10098000656C6C65642E2042616C616E6365206EDF
:100990006F74206368616E6765642E002000536584
:1009A0006E6420275945532720746F20636F6E664D
:1009B00069726D206F722027582720746F20636141
:1009C0006E63656C0020004552524F523A496E7674
:1009D000616C696420416D6F756E742E2053656E75
:1009E0006420616D6F756E7420616761696E3A0095
:1009F0004552524F523A43617264204E6F74204602
:100A00006F756E642E2053656E64206E616D652077
:100A1000616761696E2C207363616E20636172642B
:100A20002C206F72202758270057616974696E6700
:100A300020666F722063617264207363616E2E2E74
:100A40002E202873656E642027582720746F20633A
:100A5000616E63656C290053414A494C49204B4102
:100A60004449204D5059410020005363616E20528B
:100A70004649442063617264206E6F772E2E2E00EB
:100A800020004552524F523A496E76616C6964209B
:100A9000416D6F756E742E2053656E642062616CBB
:100AA000616E636520616761696E3A00200053657D
:100AB0006E6420696E697469616C2062616C616E3C
:100AC00063652028652E672E20313030302C206F52
:100AD000722030290020004552524F523A4E616D2B
:100AE0006520416C726561647920557365642E20C0
:100AF00053656E6420616E6F74686572206E616DFF
:100B0000653A004552524F523A496E76616C6964BB
:100B1000204E616D652028312D313420636861726B
:100B20006163746572732C206E6F20273A27292E1B
:100B30002053656E64206E616D6520616761696E2A
:100B40003A0043616E63656C6C65642E00534554D6
:100B50005052453A00436172642044656C65746587
:100B60006400535543434553533A436172642044F0
:100B7000656C657465640043617264204E6F742017
:100B8000466F756E64004552524F523A436172642B
:100B9000204E6F7420466F756E6400454550524F6D
:100BA0004D20436172647320436C6561726564001B
:100BB00053455450524943453A0053455443414CE0
:100BC0003A002000496E76616C696420636F6D6D38
:100BD000616E64212053656E642020277072696302
:100BE00065272C202773657470686F6E65272C202D
:100BF0002763616C666163746F72272C20276E65B2
:100C00007770617373272C20277573657270617319
:100C100073272C202741444443415244272C20274A
:100C200041444442414C414E4345272C20274445F2
:100C30004C45544543415244272C202744454C45BC
:100C40005445414C4C4341524453272C20274341A7
:100C500052444C495354272C206F722027657869E1
:100C600074272E002000496E76616C696420636FE2
:100C70006D6D616E64212053656E6420277072690A
:100C80006365272C202773657470686F6E65272C49
:100C9000202763616C666163746F72272C20277252
:100CA00065736574272C20276E65777061737327D1
:100CB0002C20277573657270617373272C20274170
:100CC000444443415244272C202741444442414C50
:100CD000414E4345272C202744454C45544543412C
:100CE0005244272C202744454C455445414C4C4305
:100CF00041524453272C2027434152444C495354DA
:100D0000272C206F72202765786974272E00200019
:100D100053656E64206F7468657220636F6D6D61DA
:100D20006E64732E00557365722070617373776FF4
:100D30007264206368616E67656420616E6420730D
:100D40006176656421002000200055736572207073
:100D5000617373776F7264206D75737420626520A0
:100D60003420746F2031352063686172616374656B
:100D70007273212054727920616761696E2E0020A0
:100D80000053656E64206F7468657220636F6D6DCB
:100D9000616E64732E0050617373776F72642063A9
:100DA00068616E67656420616E6420736176656456
:100DB00021002000200050617373776F7264206DF2
:100DC000757374206265203420746F203135206380
:100DD0006861726163746572732120547279206155
:100DE0006761696E2E00200053656E64206F746821
:100DF000657220636F6D6D616E64732E0050686F55
:100E00006E65206E756D6265722073657420616E0B
:100E1000642073617665643A200020002000496EEA
:100E200076616C69642070686F6E65206E756D62A6
:100E3000657221204C656E6774682031302D313920
:100E40002063686172732C20652E672E2C202B3254
:100E500035353736373833303331392C206F7220FF
:100E60006F7468657220636F6D6D616E64732E00C0
:100E700020002000496E76616C69642063616C66B5
:100E80006163746F72212053656E642061206E75FA
:100E90006D626572206265747765656E20302E31F3
:100EA00020616E642031302E302C206F72206F74E0
:100EB00068657220636F6D6D616E64732E0053659B
:100EC0006E64206F7468657220636F6D6D616E640F
:100ED000732E00200043616C466163746F7220774B
:100EE000617465722073657420616E64207361762D
:100EF00065643A200020002000496E76616C6964C8
:100F000020707269636520706572206C6974657207
:100F1000212053656E642061206E756D62657220BC
:100F20006265747765656E20302E303120616E64A5
:100F30002031303030302E302C206F72206F7468AA
:100F4000657220636F6D6D616E64732E00200020EA
:100F50000053656E64206F7468657220636F6D6DF9
:100F6000616E64732E005072696365207065722033
:100F70006C697465722073657420616E642073619E
:100F80007665643A2054736820002000496E7661CB
:100F90006C696420636F6D6D616E64212053656EB2
:100FA00064202741444443415244272C2027414494
:100FB0004442414C414E4345272C202765786974B3
:100FC000272E00496E76616C696420636F6D6D61D8
:100FD0006E64212053656E642020277072696365FA
:100FE000272C202763616C666163746F72272C2045
:100FF0002773657470686F6E65272C202762616C9B
:10100000616E6365272C20277265736574272C2019
:10101000276E657770617373272C2027757365724F
:1010200070617373272C2027414444434152442765
:101030002C202741444442414C414E4345272C201B
:101040002744454C455445434152443A3C6E616DFA
:10105000653E272C202744454C455445414C4C4384
:10106000415244533A3C70617373776F72643E2708
:101070002C2027434152444C495354272C202765A8
:10108000786974272E002000436F6E746163743A90
:10109000202B323535373637383330333139005439
:1010A00048414E4B5320464F5220545255535449B9
:1010B0004E472044757261626C6520576174657299
:1010C0002056656E64730052657475726E65642097
:1010D000746F20576F726B204D6F64652E00416CEA
:1010E0006C20646174612073617665642100200066
:1010F0002000556E617574686F72697A656420634B
:101100006F6D6D616E6421002000556E61757468AD
:101110006F72697A656420636F6D6D616E64210022
:10112000200020004552524F523A57726F6E67208E
:1011300050617373776F7264002000200053554331
:10114000434553533A416C6C2043617264732044AD
:10115000656C657465640020004552524F523A4FE9
:10116000776E657220417574686F72697A6174690F
:101170006F6E20526571756972656400556E617598
:1011800074686F72697A656420636F6D6D616E64F7
:1011900021002000200053656E64206F7468657222
:1011A00020636F6D6D616E64732E002000546F7448
:1011B000616C2053616C6573206E6F773A205473B5
:1011C000682000200053616C65732072657365743C
:1011D00021002000556E617574686F72697A6564CC
:1011E00020636F6D6D616E642100200020005365E7
:1011F0006E64206F7468657220636F6D6D616E64DC
:10120000732E002000546F74616C2053616C657301
:101210003A2054736820002000556E617574686F21
:1012200072697A656420636F6D6D616E6421002060
:10123000002000456E7465726564205573657220E8
:1012400050617373776F7264204368616E676520C5
:101250004D6F64653A2053656E64206E6577207526
:101260007365722070617373776F72642028342DF8
:10127000313520636861726163746572732900207F
:1012800000556E617574686F72697A656420636F6A
:101290006D6D616E64210020002000456E746572E2
:1012A00065642050617373776F7264204368616E68
:1012B0006765204D6F64653A2053656E64206E65E6
:1012C000772070617373776F72642028342D313505
:1012D0002063686172616374657273290020005530
:1012E0006E617574686F72697A656420636F6D6D85
:1012F000616E642100200020004F722073656E64CF
:10130000206F7468657220636F6D6D616E64732EFB
:1013100000456E7465726564205365742050686F73
:101320006E65204D6F64653A2053656E6420706869
:101330006F6E65206E756D6265722028652E672E52
:101340002C202B3235353736373833303331392985
:10135000002000556E617574686F72697A6564204B
:10136000636F6D6D616E642100200020004F72205C
:1013700073656E64206F7468657220636F6D6D6154
:101380006E64732E00456E74657265642043616CF3
:1013900020207761746572204D6F64653A20536533
:1013A0006E642063616C6962726174696F6E20663D
:1013B0006163746F722028652E672E2C20372E35BE
:1013C00029002000556E617574686F72697A6564D2
:1013D00020636F6D6D616E642100200020004F72EC
:1013E0002073656E64206F7468657220636F6D6D25
:1013F000616E64732E00456E746572656420507270
:10140000696365207761746572204D6F64653A2069
:1014100053656E6420707269636520706572206C1C
:10142000697465722028652E672E2C2036302E3088
:1014300029002000556E617574686F72697A656461
:1014400020636F6D6D616E642100200020004F727B
:101450002073656E64206F7468657220636F6D6DB4
:10146000616E64732E00456E7465726564205072FF
:10147000652D436C6F7365204D6F64653A2053652D
:101480006E64206F666673657420696E206C697483
:101490006572732028652E672E2C20302E3329008C
:1014A00020002000496E76616C6964206F66667367
:1014B0006574212053656E64206E756D62657220BF
:1014C000302E30202D2031302E30206C6974657222
:1014D000732C206F72206F7468657220636F6D6D5E
:1014E000616E64732E002000200053656E64206FCF
:1014F0007468657220636F6D6D616E64732E002079
:101500006C6974657273005072652D636C6F7365DE
:10151000206F66667365742073657420616E642045
:1015200073617665643A200020002000496E636F85
:1015300072726563742070617373776F72642120B7
:1015400054727920616761696E206F7220707265D4
:10155000737320726573657420666F722035207313
:1015600065636F6E647320746F2072657665727444
:1015700020746F2064656661756C7420706173738C
:10158000776F72642E002000200055736572204D25
:101590006F646500200044757261626C652057615C
:1015A0007465722056656E64733A20436F6E746181
:1015B00063743A202B323535373637383330333190
:1015C0003900200020004F776E6572204D6F6465F2
:1015D00000200044757261626C6520576174657209
:1015E0002056656E64733A20436F6E746163743A7B
:1015F000202B323535373637383330333139002008
:10160000002000436F6E746163743A202B323535CD
:10161000373637383330333139005448414E4B5325
:1016200020464F52205452555354494E472044753A
:101630007261626C652057617465722056656E64D4
:10164000730052657475726E656420746F20576FF5
:10165000726B204D6F64652E00426C7565746F6F00
:1016600074682069646C652074696D656F75742099
:10167000726561636865642E20416C6C20646174DE
:1016800061207361766564210052657475726E69BC
:101690006E6720746F20576F726B00426C756574B3
:1016A0006F6F74682054696D656F757400434152A3
:1016B000445245473A004C4956453A002062616C15
:1016C000616E63653D004341524453594E4320755A
:1016D00070736572743A20004341524453594E432B
:1016E0002064656C6574653A20004D4F42494C4555
:1016F0005041594F4E3A204C697061206B77612000
:1017000053696D7520696D65776173687761206EC7
:10171000612053757065722041646D696E0042618D
:101720006C3A2000436172642053617665643A200C
:10173000004552524F523A53746F726167652046AA
:10174000756C6C005363616E20616E6F74686572B6
:101750002063617264206F722073656E6420275865
:1017600027005363616E20616E6F74686572206339
:101770006172642C2073656E6420637573746F6D81
:101780006572206E616D652C206F722027582700CE
:101790004552524F523A43617264204E6F74204654
:1017A0006F756E64005363616E2052464944204356
:1017B000617264005363616E20616E6F746865725C
:1017C0002063617264206F722073656E64202765E8
:1017D000786974270042616C3A200043617264208A
:1017E00053617665643A20005363616E2052464926
:1017F000442043617264005363616E20616E6F74B4
:101800006865722063617264206F722073656E6414
:1018100020276578697427004361726420457869E0
:10182000737473004552524F523A436172642041BF
:101830006C726561647920457869737473005363D1
:10184000616E2052464944204361726400536361D3
:101850006E20616E6F746865722063617264206FC0
:10186000722073656E642027657869742700456D62
:1018700070747920546167004552524F523A456D59
:1018800070747920546167005363616E6E696E678E
:101890002E2E2E00494E414B41475541204B41448D
:1018A0004900544146414448414C4920535542491E
:1018B000524900413A57454B412053414C494F2032
:1018C000423A4F4E444F410053414C494F3A205405
:1018D000736820004A494E413A200054584E3A431A
:1018E0004F494E3A0054584E3A4D4F42494C4543A9
:1018F0004F494E3A004B41524942552054454E41C2
:10190000004153414E54452053414E4100547368A9
:101910003A004C6974613A004A554D4C4120594196
:10192000204C4954413A004A554D4C413A54736851
:101930002000527564692062616164617965004DBF
:101940004154454E47454E455A4F00576173696CA7
:1019500069616E612041646D696E004D4153484973
:101960004E4520494D4546554E47574100494E4149
:10197000544F41204D414A492E2E2E2E2E2E2E0000
:10198000F09F92B320436172642072656164657256
:101990002028524649442920494D455A494D57412E
:1019A00020E28094206D617368696E652079612002
:1019B0007361726166752070656B65652028696D5D
:1019C0006568696661646869776120454550524F72
:1019D0004D2900F09F92B3204361726420726561CB
:1019E0006465722028524649442920494D45574193
:1019F000534857412028696D656869666164686964
:101A0000776120454550524F4D29004552524F5263
:101A10003A4361726420726561646572202852469F
:101A200049442920696D657A696D776120E2809467
:101A3000207573616A696C69207761206B616469E4
:101A400020756D65736974697368776100F09F94A0
:101A50009220464F52434556414C56453A207661B6
:101A60006C766520696D6566756E67776120286D97
:101A70006D696C696B692900F09F949320464F5201
:101A8000434556414C56453A2076616C766520694F
:101A90006D6566756E67756C69776120286D6D6917
:101AA0006C696B692C206D616A61726962696F296A
:101AB00020E280942069746166756E677761207991
:101AC000656E796577652062616164612079612066
:101AD00073656B756E646520333000F09F94A720AA
:101AE0004D41494E54454E414E4345204D4F44458E
:101AF0003A204F464620286D6D696C696B69292034
:101B0000E280942064697370656E73696E67206902
:101B10006D65727564697368776100F09F94A720A2
:101B20004D41494E54454E414E4345204D4F44454D
:101B30003A204F4E20286D6D696C696B692920E24F
:101B400080942064697370656E73696E6720696D37
:101B50006573696D616D697368776100F09F949337
:101B6000204D617368696E6520696D6566756E6785
:101B7000756C697761206E612053757065722041C4
:101B8000646D696E20E280942064697370656E7381
:101B9000696E6720696E6172756875736977612017
:101BA00074656E612028696D65686966616468693D
:101BB000776120454550524F4D2900F09F94922067
:101BC0004D415348494E4520494D4546554E47578E
:101BD00041206E612053757065722041646D696E9D
:101BE00020E280942064697370656E73696E67206B
:101BF000696D6573696D616D6973687761202869C6
:101C00006D65686966616468697761204545505211
:101C10004F4D29002000200053455454494E47534E
:101C20003A207072652D636C6F7365206D707961F9
:101C3000206B75746F6B61207365727665723A20E4
:101C40000053455454494E47533A2063616C6962CE
:101C5000726174696F6E206D707961206B75746F3D
:101C60006B61207365727665723A20005345545457
:101C7000494E47533A20626569206D707961206B47
:101C800075746F6B61207365727665723A20004FD0
:101C900046464341503A206B696B6F6D6F206B690C
:101CA00070796120636861206F66666C696E653A61
:101CB00020004B41444920494D455A554957410060
:101CC0004B41444920494D454655545741005741E1
:101CD00053494C49414E41204E41204F574E4552A9
:101CE00000574153494C49414E41204E41204F57E6
:101CF0004E4552004B414449204841494A415341D5
:101D00004A494C4957410048414B554E41204D549A
:101D1000414E44414F004B414449204841495041C4
:101D200054494B414E4900574153494C49414E415A
:101D3000204E41204F574E4552004B4144492049C7
:101D40004D455A55495741005343414E204B41445C
:101D5000492054454E41004B41444920494D45508E
:101D60004154494B414E4100413A57454B41205364
:101D7000414C494F20423A4F4E444F410053414C51
:101D8000494F3A2054736820004A494E413A200096
:101D90004A41524942552054454E41004849544910
:101DA0004C414655205941204B41444900202020B8
:101DB000200053414C494F3A205473682000202D95
:101DC0003E2000200053414C494F2053594E433A86
:101DD00020004C697465723A20004D414C49504FC7
:101DE0002059414D4546414E494B49574100496EA6
:101DF000617375626972692E2E2E0057656B6120C2
:101E000050494E206B7574686962697469736861C2
:101E100000414E47414C49412053494D55205941BD
:101E20004B4F004D4F42494C455041594F46463A61
:101E3000204C697061206B77612053696D75206952
:101E40006D657A696D7761206E612053757065727A
:101E50002041646D696E0000002200250028002BDF
:101E6000002E003100340002010000050108010BC2
:101E700001000020002300260029002C002F003242
:101E8000000001000003010601090100000A0B0225
:101E9000090C0D0E080703040100000000000000FB
:101EA0000000000000000000000000000000000032
:101EB00000000000000000121110000000000000EF
:101EC0000000000000000000000000000000000012
:101ED0000000002100240027002A002D00300033DC
:101EE0000001010000040107010A01010210202085
:101EF000080810204010204080020102010804025E
:101F000001010204081020408080402010080402D3
:101F1000018004020180402010080402010804022C
:101F20000101020408102040800102040810204032
:101F30008005050505070508080808020202020ACF
:101F40000A0808040404040101010101010101035C
:101F500003030303030303040707070C0C0C0C0C17
:101F60000C0C0C0202020206060606060606060B0A
:101F70000B0B0B0B0B0B0BE29AA0EFB88F2052430D
:101F8000353232204841494A49425520E280942066
:101F9000616E67616C696120776179612F756D652C
:101FA0006D652028332E33562900E29C852052434C
:101FB00035323220696D65706174696B616E6120C4
:101FC0006E6120696E616A69627500524335323212
:101FD0002076657273696F6E3A20307800507265B2
:101FE0002D436C6F7365204F6666736574206C6F4C
:101FF000616465643A2000F09F92B320436172648B
:1020000020726561646572202852464944293A204D
:10201000494D455A494D57412028454550524F4D4D
:102020002920E28094206D617368696E6520796172
:10203000207361726166752070656B656500F09F45
:1020400092B32043617264207265616465722028D6
:1020500052464944293A20494D4557415348574132
:102060002028454550524F4D29004B696B6F6D6FCD
:1020700020636861206F66666C696E65202845453F
:1020800050524F4D293A2000F09F9492204D617399
:1020900068696E6520696C696B75776120494D458B
:1020A00046554E4757412028454550524F4D29200F
:1020B000E2809420696E6162616B6920696D65667A
:1020C000756E677761206D70616B61205375706507
:1020D000722041646D696E20616966756E67756511
:1020E000003A20456D70747900536C6F7420002C99
:1020F0002042616C616E63653D002C204E616D6510
:102100003D003A205461673D00536C6F74200053CA
:10211000746F7265642043617264733A005072692F
:10212000636520706572204C6974657220004C6F85
:1021300061646564204F776E6572204E756D6265CF
:10214000723A200043616C6962726174696F6E203B
:10215000466163746F723A200020532E572E56202A
:1021600000534D4152544B454D424F205741544529
:10217000522056454E440048423A0020202020205C
:1021800020200053696D753A2000494E4154554D49
:1021900041204F4D42492E2E2E004D4F42494C4575
:1021A0005041593A002020202020202020202020AB
:1021B000202020202020202020004B49415349206E
:1021C0004B49444F474F2053414E4100202020208F
:1021D00020202020202000233A54756D61202042C9
:1021E0003A476861697269004B6961736920547389
:1021F000683A20004C495041204B57412053494DEB
:1022000055002020202020202020202020202020B9
:10221000202020202020004E414D424120534920C3
:1022200053414849484920283130290020202000C6
:1022300053656B756E64653A20004A4152494255B8
:102240002054454E41204241414441450048414BC4
:10225000554E41204A49425500233A456E64656C0B
:10226000656120423A476861697269004E616D623A
:10227000613A20004C495041204B57412053494D71
:102280005500434F494E42414C3A0054584E3A4350
:102290004152443A004B41524942552054454E4127
:1022A000004153414E54452053414E410054736800
:1022B0003A004C6974613A004A554D4C41205941ED
:1022C000204C4954413A004A554D4C413A547368A8
:1022D0002000527564692062616164617965004D16
:1022E0004154454E47454E455A4F00576173696CFE
:1022F00069616E612041646D696E004D41534849CA
:102300004E4520494D4546554E47574100494E419F
:10231000544F41204D414A492E2E2E2E00536361C9
:102320006E204B6164692054656E61004D554441D7
:1023300020554D454953484100413A57454B4120AE
:1023400053414C494F20423A4F4E444F4100534174
:102350004C494F3A2054736820004A494E413A2074
:10236000004D55444120554D4549534841002020DA
:10237000202020202020202020202020202000534A
:10238000414C494F3A2054736820004A494E413A23
:1023900020004D616A692E2E2E2E2E004C69746528
:1023A000723A2000423A4F4E444F4120202A3A468A
:1023B0005554410057454B41204B49415349205406
:1023C00073683A0059414B4F205941204E59554DA1
:1023D00042414E490041552054554D4941204D41FF
:1023E0005348494E4500535542495249204D5441A6
:1023F0004E44414F0057454B4120484144492054E9
:10240000736820004B494B4F4D4F20434841204FAC
:1024100046464C494E4500200053414C494F204808
:10242000414C49544F5348490020004B49415349BE
:10243000204B49444F474F2053414E4100413A57AA
:10244000454B412053414C494F20423A4F4E444F57
:10245000410053414C494F3A2054736820004A4987
:102460004E413A200048414B554E41204B49415383
:1024700049004B61646920496D656F6E646F6C65DE
:10248000776100423A4F4E444F4120202A3A465548
:10249000544100424F4E59455A412023204B55523A
:1024A00055485553556000200057454B41204B4936
:1024B000415349205473683A004B61646920496D67
:1024C000656F6E646F6C65776100545A533A2000F3
:1024D0004F4E47455A412053414C494F004C697477
:1024E00065723A200044697370656E73696E672087
:1024F00057617465722028436F696E73290020202C
:10250000200053414C494F20545A533A2000202078
:1025100020202020202020202020202020202020BB
:1025200020200057454B4120534152414655202021
:102530002020202020202000433A204C49504120D8
:102540004B57412053494D55202020200057454BE3
:102550004120534152414655204155202020202002
:10256000200057454B41204B41444920202020204A
:102570002020202020200057454B4120534152412C
:10258000465520415520202020202000433A204C51
:10259000495041204B57412053494D552020202080
:1025A0000057454B4120534152414655204155204B
:1025B0004B41444920005275646920626161646145
:1025C0007965004D4154454E47454E455A4F005799
:1025D0006173696C69616E612041646D696E004D63
:1025E000415348494E4520494D4546554E47574170
:1025F0000048414B554E4120534855474855524994
:102600000053797374656D20526573657400E28FB1
:10261000B120464F52434556414C56453A207661CB
:102620006C766520696D6566756E677761204B49CC
:102630004F544F4D4154494B49202873656B756E7B
:102640006465203330207A696D657069746120E2B9
:102650008094207573616C616D612900434152441F
:10266000434845434B3A0020202020004F46464C2B
:10267000494E45204D41583A0000EB5D7E701124D3
:102680001FBECFEFD1E2DEBFCDBF00E00CBF17E031
:10269000A0E0B2E0E4EFF5EF00E00BBF02C007906E
:1026A0000D92A63CB107D9F72DE0A6ECB7E001C02A
:1026B0001D92A439B207E1F713E1CEE3D3E100E0C4
:1026C00006C021970109802FFE010E947578CD3345
:1026D000D10780E00807A9F70E941C5F0C94E87AF4
:1026E0000C940000FC01A089B18982E08C93A48540
:1026F000B5851C92A685B7858FEC8C93108EA48926
:10270000B58986E08C93A289B3898C9180618C9382
:10271000A289B3898C9188608C93A289B3898C91AA
:1027200080688C930288F389E02D80818F7D80837F
:1027300008958CBD9DBD089508950895ED9886EA8D
:1027400093E1909355028093540208950895FC01FB
:10275000248135816217730720F48081918100976D
:1027600029F41092DD088DED98E00895860F971FEB
:1027700008950895DC01ED91FC910190F081E02D28
:102780001994DB0114964D915C9115976D917C9194
:10279000DC01ED91FC910280F381E02D1994EF9220
:1027A000FF920F931F93CF93DF938C017B01D0E0B7
:1027B000C0E0F701EC0FFD1F6491662361F0D801C2
:1027C000ED91FC910190F081E02DC8011995892BC4
:1027D00011F02196EECFCE01DF91CF911F910F9195
:1027E000FF90EF900895AF92BF92CF92DF92EF9259
:1027F000FF920F931F93CF93DF936C017B018B01AB
:10280000040F151FEB015E01AE18BF08C017D107FA
:1028100059F06991D601ED91FC910190F081E02D84
:10282000C6011995892B79F7C501DF91CF911F91C9
:102830000F91FF90EF90DF90CF90BF90AF900895F1
:10284000FC01538D448D252F30E0842F90E0821BB6
:10285000930B541710F0CF96089501970895FC013B
:10286000918D828D981761F0A28DAE0FBF2FB11D93
:102870005D968C91928D9F5F9F73928F90E00895EB
:102880008FEF9FEF0895FC01918D828D981731F0A5
:10289000828DE80FF11D858D90E008958FEF9FEFF9
:1028A0000895FC01918D228D892F90E0805C9F4FCF
:1028B000821B91098F739927089587E89BE00E94F6
:1028C000511421E0892B09F420E0822F089584E23D
:1028D0009CE00E94511421E0892B09F420E0822F12
:1028E0000895FC01A48DA80FB92FB11DA35ABF4FA5
:1028F0002C91848D90E001968F739927848FA689FF
:10290000B7892C93A089B1898C91837080648C9352
:10291000938D848D981306C00288F389E02D808101
:102920008F7D80830895EF92FF920F931F93CF9333
:10293000DF93EC0181E0888F9B8D8C8D98131AC0FA
:10294000E889F989808185FF15C09FB7F894EE89E1
:10295000FF896083E889F98980818370806480833E
:102960009FBF81E090E0DF91CF911F910F91FF9089
:10297000EF900895F62E0B8D10E00F5F1F4F0F7331
:102980001127E02E8C8D8E110CC00FB607FCFACFEC
:10299000E889F989808185FFF5CFCE010E94711405
:1029A000F1CFEB8DEC0FFD2FF11DE35AFF4FF082BD
:1029B0009FB7F8940B8FEA89FB8980818062CFCF23
:1029C000CF93DF93EC01888D8823B9F0AA89BB8966
:1029D000E889F9898C9185FD03C0808186FD0DC051
:1029E0000FB607FCF7CF8C9185FFF2CF808185FF72
:1029F000EDCFCE010E947114E9CFDF91CF91089500
:102A000080E090E0892B29F00E94671481110E94D8
:102A1000000080E090E0892B29F00E945D14811174
:102A20000E94000080E090E0892B49F080E090E077
:102A3000892B29F00E94000081110E94000080E093
:102A400090E0892B49F080E090E0892B29F00E94EA
:102A5000000081110C94000008958150823108F02B
:102A60005AC0E82FF0E08827E75CFA4E8F4F0C94AD
:102A7000757859155D154B15511555158B15601544
:102A800066156A157015741578157E1582158B15E7
:102A900086158C159015809180008F77809380002B
:102AA0000895809180008F7DF9CF80918000877F8D
:102AB000F5CF84B58F7784BD089584B58F7DFBCF26
:102AC0008091B0008F778093B00008958091B0001E
:102AD0008F7DF9CF809190008F778093900008953B
:102AE000809190008F7DF9CF80919000877FF5CF06
:102AF0008091A0008F778093A00008958091A0001E
:102B00008F7DF9CF8091A000877FF5CF8091200144
:102B10008F77809320010895809120018F7DF9CFD8
:102B200080912001877FF5CFCF93DF93282F30E06E
:102B3000F901E557F14E8491F901E551F14ED49137
:102B4000F901EF5CF04EC491CC23A1F081110E94F9
:102B50002D15EC2FF0E0EE0FFF1FEF58F14EA59171
:102B6000B491EC91ED2381E090E009F480E0DF91F5
:102B7000CF91089580E090E0FACF862F0C949415C1
:102B80001F93CF93DF93282F30E0F901E557F14EE3
:102B90008491F901E551F14ED491F901EF5CF04EC9
:102BA000C491CC23A9F0162F81110E942D15EC2F72
:102BB000F0E0EE0FFF1FE95AF14EA591B4918FB7E7
:102BC000F894EC91111108C0D095DE23DC938FBFEF
:102BD000DF91CF911F910895DE2BF8CF862F642FC0
:102BE0000C94C015CF93DF9390E0FC01E551F14EBA
:102BF00024918F5C904EFC0184918823C9F090E071
:102C0000880F991FFC01EF52F14EA591B491FC0180
:102C1000E95AF14EC591D49161110DC09FB7F89456
:102C20008C91209582238C938881282328839FBFB1
:102C3000DF91CF910895623051F49FB7F8943C91A1
:102C4000822F809583238C93E8812E2BEFCF8FB733
:102C5000F894EC912E2B2C938FBFEACF862F642F04
:102C60000C94F2153FB7F8948091D9089091DA0846
:102C7000A091DB08B091DC0826B5A89B05C02F3FCA
:102C800019F00196A11DB11D3FBFBA2FA92F982F92
:102C90008827BC01CD01620F711D811D911D42E08D
:102CA000660F771F881F991F4A95D1F70895CF9215
:102CB000DF92EF92FF920F931F930E9432160091C2
:102CC000CA071091CB072091CC073091CD076B013B
:102CD0007C01C01AD10AE20AF30A97018601013D7C
:102CE00017402105310590F020914809309149099C
:102CF0002F5F3F4F30934909209348096093CA07DB
:102D00007093CB078093CC079093CD071F910F91C1
:102D1000FF90EF90DF90CF9008958F929F92AF92A7
:102D2000BF92CF92DF92EF92FF924B015C010E9423
:102D300032166B017C010E9432166C197D098E09D6
:102D40009F09683E734081059105A8F321E0821A2E
:102D50009108A108B10888EEC80E83E0D81EE11CD6
:102D6000F11C81149104A104B10429F7FF90EF90A4
:102D7000DF90CF90BF90AF909F908F9008952FB726
:102D8000F8946091D5087091D6088091D7089091F9
:102D9000D8082FBF0895BC016E5F7F4FDC01ED9115
:102DA000FC910190F081E02D40E0199591E08111B6
:102DB00090E0892F089508958EBD00000DB407FEA0
:102DC000FDCF8EB50895DF92EF92FF920F931F9380
:102DD000CF93DF937C01062FD42E152F80E590E052
:102DE0000E94991360E0F70186850E94C01582E178
:102DF0000E94DC16CD2DD12F0C0F1D2F111DC017D9
:102E0000D10721F089910E94DC16F9CF61E0F7012A
:102E10008685DF91CF911F910F91FF90EF90DF900A
:102E20000C94C0151F93CF93DF93EC01162F80E510
:102E300090E00E94991360E08E850E94C015812F5A
:102E400080680E94DC1680E00E94DC16182F61E08A
:102E50008E850E94C015812FDF91CF911F9108951B
:102E60000F931F93CF93DF93EC01062F142F80E570
:102E700090E00E94991360E08E850E94C015802F1B
:102E80000E94DC16812F0E94DC1661E08E85DF91A6
:102E9000CF911F910F910C94C015CF9361E0809159
:102EA000110D0E94F21561E08091110D0E94C01574
:102EB0008091120D8F3F09F46AC060E00E94F21504
:102EC0008091120D0E949415892B09F060C061E079
:102ED0008091120D0E94F21560E08091120D0E9407
:102EE000C01583E090E00197F1F761E08091120D49
:102EF0000E94C01562E370E080E090E00E948D16B1
:102F000040E064E283E09DE00E94301740E066E22A
:102F100083E09DE00E94301746E268E483E09DE094
:102F20000E94301740E864E583E09DE00E9430177E
:102F300049EA66E583E09DE00E94301743E068E5DA
:102F400083E09DE00E94301748EE6AE583E09DE053
:102F50000E94301740E46AE283E09DE00E9430174F
:102F60004DE362E283E09DE00E94301768E283E077
:102F70009DE00E941217982F93709330F9F0482F1C
:102F8000436068E283E09DE0CF910C9430174FE0FE
:102F900062E083E09DE00E943017C3E062E370E0EE
:102FA00080E090E00E948D1662E083E09DE00E9448
:102FB000121784FFA5CFC15089F7A2CFCF910895F2
:102FC000CF92DF92EF92FF920F931F93CF93DF93F5
:102FD000EC016B01F42E890140E062E00E943017A1
:102FE00044E06AE0CE010E94301740E864E1CE017F
:102FF0000E943017A6016F2DCE010E94E31643E018
:1030000062E0CE010E9430170E94BF166B017C0166
:1030100029E5C20ED11CE11CF11C6AE0CE010E9420
:10302000121782FF1BC040E062E0CE010E94301701
:1030300064E4CE010E941217F801808362E4CE019D
:103040000E941217F801818380E0DF91CF911F91D8
:103050000F91FF90EF90DF90CF9008950E94BF16E0
:103060006C157D058E059F05C0F283E0EECF2F9293
:103070003F924F925F926F927F928F929F92AF9208
:10308000CF92DF92EF92FF920F931F93CF93DF9334
:103090001F921F92CDB7DEB74C012B01D42E390100
:1030A00080E0E114F10411F0F70180813C2C3294AE
:1030B00090EF3922380E40E062E0C4010E943017E0
:1030C0004FE768E0C4010E94301740E864E1C401A2
:1030D0000E943017A2016D2DC4010E94E316432DFA
:1030E0006AE1C4010E9430174CE062E0C4010E9412
:1030F00030176AE1C4010E941217482F40686AE144
:10310000C4010E9430170E94BF161B012C01F4E27B
:103110002F0E311C411C511C68E0C4010E94121783
:10312000982F907309F0B7C080FF15C083E00F900F
:103130000F90DF91CF911F910F91FF90EF90DF9053
:10314000CF90AF909F908F907F906F905F904F90B7
:103150003F902F9008950E94BF1662157305840555
:103160009505D0F2E3CF6114710409F469C001152B
:10317000110509F465C064E1C4010E941217382EDC
:10318000F8018081831508F480C030823320E1F19A
:1031900080E590E00E94991360E0F40186850E942A
:1031A000C0153A9482E90E94DC16CC20B1F08FEF72
:1031B00090E09C0102C0220F331FCA94E2F769011C
:1031C00082E90E94DC169C2D9095F30120819223C8
:1031D0008C21982B9083CC24C39423014C0C511C3C
:1031E000C31440F482E90E94DC16F20181932F019E
:1031F000C394F6CF80E00E94DC16F201808361E088
:10320000F40186850E94C01568E1C4010E9412176E
:103210008770E114F10411F0F701808323FC37C0BB
:1032200061147104B1F10115110599F1AA2089F118
:10323000F8014081413031F4843029F58FEF77CFA8
:1032400080E0ECCF4230F8F081111DC042509E0169
:103250002F5F3F4FB301C4010E94E017811167CF78
:10326000F8019081690E711CF301329720819981D8
:10327000291309C0F1E06F1A7108F30120819A81C6
:10328000291709F454CF87E052CF84E050CF82E071
:103290004ECF80E04CCF6CE0C4010E941217282E64
:1032A000837109F460CF81E042CF8F929F92AF92F9
:1032B000CF92DF92EF92FF920F931F93CF93DF9302
:1032C00000D01F92CDB7DEB74C0180E589831A820A
:1032D0009E012D5F3F4F42E0BE016F5F7F4FC401F3
:1032E0000E94E017D82E811116C0A12CC12CF12C00
:1032F000E12C10E000E030E020E044E0BE016F5F30
:103300007F4FC4010E943718833029F0D82E8111D5
:1033100002C0DD24D3948D2D0F900F900F900F904D
:10332000DF91CF911F910F91FF90EF90DF90CF90A1
:10333000AF909F908F9008950F931F93CF93DF933B
:103340008C01D62FC42F0E941217C0954C2F4823F2
:103350006D2FC801DF91CF911F910F910C94301701
:103360008F929F92AF92CF92EF92FF920F931F9303
:10337000CF93DF9300D01F921F92CDB7DEB74C01E1
:1033800082E08D8340E064E2C4010E94301740E097
:1033900066E2C4010E94301746E268E4C4010E945C
:1033A000301786E28B838D818230B0F140E86CE18A
:1033B000C4010E949C1987E08C83A12CC12CCE01F2
:1033C00004967C018E010B5F1F4F9E012F5F3F4FC4
:1033D00041E0BE016D5F7F4FC4010E943718982FF6
:1033E000811117C08D818230B9F48C81811114C094
:1033F00081E00F900F900F900F900F90DF91CF9181
:103400001F910F91FF90EF90CF90AF909F908F9072
:10341000089581E0923069F380E0EBCF2F923F92E4
:103420004F925F926F927F928F929F92AF92BF92D4
:10343000CF92DF92EF92FF920F931F93CF93DF9380
:10344000CDB7DEB72D970FB6F894DEBF0FBECDBF58
:1034500016E0413508F045C1342E4B013C0140E8EF
:103460006CE10E949C1983E98983332029F081E073
:10347000F4019081953008F480E022242394B12C4B
:103480009B2D990F990F990FD32CD91AD7FCD12CBA
:1034900032E0882319F098E89B8333E021E09D2DEA
:1034A000977009F420E09D2D959595959595290F98
:1034B000C9F094E0811193E0291708F4922FEB2DC5
:1034C000F0E03196E80DF91D232F4191A1E0B0E025
:1034D000AC0FBD1FA20FB11D4C932F5F422F431B9A
:1034E000491798F3882311F0F8E0DF0E8FE18D156E
:1034F0000CF082C090E79A838B819C8189279D8103
:1035000089279E8189278F839E01285F3F4F47E04F
:10351000BE016F5F7F4FC3010E94E017182F81111A
:10352000E0C01A86E3E0EB87DC86CE0107962C012B
:1035300099E09D87CA844C2D4295407F4C0D6AE1ED
:10354000C3010E943017A12CCE010A967C018E0186
:10355000055F1F4F92014D85BE016F5F7F4FC30115
:103560000E943718182F823009F065C06CE1C30142
:103570000E94121785FDB5C08F7109F480E2282FD3
:1035800030E04D2DDD0C550B421753070CF09DC05C
:10359000D82EE82FE595E595E595EF5F982F977084
:1035A00081E009F480E0E80F81E090E08C0F9D1F3E
:1035B0008E0F911DFC01215031092770332781E0C6
:1035C00090E002C0880F991F2A95E2F79C01808144
:1035D000822B80838BCF85E98983332031F081E092
:1035E000F4019081983008F04BCF80E049CF87E913
:1035F000898326E0B22EF9CF9D2D97709A878D2D65
:103600008595859585958E5F282F2295207F290F9A
:103610002A8321E0911101C020E0280F2D87442446
:103620004394512C4C0E5D1E480E511CE9E0E81BE2
:10363000EB87DC867FCF811154C080E2D82E9C8539
:1036400090320CF457CF8B81883809F040C083E06A
:1036500093E0EB2DF0E03196E80DF91D980FA1E015
:10366000B0E0AC0FBD1FA80FB11D2C9121938F5F4F
:103670008913F5CFBB84E3E0BE124DC08A8581116A
:103680004AC09E012D5F3F4F41E0B201C3010E943D
:10369000E017182F811125C09B81F20181819813B9
:1036A0003CC09C818281981338C0808182FF12C007
:1036B0002394F2E02F1609F48ECF83E0281609F444
:1036C00096CF91E0291609F4CECE15E00AC082E02B
:1036D00094E0BFCFF4018387822D880F820D8F5F26
:1036E0008083812F2D960FB6F894DEBF0FBECDBF1D
:1036F000DF91CF911F910F91FF90EF90DF90CF90CE
:10370000BF90AF909F908F907F906F905F904F9001
:103710003F902F90089511E0E4CF17E0E2CF209181
:103720006308260F3327331F21323105ECF4209133
:10373000AC08FC0190E080E0243069F082E008955C
:10374000A09163082191AC014D5B574FA40FB52F99
:10375000B11D2C930196861798F380916308680F2A
:103760006093630880E0089581E008951092AC08AA
:1037700081E08093AB081092860861E084E10E94AA
:10378000C01561E085E10E94C015E9EBF0E08081A1
:103790008E7F808380818D7F808388E48093B800D2
:1037A00085E48093BC000895CF93DF9391E09093DC
:1037B00042088823B9F0C091B800D091BA00809136
:1037C000BC008A7B8093BC0060E084E10E94C0154D
:1037D00060E085E10E94C0150E94B61BD093BA003C
:1037E000C093B800DF91CF9108950895E091860BC2
:1037F0008091850BE81730F4F0E0EE5DF74F8081A3
:1038000090E008958FEF9FEF08959091860B80913F
:10381000850B2FEF3FEF981748F4E92FF0E0EE5DAE
:10382000F74F208130E09F5F9093860BC901089588
:103830008091850B9091860B891B990B0895CF92EF
:10384000DF92EF92FF920F931F93CF93DF937C0150
:10385000CB018A012091B208222389F0EB016B0190
:10386000C40ED51ECC15DD0569F06991D701ED9127
:10387000FC910190F081E02DC7011995F3CF642FE1
:103880000E948F1BC801DF91CF911F910F91FF9074
:10389000EF90DF90CF900895CF93DF931F92CDB735
:1038A000DEB769832091B2082223F9F02091830BBF
:1038B000203258F021E030E0FC013383228390E095
:1038C00080E00F90DF91CF9108958091840BE82FD5
:1038D000F0E0ED54F74F998190838F5F8093840BD4
:1038E0008093830B81E090E0ECCF61E0CE01019604
:1038F0000E948F1BF7CFCF92DF92EF92FF920F9330
:103900001F93CF93DF93FC01C48121E02093B20881
:10391000C093D3081092840B1092830B8385682B7D
:1039200081EC9CE00E944C1CD091830BD13208F0BA
:1039300092C00E9432166B017C018091AC0881110B
:1039400065C082E08093AC0881E08093AB088FEF84
:103950008093AA081092A908D093A808A3EBB8E016
:10396000E8E8F8E080E0D81385C0109287088091DD
:103970008708CC0FC82BC0938708809186088130B8
:1039800009F07CC0109286080E9432166B017C01FF
:10399000809187088093BB008091AE089091AF081A
:1039A000A091B008B091B108892B8A2B8B2B99F08C
:1039B0000E9432160091AE081091AF082091B00815
:1039C0003091B1086C197D098E099F0906171707F8
:1039D00028073907E0F18091BC0083FDD9CF85EC41
:1039E0008093BC000E9432166B017C018091AC0870
:1039F000823009F445C08091AA088F3F61F180911F
:103A0000AA08803241F18091AA0825C08091AE08B1
:103A10009091AF08A091B008B091B108892B8A2B82
:103A20008B2B09F48ACF0E9432160091AE081091B8
:103A3000AF082091B0083091B1086C197D098E094A
:103A40009F09061717072807390708F076CF8091D6
:103A5000AD080E94D41B1092840B1092830B10921D
:103A6000B208DF91CF911F910F91FF90EF90DF90FF
:103A7000CF9008959D9191938F5F75CF85EEB0CFD4
:103A80008091AE089091AF08A091B008B091B108B4
:103A9000892B8A2B8B2B09F4A9CF0E943216009117
:103AA000AE081091AF082091B0083091B1086C19A0
:103AB0007D098E099F09061717072807390708F09F
:103AC00095CFC5CF10928D0D60E082E89DE00C94FB
:103AD0007B1C88E080938D0D60E082E89DE00C9473
:103AE0007B1C90E080E00895CF92DF92EF92FF92EE
:103AF00080917409811157C080917309811153C05D
:103B00000E9432166B017C018091C6079091C70715
:103B1000A091C807B091C907A7019601281B390BCE
:103B20004A0B5B0BDA01C9018135934CA105B10544
:103B3000D0F160916209709163098091640990915C
:103B4000650920E030E048E452E40E944A7760933F
:103B50006209709363098093640990936509609189
:103B600062097091630980916409909165090E94CE
:103B70002878609366097093670980936809909329
:103B800069090E94BF1660936A0970936B0980935C
:103B90006C0990936D09C092C607D092C707E09256
:103BA000C807F092C907FF90EF90DF90CF9008957B
:103BB000E7EBF9E010821786108A118A128A739651
:103BC0008BE0EF37F807B1F70895CF92DF92EF92CD
:103BD000FF928091FA078823E1F0C090F607D09019
:103BE000F707E090F807F090F907C114D104E10459
:103BF000F10471F00E94BF16AB01BC014C195D09C4
:103C00006E097F0981E0403F59446240710508F028
:103C100080E0FF90EF90DF90CF9008950F931F9377
:103C2000CF938C01C62F0E947B1C6C2F6460C8014F
:103C30000E947B1C6C2F6B7FC8010E947B1C83EC55
:103C400090E00197F1F7CF911F910F9108950F9395
:103C50001F93CF93DF938C01D62FC42F607F642BEB
:103C60000E940E1E80E1D89FB00111246C2BC80168
:103C7000DF91CF911F910F910C940E1ECF93DF9384
:103C800000D000D01F921F92CDB7DEB798E0E8E8D1
:103C9000F2E0DE01119601900D929A95E1F7909174
:103CA0008A0D961710F46FEF690F262F30E0220F60
:103CB000331F41E050E04C0F5D1F240F351FF90109
:103CC0006081680F606840E082E89DE028960FB64A
:103CD000F894DEBF0FBECDBFDF91CF910C94271EAD
:103CE00040E061E082E89DE00E94271E8BE39FE1B7
:103CF0000197F1F70895CF93DF931092860B1092FE
:103D0000850B1092840B1092830B0E94B61B8CE9DA
:103D100093E19093820B8093810B8DE993E19093D3
:103D2000800B80937F0B1092870D80918C0D8230D9
:103D300018F098E09093870D80938A0D62E370E00D
:103D400080E090E00E948D1660918D0D82E89DE0EC
:103D50000E947B1C68EE73E080E090E00E948D166C
:103D600060E382E89DE00E940E1ECBE4D6E4CE0123
:103D70000197F1F760E382E89DE00E940E1E219713
:103D8000F1F760E382E89DE00E940E1E83E592E079
:103D90000197F1F760E282E89DE00E940E1E6091BB
:103DA000870D606240E082E89DE00E94271E84E06B
:103DB0008093880D40E06CE082E89DE00E94271E21
:103DC0000E94701E82E08093890D40E066E082E8E8
:103DD0009DE00E94271E40E062E082E89DE00E9494
:103DE000271E8BE39FE10197F1F7DF91CF910895B3
:103DF00041E00E94271E81E090E00895DC011496C6
:103E00008D919C9115976817790750F4ED91FC916D
:103E10001197E60FF71F15967C936E9314971082F7
:103E20000895CF93DF93EC018991882349F0082E00
:103E3000000C990B0E94977AFE0131978083F4CF92
:103E4000DF91CF910895FC0124813581232B39F432
:103E500021E0FB018081882349F020E007C08081B8
:103E600091810E94BB7A21E0892BB9F7822F0895B6
:103E7000EF92FF920F931F93CF93DF937C0107EB99
:103E800019E0D0E0C0E0F8018081882331F0B7016B
:103E9000C8010E94BB7A892B41F021960D5E1F4F0D
:103EA000C831D10581F7CFEFDFEFCE01DF91CF91A0
:103EB0001F910F91FF90EF900895CF92DF92EF92B4
:103EC000FF920E94E51D81113FC08091B2098634A6
:103ED000D9F584E999E00E94381F97FF0FC0E7EBFE
:103EE000F9E08FE79BE020812223B9F173968E17CA
:103EF0009F07C9F7C12CD12C76011FC023E1289F51
:103F0000F001299FF00D1124E954F64F27853089DF
:103F100041895289609162027091630280916402CA
:103F2000909165020E9449776B017C0120E030E0AE
:103F3000A9010E9457781816ECF6C701B601FF9048
:103F4000EF90DF90CF90089588E2C82E8BE6D82EB0
:103F50008EE6E82E8EE4F82EF0CFC0906202D0906C
:103F60006302E0906402F0906502E7CFCF92DF92A7
:103F7000EF92FF920F931F93CF93DF93EB017B019F
:103F800023E2E20EF11C8B016C01C61AD70AC601AE
:103F9000800F911F0E94D076F80181938F01EE155A
:103FA000FF05A9F7CE01DF91CF911F910F91FF90EF
:103FB000EF90DF90CF900895EF92FF920F931F93B1
:103FC000CF93DF93CDB7DEB7C354D1090FB6F894C2
:103FD000DEBF0FBECDBF4EE050E0BC01CE01C496A7
:103FE0000E94D97A23961FAE2397CE01C4960E94D1
:103FF000111F84E4E82EF12C10E000E0BE016F5F99
:104000007F4FC7010E94B61F888981110BC00F5FC7
:104010001F4F83E2E80EF11C0233110579F70FEF11
:104020001FEF17C04EE050E0BE01605F7F4FCE0132
:1040300084960E94D97A1AAACE0184960E94111FF2
:10404000BE016C5C7F4FCE0184960E94BB7A892BA7
:10405000F1F6C801CD5BDF4F0FB6F894DEBF0FBE9F
:10406000CDBFDF91CF911F910F91FF90EF900895F9
:10407000CF92DF92EF92FF920F931F93CF93DF9334
:10408000EB017B0120E1E20EF11C8B016C01C61AF1
:10409000D70AC601800F911F0E94D076F801819344
:1040A0008F01EE15FF05A9F7CE01DF91CF911F918A
:1040B0000F91FF90EF90DF90CF900895CF92DF9215
:1040C000EF92FF920F931F93CF93DF93EB017B014E
:1040D00024E0E20EF11C8B016C01C61AD70AC6015E
:1040E000800F911F0E94D076F80181938F01EE1509
:1040F000FF05A9F7CE01DF91CF911F910F91FF909E
:10410000EF90DF90CF9008950C94D0762F923F924D
:104110004F925F926F927F928F929F92AF92BF92D7
:10412000CF92DF92EF92FF920F931F93CF93DF9383
:1041300000D000D000D0CDB7DEB76C011B018FEFEF
:104140009FEFF60191838083FB011082118212821E
:1041500013820BE517E0F12CE12C1986412C512C30
:104160003201CE0101965C01480198E0890E911C54
:10417000C8010E94D076F50181935F010F5F1F4F48
:1041800008151905A9F78D819E81AF81B8858F3FEC
:10419000FFEF9F07AF07BF07D9F02985222351F012
:1041A000F1014081518162817381481759076A0783
:1041B0007B0760F4F10180839183A283B383F601CE
:1041C000F182E08249805A806B807C80F1E0F9873F
:1041D0002FEFE21AF20A80E1E816F10411F6998550
:1041E000911106C0412C512C80E8682E8FEB782E5F
:1041F000C301B20129960FB6F894DEBF0FBECDBF42
:10420000DF91CF911F910F91FF90EF90DF90CF90B2
:10421000BF90AF909F908F907F906F905F904F90E6
:104220003F902F900895FB0101900020E9F731970E
:10423000AF01461B570BDC01ED91FC910280F3812D
:10424000E02D19948F929F92AF92BF92EF92FF92BE
:104250000F931F93CF93DF93CDB7DEB7A1970FB620
:10426000F894DEBF0FBECDBF7C01FA01CB0119A2CD
:10427000223008F42AE08E010F5D1F4F822E912C10
:10428000B12CA12CBF01A50194010E941877F9015E
:10429000CA016A300CF5605DD8016E938D01232B45
:1042A000242B252B79F790E080E0109721F0BD01B9
:1042B000C7010E941321A1960FB6F894DEBF0FBE6E
:1042C000CDBFDF91CF911F910F91FF90EF90BF90E5
:1042D000AF909F908F900895695CDECFCF92DF9270
:1042E000EF92FF92CF93DF93AB01BC0177FF1DC02C
:1042F0006A017C016DE284E29CE00E94BA13EC0149
:1043000044275527BA014C195D096E097F092AE037
:1043100084E29CE00E9422218C0F9D1FDF91CF91AF
:10432000FF90EF90DF90CF9008952AE084E29CE028
:10433000DF91CF91FF90EF90DF90CF900C942221EE
:104340008F929F92AF92BF92CF92DF92EF92FF92A5
:104350000E945D1F6B017C0120E034E244E759E4D8
:104360000E94577887FF36C062E080E00E943E1EC0
:104370006CE676E282E89DE00E94CF138090B3095C
:104380009090B409A090B509B090B609A501940128
:10439000C701B6010E94A97587FF19C0C701B60100
:1043A0000E9428782AE0AB01BC0182E89DE00E94CF
:1043B000222167E676E282E89DE0FF90EF90DF90B1
:1043C000CF90BF90AF909F908F900C94CF13C5016A
:1043D000B401E6CFFF90EF90DF90CF90BF90AF9009
:1043E0009F908F9008952F923F924F925F926F927D
:1043F0007F928F929F92AF92BF92CF92DF92EF9275
:10440000FF921F93CF93DF93EC016A017B01722E21
:10441000AB019601CB01B6010E945C7864ED72E0BD
:10442000811126C046015701E894B7F82FEF3FEFFE
:104430004FE75FE7C501B4010E945C7881110CC0B1
:104440002FEF3FEF4FE75FE7C501B4010E94A97569
:1044500068ED72E0181664F02FEF3FEF4FE75FE46E
:10446000C701B6010E9457781816B4F46CED72E0DB
:10447000CE01DF91CF911F91FF90EF90DF90CF9011
:10448000BF90AF909F908F907F906F905F904F9074
:104490003F902F900C9413212FEF3FEF4FE75FECED
:1044A000C701B6010E94A97587FDE0CF20E030E08A
:1044B000A901C701B6010E94A975312C212C87FFE3
:1044C00009C06DE2CE010E94BA131C01F7FAF09404
:1044D000F7F8F09410E060E070E080E09FE3711680
:1044E00041F020E030E040E251E40E94B6771F5FE7
:1044F000F6CFA70196010E944A772B013C010E944A
:1045000028784B015C012AE0BC01A401CE010E9485
:1045100022217C01E20CF31C1123C1F1C501B4017D
:104520000E94AE759B01AC01C301B2010E944977A4
:104530004B015C016EE2CE010E94BA13E80EF91E37
:10454000115020F120E030E040E251E4C501B40117
:104550000E940F762B013C010E9428784B01B12C60
:10456000A12C2AE0B501A401CE010E942221E80E6F
:10457000F91EC501B4010E94AE759B01AC01C301D7
:10458000B2010E9449774B015C01DACFC701DF918C
:10459000CF911F91FF90EF90DF90CF90BF90AF90A1
:1045A0009F908F907F906F905F904F903F902F9053
:1045B00008950F931F93CF93DF93EC010E94F32193
:1045C0008C0160EE72E0CE010E941321800F911FDA
:1045D000DF91CF911F910F9108950C94F3214F9289
:1045E0005F926F927F928F929F92AF92BF92CF9283
:1045F000DF92EF92FF920F931F932B013C01490131
:104600005A01670166EB76E184E29CE00E94CF13D9
:1046100023E030E0B301A20184E29CE00E94ED229D
:104620006AE384E29CE00E94BA1323E030E0B50123
:10463000A40184E29CE00E94ED226AE384E29CE013
:104640000E94BA1322E030E0B801A60184E29CE0A7
:104650001F910F91FF90EF90DF90CF90BF90AF90A0
:104660009F908F907F906F905F904F900C94D92285
:104670000F931F93CF93DF93EC010E9413218C01C2
:1046800060EE72E0CE010E941321800F911FDF9136
:10469000CF911F910F9108950F931F93882311F1CC
:1046A0004EE050E064E979E085E899E00E94D97A2B
:1046B000109293090E94BF1660938109709382093A
:1046C00080938309909384096CE576E284E29CE010
:1046D0000E94CF1364E979E084E29CE01F910F917E
:1046E0000C94382364E979E085E899E00E94BB7A6C
:1046F000892BB1F60E94BF160091810910918209A1
:104700002091830930918409601B710B820B930BFC
:10471000603177428105910518F61F910F91089538
:104720000F931F93CF93DF93EC010E94C1138C0171
:1047300060EE72E0CE010E941321800F911FDF9185
:10474000CF911F910F9108950F931F93CF93DF93F4
:10475000EC010E94CF138C0160EE72E0CE010E944A
:104760001321800F911FDF91CF911F910F91089519
:104770006AEB74E087E89BE00E94CF1360E974E085
:1047800087E89BE00E94A4236EE874E087E89BE042
:104790000C94CF136CE874E087E89BE00E94CF1381
:1047A0006EE774E087E89BE00E94A4236FE674E064
:1047B00087E89BE00E94CF1340914C0250914D023C
:1047C00060914E0270914F0222E030E087E89BE05A
:1047D0000E94D9226AE574E087E89BE00E94CF132B
:1047E00040914602509147026091480270914902FF
:1047F00022E030E087E89BE00E94D92262E574E085
:1048000087E89BE00E94CF1368E272E087E89BE0B4
:104810000E94382360E574E087E89BE00E94CF1394
:1048200066E374E087E89BE00E94CF1340913C026E
:1048300050913D0260913E0270913F0222E030E0D3
:1048400087E89BE00E94D92264E374E087E89BE05C
:104850000E94CF1363E773E087E89BE00E94A423E4
:1048600061E773E087E89BE00C94CF130C9413216D
:10487000EF92FF920F931F93CF937C018B01C42F74
:104880000E94701E60E080E00E943E1EB70182E838
:104890009DE00E94CF1361E080E00E943E1EB801BF
:1048A00082E89DE00E94CF13CC2351F063E080E0CA
:1048B0000E943E1E68E272E082E89DE00E9436247B
:1048C00061E088E00E94C0156CE271E080E090E059
:1048D0000E948D1660E088E00E94C01564EC79E0CB
:1048E00080E090E00E948D160E94701E0E94BF160C
:1048F00060936A0970936B0980936C0990936D09BA
:10490000CF911F910F91FF90EF900895FC0180814E
:104910009181009711F00C94647160E070E0CB011C
:104920000895AF92BF92CF92DF92EF92FF920F93D2
:104930001F93CF93DF93DC01CD90DC901197C114CE
:10494000D10439F01496CD91DC918C017601209739
:1049500061F4DF91CF911F910F91FF90EF90DF9065
:10496000CF90BF90AF90089575015701BFEFAB1A7C
:10497000BB0AF7018081082E000C990B0E94787504
:10498000892B91F72197CC0DDD1D8881082E000C15
:10499000990B0E947875892B29F0CE15DF0510F050
:1049A0002197F3CFAE014F5F5F4F4E195F09D801DA
:1049B00015965C934E931497CE14DF0420F4B70140
:1049C000C6010E94A77AD801ED91FC911197149627
:1049D0008D919C91E80FF91F1082BBCFCF93DF938D
:1049E000FC01C081D181209761F08991882349F031
:1049F000082E000C990B0E949F7AFE01319780834C
:104A0000F4CFDF91CF910895FB0144815581FC01E2
:104A1000248135812417350778F0808191810097B2
:104A200059F0FB01608171816115710529F00E94C7
:104A3000CB7A21E0892B09F020E0822F0895CF92D4
:104A4000DF92EF92FF920F931F93CF93DF93CDB737
:104A5000DEB7A3970FB6F894DEBF0FBECDBF6C01D3
:104A600084E4E82EF12C10E000E0BE016F5F7F4F80
:104A7000C7010E94B61F4EE050E0B601CE0101967C
:104A80000E94CB7A892B19F4898181110AC00F5FAA
:104A90001F4F83E2E80EF11C0233110531F70FEFCF
:104AA0001FEFC801A3960FB6F894DEBF0FBECDBFAF
:104AB000DF91CF911F910F91FF90EF90DF90CF90FA
:104AC00008950F931F93CF93DF938C01EB01FC01AB
:104AD000808191810097E1F068817981611571058C
:104AE000A9F0428153812C813D814217530770F018
:104AF0000E94C47A8C819D81F801958384831D82F4
:104B00001C82DF91CF911F910F9108950E942D7902
:104B100088819981F801918380838A819B81938325
:104B200082838C819D8195838483198218821B8264
:104B30001A82E5CFCF93DF93EC01888199810097AA
:104B400011F00E942D79198218821D821C821B820D
:104B50001A82DF91CF910895FC01808191810097A5
:104B600011F00C942D7908950F931F93CF93DF9339
:104B7000EC0188819981009759F02A813B812617A1
:104B8000370730F081E0DF91CF911F910F910895A9
:104B90008B016F5F7F4F0E94B679009759F0998320
:104BA00088831B830A832C813D81232B59F7FC01C9
:104BB0001082E8CF80E0E7CFEF92FF920F931F9330
:104BC000CF93DF936115710541F480E0DF91CF91C0
:104BD0001F910F91FF90EF90089541155105B1F08D
:104BE0007B01EC010C811D81040F151FB8010E948F
:104BF000B425882351F3288139818C819D81B701A7
:104C0000820F931F0E94C47A1D830C8381E0DECF44
:104C1000CF93DF93EC016115710539F4CE010E9449
:104C20009A25CE01DF91CF910895FB0101900020DC
:104C3000E9F73197AF01461B570B0E94DC2588230B
:104C400069F3EFCFCF93DF93EC01FB0144815581F2
:104C5000608171810E94DC25811103C0CE010E9418
:104C60009A25CE01DF91CF910895CF93DF931F92C4
:104C70001F92CDB7DEB769831A8241E050E0BE01D2
:104C80006F5F7F4F0E94DC250F900F90DF91CF91D7
:104C90000895EF92FF920F931F93CF93DF93EC0150
:104CA0008B01F801648175816115710581F0808146
:104CB0009181009761F061507109860F971FFC0187
:104CC0008081803221F4C8010E94FE1EEACF85E077
:104CD000E82EF12C60E2C8010E943526F1E0EF1ABF
:104CE000F108C1F7198218821B821A821D821C8268
:104CF000B801CE010E946125CE01DF91CF911F91B5
:104D00000F91FF90EF900895EF92FF920F931F93F2
:104D1000CF93DF93EC017B018A01BA010E94B42595
:104D200081110BC0CE010E949A25CE01DF91CF9157
:104D30001F910F91FF90EF9008951D830C83B70191
:104D4000888199810E94C47AF0CFFB0101900020F4
:104D5000E9F73197AF01461B570B0C948426EF926D
:104D6000FF920F931F93CF93DF93CDB7DEB7A19739
:104D70000FB6F894DEBF0FBECDBF7C01CB01BA01E8
:104D8000F7011182108213821282158214828E0121
:104D90000F5F1F4F22E044E00E94A270009789F04D
:104DA000BC01C7010E94A526A1960FB6F894DEBFEC
:104DB0000FBECDBFDF91CF911F910F91FF90EF906C
:104DC0000895C7010E949A25EFCFCF93DF93EC019E
:104DD00010927B09109233091092320962EE72E050
:104DE0008BEE9CE00E94A52662EE72E085EE9CE0D0
:104DF0000E94A5260E94701E60E080E00E943E1E78
:104E0000BE0182E89DE00E94362461E088E00E94B5
:104E1000C01566E970E080E090E00E948D1660E0C9
:104E200088E00E94C0156CED75E080E090E00E9483
:104E30008D16DF91CF910C94701E1092EE07109298
:104E4000ED078FEF9FEF909303028093020262EED3
:104E500072E08DEC9CE00E94A5261092E107109272
:104E6000E2071092E3071092E4071092F407109201
:104E7000F5070E94701E0E94621D80917A098111BF
:104E80000C94CA230C94B823CF93DF93EC016CE508
:104E900077E087E89BE00E94CF13BE0187E89BE0A4
:104EA0000E94A423DF91CF910C941D27CF93DF9311
:104EB000EC01FB018617970749F06081718161154C
:104EC000710541F0448155810E948426CE01DF9115
:104ED000CF9108950E949A25F9CFFC01118210828A
:104EE00013821282158214820C945627FC011182BF
:104EF00010821382128215821482FB01019000201D
:104F0000E9F73197AF01461B570B0C948426AF92FB
:104F1000BF92CF92DF92EF92FF920F931F93CF93A6
:104F2000DF936C015B017A0189012417350720F4B6
:104F30008F2D7901042F182F62EE72E0C6010E94B6
:104F40007627D5011496CD91DC91EC16FD06E0F4A0
:104F50000C171D0708F4E801D501ED91FC9111979C
:104F6000EC0FFD1F108110826D917C916E0D7F1DE5
:104F7000C60161157105A1F00E94A526F501808189
:104F80009181C80FD91F1883C601DF91CF911F915E
:104F90000F91FF90EF90DF90CF90BF90AF9008956A
:104FA0000E949A25EBCF8F929F92AF92BF92CF92A1
:104FB000DF92EF92FF920F931F93CF93DF938C01B9
:104FC0006B015A01D0E0C0E0F12CE12C912C812C36
:104FD000F601848195818C179D0760F18C179D07E0
:104FE000B9F4EA14FB04F1F49E01A401B601C8016E
:104FF0000E948727C801DF91CF911F910F91FF90E9
:10500000EF90DF90CF90BF90AF909F908F900895DA
:10501000BE01C6010E94A713FC0180818A3309F3F7
:105020002196D6CF4E01FFEF8F1A9F0A8FEFE81A15
:10503000F80AF6CF62EE72E0C8010E947627DACF56
:10504000CF92DF92EF92FF920F931F93CF93DF9354
:1050500000D000D0CDB7DEB76C017B018A010E9481
:10506000691D0E94701E60E080E00E943E1EB60135
:1050700082E89DE00E94CF1361E080E00E943E1E26
:1050800024E130E050E040E0B701CE0101960E94FB
:105090008727BE016F5F7F4F82E89DE00E94C113AA
:1050A000CE0101960E94AC2562E080E00E943E1E87
:1050B00024E130E050E040E0B801CE0101960E94CA
:1050C0008727BE016F5F7F4F82E89DE00E94C1137A
:1050D000CE0101960E94AC2563E080E00E943E1E56
:1050E0006EE577E082E89DE00E94CF1326960FB62A
:1050F000F894DEBF0FBECDBFDF91CF911F910F910E
:10510000FF90EF90DF90CF900895CF93DF93EC0165
:10511000FB01248135810E948727CE01DF91CF9149
:1051200008950F931F93CF93DF93CDB7DEB7E59725
:105130000FB6F894DEBF0FBECDBF8C0123E2209FD7
:10514000C001219F900D1124BE016F5F7F4F8C5BCA
:105150009F4F0E94B61F109303020093020285E046
:1051600090E09093EE078093ED070E94BF16609346
:10517000E5077093E6078093E7079093E8070E949E
:10518000701E0E94621D67EB78E087E89BE00E943A
:10519000CF1348A159A16AA17BA1CE01C0960E945C
:1051A000AF26BE01605F7F4FCE018A960E947627B0
:1051B00066EF72E0CE0184960E947627BE01665D9E
:1051C0007F4FCE0184960E94222668E073E00E9401
:1051D0000826BE01605D7F4F0E942226BC0187E841
:1051E0009BE00E949023CE0184960E94AC25CE01C4
:1051F0008A960E94AC25CE01C0960E94AC2568E933
:1052000078E087E89BE00E94A42366E978E087E8DD
:105210009BE00E94CF13E5960FB6F894DEBF0FBE59
:10522000CDBFDF91CF911F910F91089585ED8093B0
:10523000BC008091AE089091AF08A091B008B091E9
:10524000B1080796A11DB11D23E0B695A7959795C6
:1052500087952A95D1F72091BC0024FD03C01092B8
:10526000AC0808954091AE085091AF086091B00825
:105270007091B108452B462B472B69F30097A10588
:10528000B10541F02AE22A95F1F700C00197A10982
:10529000B109E1CF8091AD080C94D41BEF92FF923D
:1052A0000F931F93CF93DF93CDB7DEB7A3970FB6BE
:1052B000F894DEBF0FBECDBF84E4E82EF12C10E0E1
:1052C00000E0BE016F5F7F4FC7010E94B61F89815A
:1052D000882309F4A2C00F5F1F4F83E2E80EF11C80
:1052E0000233110571F78091000290910102C2977B
:1052F00090F10E94321620917B00277F20937B0043
:1053000021E420937C0020917A00206420937A008D
:1053100020917A0026FDFCCF009178001091790051
:10532000012E000C220B330B6017710782079307C5
:1053300031F060277127822793270E945B710E94BA
:105340000C7122E330E040E050E00E94E67670937A
:1053500001026093000280916009811104C0809174
:105360007C098823A1F08091000290910102209194
:105370004A0230914B028217930749F4019662E387
:1053800070E00E9461789093010280930002009186
:10539000000210910102C801019662E370E00E94D0
:1053A0006178909301028093000223E2209FC00164
:1053B000219F900D1124BE016F5F7F4F8C5B9F4F2B
:1053C0000E94B61F8981882341F168E573E084E279
:1053D0009CE00E94CF13BE016F5F7F4F84E29CE090
:1053E0000E9436246AE384E29CE00E94BA1348A13A
:1053F00059A16AA17BA122E030E084E29CE00E94F6
:10540000ED226AE384E29CE00E94BA13BE01605F71
:105410007F4F84E29CE00E943823C801A3960FB618
:10542000F894DEBF0FBECDBFDF91CF911F910F91DA
:10543000FF90EF900895FF920F931F93CF93DF9308
:10544000EC01F62E08811981C8010E94D076F81669
:1054500021F06F2DC8010E94D876CE01DF91CF9147
:105460001F910F91FF900895AF92BF92CF92DF925C
:10547000EF92FF920F931F93CF93DF931F921F9290
:10548000CDB7DEB78B016B0123E2C20ED11C7B01CD
:105490005C01A61AB70AC5018E0D9F1D9A838983E8
:1054A000F70161917F01CE0101960E941B2AEC1445
:1054B000FD0489F7C8010F900F90DF91CF911F91E4
:1054C0000F91FF90EF90DF90CF90BF90AF90089535
:1054D000FF920F931F93CF93DF93CDB7DEB7C758DB
:1054E000D1090FB6F894DEBF0FBECDBF8091510237
:1054F000882309F41AC10E94BF160091EF0710918A
:10550000F0072091F1073091F207601B710B820BBD
:10551000930B683C71058105910508F406C10E9452
:10552000BF166093EF077093F0078093F107909395
:10553000F2070091ED071091EE07035011098091D9
:105540007A09811104C080917909882361F08091E2
:10555000F507811108C08091F407811104C0023061
:10556000110508F0E2C080915F098111DEC00E9440
:105570004D176AE070E080E090E00E948D1683E0B5
:105580009DE00E94B019882309F4CFC083E09DE01C
:105590000E94CB16882309F4C8C062EE72E0CE01E7
:1055A0008E579F4F0E947627F12C8091050DF8169B
:1055B00040F5EF2DF0E0ED5FF24F83811DA21CA2BC
:1055C0001FA21EA219A618A640E1BE016F5F7F4F61
:1055D00090E00E94AF71BE016F5F7F4FCE01849655
:1055E0000E94A52648A559A56CA17DA1CE018E5784
:1055F0009F4F0E94DC25CE0184960E94AC25F39437
:10560000D4CFCE018E579F4F0E94EE240E94BF162A
:1056100060936A0970936B0980936C0990936D098C
:1056200064E373E0CE0101960E947627BE016E57B7
:105630007F4FCE0101960E942226BC0184E29CE0AD
:105640000E949023CE0101960E94AC2561E088E083
:105650000E94C01568E770E080E090E00E948D161F
:1056600060E088E00E94C0150230110508F085C195
:1056700080917A09811105C080917909882309F404
:105680007CC1BE016E577F4FCE0184589F4F0E9450
:105690006D27EE966EAD7FADEE974EE050E0CE01F9
:1056A000895B9F4F0E94D97A66961FAE6697CE019E
:1056B000895B9F4F0E941F258C010E94BF1660933B
:1056C000E5077093E6078093E7079093E8078091DA
:1056D000ED079091EE0784309105A1F50F3F10077B
:1056E00069F460E977E187E89BE00E94A42362E621
:1056F00077E187E89BE00E94A42303C0C8010E94D1
:105700009128CE0184589F4F0E94AC2583E09DE0F4
:105710000E94551948E060E183E09DE00E949C19D9
:10572000CE018E579F4F0E94AC25C957DF4F0FB651
:10573000F894DEBF0FBECDBFDF91CF911F910F91C7
:10574000FF9008950397E9F60F3F100709F44BC047
:1057500023E2209FC001219F900D1124BE016F5FA5
:105760007F4F8C5B9F4F0E94B61F48A159A16AA131
:105770007BA1CE0184960E94AF26BE01605F7F4F61
:10578000CE0186599F4F0E94762768E473E0CE01D0
:1057900080599F4F0E947627BE0166597F4FCE01E8
:1057A00080599F4F0E94222668E073E00E940826DD
:1057B000BE016C5D7F4F0E942226BC0187E89BE002
:1057C0000E949023CE0180599F4F0E94AC25CE01AC
:1057D00086599F4F0E94AC25CE0184960E94AC252D
:1057E00064E477E186CF0E944E298C0197FF05C0C3
:1057F00081E397E10E94442784CF4EE050E0BE0150
:10580000695B7F4FCE0101960E94D97A1F861F8E59
:105810006091CD0C7091CE0C4EE050E0CE014096E0
:105820000E94D97A1E8E88E48F8F8091E107909133
:10583000E207A091E307B091E40788A399A3AAA384
:10584000BBA383E2FE013196DE01949601900D9296
:105850008A95E1F723E2209FC001219F900D11243A
:10586000BE016C5D7F4F8C5B9F4F0E94342A28A144
:1058700039A14AA15BA1BE01605F7F4FCE010196B5
:105880000E94C35B61E088E00E94C01568EC70E094
:1058900080E090E00E948D1660E088E00E94C015D4
:1058A0000E94701E60E080E00E943E1E64E277E18C
:1058B00082E89DE00E94CF13BE01605F7F4F82E8C7
:1058C0009DE00E94362461E080E00E943E1E6EE171
:1058D00077E182E89DE00E94CF1348A159A16AA117
:1058E0007BA122E030E082E89DE00E94ED2248A109
:1058F00059A16AA17BA1CE0186599F4F0E94AF2674
:10590000BE01605F7F4FCE0180599F4F0E94762776
:1059100069E673E0CE018A589F4F0E947627BE0148
:1059200060597F4FCE018A589F4F0E94222668E01F
:1059300073E00E940826BE0166597F4F0E9422260E
:10594000BC0187E89BE00E949023CE018A589F4FBC
:105950000E94AC25CE0180599F4F0E94AC25CE01FC
:1059600086599F4F0E94AC2560ED77E080E090E083
:105970000E948D160E941D27C4CE8091F5078823B2
:1059800009F4FFC18091F407882309F4FAC1BE012C
:105990006E577F4FCE018A589F4F0E946D27EC961D
:1059A0008EAD9FADEC971DA21CA21FA21EA219A630
:1059B00018A64AE0BE016F5F7F4F0E94AF71BE0123
:1059C0006F5F7F4FCE0184960E94A52663E873E047
:1059D000CE0101960E947627BE016A587F4FCE0104
:1059E00001960E94222669E973E00E940826BE0102
:1059F0006C5D7F4F0E942226BC0184E29CE00E94E5
:105A00009023CE0101960E94AC25CE0184960E947F
:105A1000AC2563EA73E0CE0101960E947627BE01B1
:105A20006A587F4FCE0101960E942226BC0187E86A
:105A30009BE00E949023CE0101960E94AC250E941B
:105A4000701E60E080E00E943E1E68E878E182E817
:105A50009DE00E94CF13EC968EAD9FADEC97892B05
:105A600059F568E778E187E89BE00E94A42360E0AD
:105A700080E00E943E1E6EE678E182E89DE00E9492
:105A8000CF1360ED77E080E090E00E948D161092D9
:105A9000F5076DE478E187E89BE00E94A4230E946B
:105AA000701E60E080E00E943E1E6EE378E182E8B6
:105AB0009DE00E94CF137EC0E8966EAD7FADE89763
:105AC0004EE050E0CE0184960E94D97A1AAACE0107
:105AD00084960E941F25019639F164E278E187E8F7
:105AE0009BE00E94A42360E080E00E943E1E68E1EB
:105AF00078E182E89DE00E94CF1360ED77E080E0DE
:105B000090E00E948D161092F50767EF77E187E825
:105B10009BE00E94A4230E94701E60E080E00E942F
:105B20003E1E68EE77E1C3CF0E944E298C010F3FE5
:105B3000100709F046C062E370E0CE0101960E94B2
:105B4000045C6EEB73E0CE01895B9F4F0E94762769
:105B5000BE016F5F7F4FCE01895B9F4F0E9422265F
:105B600067ED73E00E940826BC0187E89BE00E9475
:105B70009023CE01895B9F4F0E94AC25CE010196F8
:105B80000E94AC251092F4071092F50762EE72E0C5
:105B900081EF9CE00E94A5261092E9071092EA0787
:105BA0001092EB071092EC0780917A09882331F06C
:105BB0000E94CA23CE018A589F4FA6CD0E94B823C7
:105BC000F9CF23961FAE23976091F10C7091F20CE0
:105BD0004EE050E0CE01C3960E94D97A22961FAEC5
:105BE000229788E423968FAF23978091E9079091BD
:105BF000EA07A091EB07B091EC0727968CAF9DAF19
:105C0000AEAFBFAF279783E2FE01B496DE011196D7
:105C100001900D928A95E1F723E2209FC001219F18
:105C2000900D1124BE016F5F7F4F8C5B9F4F0E94D0
:105C3000342A27962CAD3DAD4EAD5FAD2797BE0102
:105C40006D5C7F4FCE0184960E94C35B61E088E06B
:105C50000E94C01568EC70E080E090E00E948D1614
:105C600060E088E00E94C01527964CAD5DAD6EAD3A
:105C70007FAD2797CE01895B9F4F0E94AF26BE0163
:105C80006D5C7F4FCE0186599F4F0E94762769E653
:105C900073E0CE0180599F4F0E947627BE0166595E
:105CA0007F4FCE0180599F4F0E94222668E073E00B
:105CB0000E940826BE01695B7F4F0E942226BC011C
:105CC00087E89BE00E949023CE0180599F4F0E945D
:105CD000AC25CE0186599F4F0E94AC25CE01895B31
:105CE0009F4F0E94AC250E94701E60E080E00E94E1
:105CF0003E1E6BED77E182E89DE00E94CF13BE016E
:105D00006D5C7F4F82E89DE00E94362461E080E078
:105D10000E943E1E65ED77E182E89DE00E94CF1370
:105D200027964CAD5DAD6EAD7FAD279722E030E09C
:105D300082E89DE00E94ED2260ED77E080E090E057
:105D40000E948D161092F50762EE72E081EF9CE0E2
:105D50000E94A5261092E9071092EA071092EB071D
:105D60001092EC0764EB77E187E89BE00E94A423A4
:105D70000E94701E60E080E00E943E1E65EA77E1AE
:105D800096CECE57DF4F68817981C258D0404EE021
:105D900050E084E999E00E94D97A1092A20984E93E
:105DA00099E00E941F258C0190934B0280934A0238
:105DB000019609F48CC083E2F82EF09EC001F19E9A
:105DC000900D1124BE01695B7F4F8C5B9F4F0E9439
:105DD000B61FFE01E95BFF4FA4E9B9E001900D9207
:105DE000FA94E1F70E94701E60E080E00E943E1E7F
:105DF00064ED78E182E89DE00E94CF1363EA79E0E8
:105E000082E89DE00E94362461E080E00E943E1E10
:105E100068EC78E182E89DE00E94CF134091B309DD
:105E20005091B4096091B5097091B60922E030E053
:105E300082E89DE00E94ED2263E080E00E943E1E29
:105E400063EB78E182E89DE00E94CF130E94A021DD
:105E500081E080936009809343091092420962EEC9
:105E600072E08FED9CE00E94A5260E94BF16609311
:105E700044097093450980934609909347094EE081
:105E800050E064E979E083E098E00E94D97A1092CA
:105E900011088091B3099091B409A091B509B0910E
:105EA000B6098093FB079093FC07A093FD07B0937E
:105EB000FE070E94BF166093FF077093000880934F
:105EC00001089093020880E00E944C231FCC81E0DF
:105ED0000E944C234EE050E064E979E082E198E0D2
:105EE0000E94D97A109220080E94BF16609324095C
:105EF00070932509809326099093270981E0809368
:105F00005F0910934B0200934A020E94701E60E0EA
:105F100080E00E943E1E62EA78E182E89DE00E94F5
:105F2000CF1361E080E00E943E1E64E978E182E8E0
:105F30009DE00E94CF13EACB0F931F93CF93DF9383
:105F4000CDB7DEB7E2970FB6F894DEBF0FBECDBF78
:105F50008C010E94EE24F801608171814EE050E0D6
:105F6000CE0184960E94D97A1AAACE0184960E9404
:105F70001F258F3F980709F11982188A18A219A2C4
:105F80001AA21BA243E2489F9001499F300D1124A1
:105F9000BE016F5F7F4FC9018C5B9F4F0E94342A07
:105FA00068ED76E184E29CE00E94CF13BE016C5D57
:105FB0007F4F84E29CE00E943823E2960FB6F8946B
:105FC000DEBF0FBECDBFDF91CF911F910F9108951E
:105FD0006F927F928F929F92AF92BF92CF92DF92F9
:105FE000EF92FF920F931F93CF93DF93CDB7DEB75E
:105FF000C857D1090FB6F894DEBF0FBECDBF6C01F4
:106000004A015B01722E0E94EE24F60160817181CB
:106010004EE050E0CE0186599F4F0E94D97AE99612
:106020001FAEE997CE0186599F4F0E941F256C0134
:10603000019609F093C00E944E296C0180E0D7FCC4
:1060400077C04EE050E0BE0166597F4FCE01895BBC
:106050009F4F0E94D97A66961FAE669767961FAECD
:106060006797A6961FAEA697C8010E949124F801D3
:1060700084819581892B71F0608171814EE050E0BF
:1060800087E490E08C0F9D1F0F960E94D97AA59609
:106090001FAEA5976FED73E0C7010E94231F8823F1
:1060A00009F474C0A5961FAEA59788E4A6968FAF95
:1060B000A697F2E47F1203C0812C912C5401AA967A
:1060C0008CAE9DAEAEAEBFAEAA9783E2FE01E95B99
:1060D000FF4FDE01119601900D928A95E1F723E2C0
:1060E0002C9DC0012D9D900D1124BE016F5F7F4F2F
:1060F0008C5B9F4F0E94342A66EC76E184E29CE040
:106100000E94CF13BE0166597F4F84E29CE00E943B
:1061100036246CEB76E184E29CE00E94CF1322E00F
:1061200030E0B501A40184E29CE00E94D92281E024
:10613000C858DF4F0FB6F894DEBF0FBECDBFDF915A
:10614000CF911F910F91FF90EF90DF90CF90BF9074
:10615000AF909F908F907F906F90089583E2682E0C
:106160006C9CC0016D9C900D1124BE016C5D7F4F35
:106170008C5B9F4F0E94B61FFE01B496DE01A95BA7
:10618000BF4F01900D926A94E1F76ECF6DE576E016
:10619000C7010E94231F882309F48BCFA5961FAE49
:1061A000A59786E483CFAF92BF92CF92DF92EF9212
:1061B000FF920F931F93CF93DF931F921F92CDB740
:1061C000DEB78B016B0120E1C20ED11C7B015C01AB
:1061D000A61AB70AC5018E0D9F1D9A838983F70100
:1061E00061917F01CE0101960E941B2AEC14FD04EF
:1061F00089F7C8010F900F90DF91CF911F910F91F8
:10620000FF90EF90DF90CF90BF90AF900895CF9325
:10621000DF93CDB7DEB760970FB6F894DEBF0FBE41
:10622000CDBF68E072E080E390E00E94D330BE0111
:106230006F5F7F4F80E390E00E94382068E072E05B
:10624000CE0101960E94BB7A892B61F061EE73E06A
:1062500084E29CE00E94382368E072E080E390E0F2
:106260000E94D33060960FB6F894DEBF0FBECDBF4C
:10627000DF91CF910895CF93DF93CDB7DEB76097CD
:106280000FB6F894DEBF0FBECDBF68E172E08CE1BF
:1062900090E00E94D330BE016F5F7F4F8CE190E0B1
:1062A0000E94382068E172E0CE0101960E94BB7A1C
:1062B000892B61F063E174E084E29CE00E94382362
:1062C00068E172E08CE190E00E94D33060960FB6F6
:1062D000F894DEBF0FBECDBFDF91CF910895AF928E
:1062E000BF92CF92DF92EF92FF920F931F93CF93C3
:1062F000DF931F921F92CDB7DEB78B016B0124E0B5
:10630000C20ED11C7B015C01A61AB70AC5018E0D15
:106310009F1D9A838983F70161917F01CE010196C8
:106320000E941B2AEC14FD0489F7C8010F900F90FE
:10633000DF91CF911F910F91FF90EF90DF90CF9061
:10634000BF90AF900895CF93DF9300D01F92CDB749
:10635000DEB76CE472E08CE290E00E946F31BE0127
:106360006F5F7F4F8CE290E00E945E2020914C0294
:1063700030914D0240914E0250914F0269817A81D5
:106380008B819C810E9449779F772AE037ED43E219
:106390005CE30E945778181664F465E273E084E2C7
:1063A0009CE00E94A4236CE472E08CE290E00E94E6
:1063B0006F310F900F900F900F90DF91CF91089554
:1063C000CF93DF9300D01F92CDB7DEB766E472E0C3
:1063D00084E090E00E946F31BE016F5F7F4F84E0E8
:1063E00090E00E945E202091460230914702409149
:1063F00048025091490269817A818B819C810E9477
:1064000049779F772AE037ED43E25CE30E945778B3
:10641000181664F46AEE72E084E29CE00E94A42301
:1064200066E472E084E090E00E946F310F900F907C
:106430000F900F90DF91CF910895CF93DF931F922C
:106440001F92CDB7DEB760915E098BED97E09A831E
:106450008983CE0101960E941B2A0F900F90DF9135
:10646000CF910895EF92FF920F931F93CF93DF93F5
:106470001F921F92CDB7DEB788E2E82E82E0F82E99
:1064800008E010E0F70161917F011A830983CE01D2
:1064900001960E941B2A0F5F1F4F0C31110591F7C7
:1064A0000F900F90DF91CF911F910F91FF90EF9080
:1064B0000895CF92DF92EF92FF920F931F93CF93A5
:1064C000DF93CDB7DEB760970FB6F894DEBF0FBE8F
:1064D000CDBF6B017C01BE01675F7F4FCE010F9680
:1064E0000E9486208F85988997FD41C001968F7004
:1064F000992749855A856B857C854F5F5F4F6F4F24
:106500007F4FC982DA82EB82FC824D835E836F8388
:10651000788723E0880F991F2A95E1F77C0125EA07
:10652000E21A28EFF20AFE0131966F018C010D5933
:10653000184FFE86ED86F60161916F01CE010D9632
:106540000E941B2AFFEFEF1AFF0AE016F10689F7F7
:1065500060960FB6F894DEBF0FBECDBFDF91CF912E
:106560001F910F91FF90EF90DF90CF90089590E0F2
:1065700080E0BFCF60913409709135098091360970
:10658000909137090C9459320E94BA320E94E0313E
:106590000E94A3310E9432320E943B310C94073199
:1065A0004F925F926F927F928F929F92AF92BF9223
:1065B000CF92DF92EF92FF920F931F93CF93DF93CF
:1065C000CDB7DEB7C85AD1090FB6F894DEBF0FBEFB
:1065D000CDBF8C0166E574E0CE0101960E9476275E
:1065E000BE016F5F7F4FC8010E940425F82ECE01C7
:1065F00001960E94AC25FF2099F010925E090E943E
:106600001D3280917B09882321F083E694E00E946B
:10661000E52663E27EE184E29CE00E94A4233EC082
:1066200063E774E0CE0101960E947627BE016F5F9A
:106630007F4FC8010E940425F82ECE0101960E94CA
:10664000AC25FF2009F442C080917B09882331F1F9
:106650008091320990913309029701F50E94701ED2
:1066600060E080E00E943E1E61E17EE182E89DE004
:106670000E94CF1361E080E00E943E1E6BEF7DE13F
:1066800082E89DE00E94CF1363E080E00E943E1EFE
:106690006EEE7DE182E89DE00E94CF13C855DF4F8A
:1066A0000FB6F894DEBF0FBECDBFDF91CF911F9123
:1066B0000F91FF90EF90DF90CF90BF90AF909F90A1
:1066C0008F907F906F905F904F90089562E874E094
:1066D000CE0101960E947627BE016F5F7F4FC801F1
:1066E0000E940425F82ECE0101960E94AC25FF20C1
:1066F00009F494C04DE050E0B801CE0101960E942B
:106700008528CE0101960E9486246B017C01CE0172
:1067100001960E94AC2510927B09109233091092C9
:10672000320920E030E048E452E4C701B6010E949B
:10673000577887FD6EC0C0925609D0925709E092F3
:106740005809F092590920914C0230914D02409124
:106750004E0250914F02C701B6010E94B677609376
:1067600052097093530980935409909355090E94DC
:10677000701E60E080E00E943E1E6AED7DE182E8CE
:106780009DE00E94CF1361E080E00E943E1E62ED1A
:106790007DE182E89DE00E94CF1340915209509123
:1067A0005309609154097091550922E030E082E864
:1067B0009DE00E94ED2260EB74E080E090E00E949A
:1067C0008D1661E08AE00E94C01581E080937C090B
:1067D000809321080E946D3F10927C0960E08AE05E
:1067E0000E94C0151092560910925709109258092C
:1067F000109259091092520910925309109254099B
:10680000109255090E94BA320E94C4320E94701E32
:1068100045CF80E994E00E94E52640CF60EA74E02D
:10682000CE0101960E947627BE016F5F7F4FC8019F
:106830000E940425F82ECE0101960E94AC25FF206F
:1068400041F080917B09882309F428CF8FEA94E0F6
:10685000E2CF62EC74E0CE0101960E947627BE0181
:106860006F5F7F4FC8010E940425F82ECE0101966C
:106870000E94AC25FF2009F4D7C049E050E0B801E0
:10688000CE0186599F4F0E948528BE0166597F4FD1
:10689000CE0101960E946D2750E040E0BE016F5F7F
:1068A0007F4FCE0187589F4F0E94D327CE0101967C
:1068B0000E94AC25BE0166597F4FCE0184960E948E
:1068C0006D2741E050E0BE016C5D7F4FCE01019627
:1068D0000E94D327CE0101960E9486244B015C01C1
:1068E000CE0101960E94AC25CE0184960E94AC2573
:1068F000BE0166597F4FCE0101960E946D2742E08E
:1069000050E0BE016F5F7F4FCE0181589F4F0E94C4
:10691000D327CE0101960E94AC25BE0166597F4F58
:10692000CE0101960E946D2743E050E0BE016F5FEB
:106930007F4FCE018B579F4F0E94D327CE010196E8
:106940000E94AC25BE0166597F4FCE0101960E9480
:106950006D2744E050E0BE016F5F7F4FCE01855749
:106960009F4F0E94D327CE0101960E94AC25CD57A0
:10697000DF4F88819981C358D040892B09F451C0D9
:1069800070E060E0CE0181589F4F0E94A713FC0188
:10699000D080BE0165577F4FCE0101960E946D27C2
:1069A000BE016B577F4FCE0184960E946D27BE01BA
:1069B00067587F4FCE01895B9F4F0E946D27CE01A4
:1069C00001967C018E010C5D1F4F2D2DB501A40198
:1069D0008A5B9F4F0E94E82FCE01895B9F4F0E94E8
:1069E000AC25C8010E94AC25C7010E94AC25CE0190
:1069F00085579F4F0E94AC25CE018B579F4F0E9419
:106A0000AC25CE0181589F4F0E94AC25CE018758FE
:106A10009F4F0E94AC25CE0186599F4F0E94AC2506
:106A20003DCE81E4D82EB5CF6CEC74E0CE0101965A
:106A30000E947627BE016F5F7F4FC8010E94042528
:106A4000F82ECE0101960E94AC25FF2009F454C314
:106A500047E050E0B801CE018B579F4F0E94852838
:106A6000BE016B577F4FCE0101960E946D2750E00B
:106A700040E0BE016F5F7F4FCE0185579F4F0E9460
:106A8000D327CE0101960E94AC25BE016B577F4FE4
:106A9000CE0184960E946D2741E050E0BE016C5DFE
:106AA0007F4FCE0101960E94D327CE0101960E940E
:106AB00086244B015C01CE0101960E94AC25CE01DB
:106AC00084960E94AC25BE016B577F4FCE01019684
:106AD0000E946D2742E050E0BE016F5F7F4FCE0104
:106AE0008F569F4F0E94D327CE0101960E94AC255E
:106AF000BE016B577F4FCE0101960E946D2743E088
:106B000050E0BE016F5F7F4FCE0189569F4F0E94BC
:106B1000D327CE0101960E94AC25BE016B577F4F53
:106B2000CE0101960E946D2744E050E0BE016F5FE8
:106B30007F4FCE0183569F4F0E94D327CE010196EF
:106B40000E94AC25BE016B577F4FCE0101960E947B
:106B50006D2745E050E0BE016F5F7F4FCE018D5540
:106B60009F4F0E94D327CE0101960E94AC25CF559E
:106B7000DF4F88819981C15AD040892B81F46DE51E
:106B800076E0CE0189569F4F0E94231F882339F05B
:106B90006DE576E0CE0183569F4F0E94A526CE017B
:106BA00085579F4F0E94EE24C557DF4F688179813A
:106BB000CB58D0404EE050E0CE0186599F4F0E9406
:106BC000D97AE9961FAEE997D0905F09DD2061F090
:106BD000BE0166597F4F82E198E00E94BB7A892B03
:106BE00009F0ABC110925F09CE0186599F4F0E94F8
:106BF0001F258C010F3F100709F437C16FED73E0BB
:106C0000CE0183569F4F0E94231F81110AC06DE55C
:106C100076E0CE0183569F4F0E94231F882309F4FC
:106C200041C083E2809F7001819FF00C1124E4E455
:106C3000EE0EF11CBE016F5F7F4FC7010E94B61FB1
:106C40006FED73E0CE0183569F4F0E94231F811189
:106C500076C186E49F8D981789F01E8E8F8F83E210
:106C6000FE013196DE01949601900D928A95E1F72E
:106C7000BE016C5D7F4FC7010E94342A809160097C
:106C8000882381F080914A0290914B0208171907DE
:106C900049F483E2FE013196A4E9B9E001900D9236
:106CA0008A95E1F76FED73E0CE0189569F4F0E9400
:106CB000231F882309F4D9C067E176E0CE018D5502
:106CC0009F4F0E94231F882309F4CFC080917C0925
:106CD0008111CBC0BE0166597F4F83E098E00E94CE
:106CE000BB7A892B09F0C1C00E94BF164090FF07F4
:106CF00050900008609001087090020864197509AE
:106D000086099709603C744D8140910508F0ADC03B
:106D100083E2809F7001819FF00C112424E4E20E35
:106D2000F11CBE016F5F7F4FC7010E94B61F48A0D4
:106D300059A06AA07BA02091FB073091FC074091ED
:106D4000FD075091FE07C301B2010E9449779F776A
:106D50002AE037ED43E25CE30E94A97587FF85C016
:106D6000A5019401C301B2010E9449779F772AE0EF
:106D700037ED43E25CE30E94577887FD76C065EC0F
:106D80007DE184E29CE00E94CF13BE0166597F4FF3
:106D900084E29CE00E94362463EC7DE184E29CE086
:106DA0000E94CF1348A159A16AA17BA122E030E043
:106DB00084E29CE00E94ED226EEB7DE184E29CE0A7
:106DC0000E94CF1322E030E0B501A40184E29CE0F0
:106DD0000E94D92288A299A2AAA2BBA283E2FE01A4
:106DE0003196DE01A95BBF4F01900D928A95E1F7C4
:106DF000BE01695B7F4FC7010E94342A8092FB0766
:106E00009092FC07A092FD07B092FE078091600966
:106E1000882359F180914A0290914B020817190773
:106E200021F58092B3099092B409A092B509B0926D
:106E3000B609809143098823C1F061E080E00E9497
:106E40003E1E62EB7DE182E89DE00E94CF1322E0CE
:106E500030E0B501A40182E89DE00E94ED226DEAD8
:106E60007DE182E89DE00E94CF13C157DF4F88810A
:106E70009981CF58D040892B09F4ADC70F3F1F4FE0
:106E800009F0ABC7BE0163567F4FCE0101960E9449
:106E90006D27BE016F567F4FCE0187589F4F0E94CE
:106EA0006D27BE0165577F4FCE0181589F4F0E94CD
:106EB0006D27FE0131967F018E0107581F4F21E497
:106EC000B501A401CE0181589F4F0E94E82F182FD1
:106ED000CE0181589F4F0E94AC25CE0187589F4F0D
:106EE0000E94AC25C7010E94AC25DD2051F1111193
:106EF0002AC040E060E97DE18CE99DE10E943824F0
:106F0000CE018D559F4F0E94AC25CE0183569F4FD9
:106F10000E94AC25CE0189569F4F0E94AC25CE0120
:106F20008F569F4F0E94AC25CE0185579F4F0E94E0
:106F3000AC25CE018B579F4F71CDD12C55CE88E417
:106F400089CE1123E9F210917C0911119FC0809123
:106F5000600981110CC010917B09111197C08091BB
:106F60007A09811104C01091790981E01827CE01B6
:106F700086599F4F0E941F25DD2009F489C01123E7
:106F800009F4BECF8F3F980709F485C090934B0258
:106F900080934A0213E2189F9001199F300D11242B
:106FA000BE016F5F7F4FC9018C5B9F4F0E94B61F70
:106FB000FE013196A4E9B9E001900D921A95E1F72E
:106FC0000E94701E60E080E00E943E1E69E87DE144
:106FD00082E89DE00E94CF1363EA79E082E89DE0B9
:106FE0000E94362461E080E00E943E1E6DE77DE154
:106FF00082E89DE00E94CF134091B3095091B409FB
:107000006091B5097091B60922E030E082E89DE018
:107010000E94ED2263E080E00E943E1E68E67DE172
:1070200082E89DE00E94CF130E94A02161E088E0E9
:107030000E94C01564E670E080E090E00E948D162A
:1070400060E088E00E94C01581E080936009809331
:1070500043091092420962EE72E08FED9CE00E94BB
:10706000A5260E94BF16609344097093450980933A
:107070004609909347090E94BF1660936A0970936E
:107080006B0980936C0990936D093ACF10E06FCF34
:10709000112309F435CF80915F09811131CF0E940E
:1070A000701E60E080E00E943E1E67E57DE182E8A0
:1070B0009DE00E94CF1361E080E00E943E1E68E4E4
:1070C0007DE182E89DE00E94CF1361E088E00E94AC
:1070D000C01564E670E080E090E00E948D1660E0EC
:1070E00088E00E94C0156CED75E080E090E00E94A1
:1070F0008D160E94701E04CF64ED74E0CE010196DF
:107100000E947627BE016F5F7F4FC8010E94042551
:10711000F82ECE0101960E94AC25FF2009F455C13E
:1071200047E050E0B801CE0187589F4F0E94852864
:10713000BE0167587F4FCE0101960E946D2750E037
:1071400040E0BE016F5F7F4FCE0181589F4F0E948C
:10715000D327CE0101960E94AC25BE0167587F4F10
:10716000CE0101960E946D2741E050E0BE016F5FA5
:107170007F4FCE018B579F4F0E94D327CE010196A0
:107180000E94AC25CE0181589F4F0E94EE24C15829
:10719000DF4F68817981CF57D0404EE050E0CE017B
:1071A00001960E94D97A1F8680915F098823E1F0B9
:1071B000BE016F5F7F4F82E198E00E94BB7A892B0E
:1071C00099F410925F096CED74E0CE018B579F4FDC
:1071D0000E94231F882309F4B7C041E067E27DE1E4
:1071E0008AE39DE10E9438246FED73E0CE018B5756
:1071F0009F4F0E94231F81110AC06CED74E0CE01E5
:107200008B579F4F0E94231F882309F48FC0CD57AF
:10721000DF4F88819981C358D040892B09F486C0FB
:10722000CE0101960E941F25019609F47FC06FEDE3
:1072300073E0CE018B579F4F0E94231F882309F4D0
:1072400097C0BE0161587F4FCE0184960E946D2782
:10725000CE0184960E949C2FCE0184960E94AC257C
:1072600080916009882309F461C080917C098111B3
:107270005DC0BE016F5F7F4F84E999E00E94BB7AD9
:10728000892B09F053C010926009109243091092A3
:1072900042098FEF9FEF90934B0280934A0262EE78
:1072A00072E08FED9CE00E94A5260E94701E60E0B7
:1072B00080E00E943E1E6FED73E0CE018B579F4F22
:1072C0000E94231F62EB7CE1882311F060EC7CE1DB
:1072D00082E89DE00E94CF1361E080E00E943E1EA4
:1072E0006EEC7CE182E89DE00E94CF1363E080E0D9
:1072F0000E943E1E68E272E082E89DE00E94362411
:1073000061E088E00E94C0156CE271E080E090E0EE
:107310000E948D1660E088E00E94C01560ED77E065
:1073200080E090E00E948D160E94701ECE018B5767
:107330009F4F0E94AC25CE0181589F4F0E94AC25E3
:10734000CE0187589F4F6ACB6DE576E0CE018B5713
:107350009F4F0E94231F41E0882329F067E07DE1D1
:1073600086E19DE13FCF61EE7CE184EF9CE13ACF85
:1073700062EE72E0CE0184960E94762762EE72E0A1
:10738000CE01895B9F4F0E947627BE0161587F4FD7
:10739000CE0186599F4F0E946D27CE0184967C01B5
:1073A0008E01095B1F4F22E440E050E0BA018A5B86
:1073B0009F4F0E94E82FCE0186599F4F0E94AC2517
:1073C000C8010E94AC25C70149CF6EED74E0CE0123
:1073D00001960E947627BE016F5F7F4FC8010E9411
:1073E0000425F82ECE0101960E94AC25FF20C9F09D
:1073F00048E050E0B801CE0184960E948528BE0185
:107400006C5D7F4FCE0101960E946D27CE010196E3
:107410000E949C2FCE0101960E94AC25CE0184963D
:10742000FDCA67EE74E0CE0101960E947627BE0188
:107430006F5F7F4FC8010E940425F82ECE01019690
:107440000E94AC25FF2009F45EC047E050E0B8017F
:10745000CE0101960E948528CE0101960E948624C5
:107460006B017C01CE0101960E94AC2520E030E04A
:10747000A901C701B6010E94577887FD0FC920E016
:1074800030E543EC57E4C701B6010E94A975181610
:107490000CF404C9209162023091630240916402AD
:1074A00050916502C701B6010E9449779F772AE093
:1074B00037ED43E25CE30E94577818160CF0EEC8F3
:1074C000C0926202D0926302E0926402F09265027E
:1074D00062E672E08CED97E00E946F316FE87CE12C
:1074E00084E29CE00E94CF134091620250916302BB
:1074F000609164027091650222E030E084E29CE0D9
:107500000E94D922CBC86FEE74E0CE0101960E9492
:107510007627BE016F5F7F4FC8010E940425F82EB9
:10752000CE0101960E94AC25FF2089F144E050E095
:10753000B801CE0101960E948528CE0101960E94D5
:10754000F95B6B017C0111E091E0C916D104E10403
:10755000F10409F010E0CE0101960E94AC25CA9416
:10756000CD28CE28CF2831F40E94E51D811102C01C
:107570000E94D81D1093FA070E94BF166093F60769
:107580007093F7078093F8079093F90787C864EF23
:1075900074E0CE0101960E947627BE016F5F7F4F97
:1075A000C8010E940425F82ECE0101960E94AC2548
:1075B000FF2009F43AC149E050E0B801CE01895BEF
:1075C0009F4F0E948528BE01695B7F4FCE01849644
:1075D0000E946D2750E040E0BE016C5D7F4FCE0100
:1075E00001960E94D327CE0101960E9486242B018A
:1075F0003C01CE0101960E94AC25CE0184960E94EA
:10760000AC25BE01695B7F4FCE0184960E946D2739
:1076100041E050E0BE016C5D7F4FCE0101960E94BB
:10762000D327CE0101960E9486246B017C01CE01F6
:1076300001960E94AC25CE0184960E94AC25BE0125
:10764000695B7F4FCE0184960E946D2742E050E037
:10765000BE016C5D7F4FCE0101960E94D327CE0103
:1076600001960E9486244B015C01CE0101960E9486
:10767000AC25CE0184960E94AC252AE037ED43E28A
:107680005CE3C301B2010E94577887FD3DC020E052
:1076900030E44CE156E4C301B2010E94A97518160A
:1076A0009CF120914C0230914D0240914E0250913C
:1076B0004F02C301B2010E9449779F772FE632E162
:1076C00043E85AE30E9457781816F4F440924C02AB
:1076D00050924D0260924E0270924F020E94A3316E
:1076E0006CE67CE184E29CE00E94CF1340914C0266
:1076F00050914D0260914E0270914F0222E030E0B5
:1077000084E29CE00E94D9222DEC3CEC4CEC5DE341
:10771000C701B6010E94577887FD3DC020E030E0E8
:1077200040E251E4C701B6010E94A97518169CF108
:1077300020914602309147024091480250914902FF
:10774000C701B6010E9449779F772FE632E143E8EF
:107750005AE30E9457781816F4F4C0924602D09269
:107760004702E0924802F09249020E94E03161E44F
:107770007CE184E29CE00E94CF134091460250914C
:107780004702609148027091490222E030E084E2B1
:107790009CE00E94D92220E030E0A901C501B4019B
:1077A0000E94577887FD3DC020E030E040E251E480
:1077B000C501B4010E94A97518169CF120913C02E4
:1077C00030913D0240913E0250913F02C501B4010B
:1077D0000E9449779F772FE632E143E85AE30E94FF
:1077E00057781816F4F480923C0290923D02A092D1
:1077F0003E02B0923F020E94A95D68E17CE184E212
:107800009CE00E94CF1340913C0250913D02609158
:107810003E0270913F0223E030E084E29CE00E944F
:10782000D922CE01895B9F4FF9C86EEF74E0CE017B
:1078300001960E947627BE016F5F7F4FC8010E94AC
:107840000425F82ECE0101960E94AC25FF2009F4F4
:10785000C4C047E050E0B801CE01895B9F4F0E9451
:107860008528BE01695B7F4FCE0101960E946D277E
:1078700050E040E0BE016F5F7F4FCE0186599F4FC1
:107880000E94D327CE0101960E94AC25BE01695B00
:107890007F4FCE0101960E946D2741E050E0BE016E
:1078A0006F5F7F4FCE0187589F4F0E94D327CE0135
:1078B00001960E94AC25BE01695B7F4FCE01019607
:1078C0000E946D2742E050E0BE016F5F7F4FCE0106
:1078D00081589F4F0E94D327CE0101960E94AC256C
:1078E000BE01695B7F4FCE0101960E946D2743E088
:1078F00050E0BE016F5F7F4FCE018B579F4F0E94BC
:10790000D327CE0101960E94AC2566E075E0CE013A
:1079100081589F4F0E94231F0FE414E0882311F029
:1079200007E414E0C757DF4F88819981C958D040D8
:10793000892B09F44BC0BE016B577F4FCE010196D6
:107940000E946D27BE0166597F4FCE0184960E942A
:107950006D276CE175E0CE0184960E940826BE0179
:107960006F5F7F4F0E94222660E275E00E9408262A
:10797000BE0167587F4F0E9422266CE175E00E948D
:107980000826B8010E940826BC0187E89BE00E94F7
:107990009023CE0184960E94AC25CE0101960E94D0
:1079A000AC25CE018B579F4F0E94AC25CE0181584C
:1079B0009F4F0E94AC25CE0187589F4F0E94AC2557
:1079C000CE0186599F4F0E94AC252BCF6EE075E00B
:1079D000CE0101960E947627B5CF68E275E0CE0110
:1079E00001960E947627BE016F5F7F4FC8010E94FB
:1079F0000425F82ECE0101960E94AC25FF20A9F1A6
:107A00004AE050E0B801CE0184960E94852866E1E4
:107A10007CE187E89BE00E94CF1363E375E0CE0131
:107A200001960E947627BE016C5D7F4FCE010196C4
:107A30000E94222661E575E00E940826BC0187E8C5
:107A40009BE00E949023CE0101960E94AC2564E148
:107A50007CE187E89BE00E94CF1380917A0988231C
:107A600009F4DCCC0E94CA23D9CC66E575E0CE01CE
:107A700001960E947627BE016F5F7F4FC8010E946A
:107A80000425F82ECE0101960E94AC25FF20B1F10D
:107A9000F090740945E050E0B801CE0101960E94D3
:107AA0008528CE0101960E94F95B21E061307105C5
:107AB0008105910509F020E020937409CE0101961B
:107AC0000E94AC2580917409F81611F40C944E3381
:107AD000609174098CE197E09A838983CE010196C5
:107AE0000E941B2A809174096CE57BE1882311F4C4
:107AF0000C940B336BEB7BE10C940B336CE575E072
:107B0000CE0101960E947627BE016F5F7F4FC801AC
:107B10000E940425F82ECE0101960E94AC25FF207C
:107B200071F1B090730946E050E0B801CE010196C2
:107B30000E948528CE0101960E94F95B6B017C01B1
:107B400011E0F1E0CF16D104E104F10409F010E0F6
:107B500010937309CE0101960E94AC25B11611F461
:107B60000C944E336BED7AE1CA94CD28CE28CF2801
:107B700011F00C940B336BE17BE10C940B3363E657
:107B800075E0CE0101960E947627BE016F5F7F4FA0
:107B9000C8010E940425F82ECE0101960E94AC2552
:107BA000FF20A9F14BE050E0B801CE0101960E9400
:107BB0008528CE0101960E94F95B6B017C01CE0104
:107BC00001960E94AC25CA94CD28CE28CF28A9F4CE
:107BD00061E08AE00E94C0150E94BF1660936E09A2
:107BE00070936F09809370099093710981E080937D
:107BF000720968E77AE10C940B3360E08AE00E9436
:107C0000C015109272096DE47AE10C940B336FE6A3
:107C100075E0CE0101960E947627BE016F5F7F4F0F
:107C2000C8010E940425F82ECE0101960E94AC25C1
:107C3000FF2009F463C0F09051024BE050E0B8011E
:107C4000CE0101960E948528CE0101960E94F95B23
:107C500011E0613071058105910509F010E0109384
:107C60005102CE0101960E94AC25F11611F40C943C
:107C70004E338DE197E09A838983612FCE0101967F
:107C80000E941B2A80915102811134C010925F0919
:107C9000809160098823C1F080917C09811114C012
:107CA0001092600910924309109242098FEF9FEFE2
:107CB00090934B0280934A0262EE72E08FED9CE05B
:107CC0000E94A5260E94701E8091F507882371F0FE
:107CD0001092F5071092F4076BE07AE187E89BE0D9
:107CE0000E94A42380915102811104C060E879E1CF
:107CF0000C940B3363ED79E10C940B336BE775E077
:107D0000CE0101960E947627BE016F5F7F4FC801AA
:107D10000E940425F82ECE0101960E94AC25FF207A
:107D200011F40C944E334BE050E0B801CE01895B66
:107D30009F4F0E94852867E875E0CE01895B9F4FC1
:107D40000E94231F811120C02D960EAD1FAD2D97CF
:107D500001151105C9F00D331105B0F529966EAD69
:107D60007FAD2997A8018FED98E00E94D97AF8019C
:107D7000E152F74F10820E94C35D6FED78E0CE01B3
:107D800084960E9476270AC01092DF080E94C35D85
:107D900063ED7CE0CE0184960E946D27BE016C5D90
:107DA0007F4FCE0101960E944926BE016F5F7F4F33
:107DB00089ED9CE00E946125CE0101960E94AC25D0
:107DC000CE0184960E94AC2510922D0910922C09A8
:107DD0000E94701E26CD10E088C811E086C80F935F
:107DE0001F93CF93DF93CDB7DEB72C970FB6F894E0
:107DF000DEBF0FBECDBF11E084E29CE00E945114B3
:107E0000892B09F45FC084E29CE00E942F1420912A
:107E1000010D3091020D8A3019F08D3009F048C003
:107E2000232B51F36DEF7CE0CE0107960E946D2766
:107E3000CE0107960E9491248B859C85892B41F168
:107E40000E94BF16609328097093290980932A091C
:107E500090932B096FE875E0CE0101960E9476277A
:107E6000BE016F5F7F4FCE0107960E940425082F49
:107E7000CE0101960E94AC250023A9F010935E0963
:107E80000E941D326AEE76E184E29CE00E94A42307
:107E9000CE0107960E94AC2562EE72E08DEF9CE069
:107EA0000E94A526A9CFCE0107960E94D032F0CF1E
:107EB0002837310508F0A0CF682F8DEF9CE00E9495
:107EC00035269ACF2C960FB6F894DEBF0FBECDBFE5
:107ED000DF91CF911F910F9108953F924F925F9242
:107EE0006F927F928F929F92AF92BF92CF92DF92CA
:107EF000EF92FF920F931F93CF93DF9300D01F92C7
:107F0000CDB7DEB780917409811124C280917309C5
:107F1000811120C20E94BF1660936A0970936B0999
:107F200080936C0990936D090E94701E60E080E060
:107F30000E943E1E6DE679E182E89DE00E94CF132B
:107F400061E08AE00E94C01560E089E00E94C015EF
:107F500010924E0910924F09109250091092510937
:107F600010924A0910924B0910924C0910924D0937
:107F700010924909109248090E94BF16609339096E
:107F800070933A0980933B0990933C0910923D0904
:107F9000E0905609F090570900915809109159093D
:107FA000209152093091530940915409509155093B
:107FB00060E070E0CB010E94EF2210E033243394A4
:107FC000209152093091530940915409509155091B
:107FD00060914E0970914F0980915009909151091B
:107FE0000E94A97587FF82C1A8950E94EF3E0E945A
:107FF000BF16C0903909D0903A09E0903B09F09043
:108000003C096C197D098E099F09683E7340810502
:108010009105B0F20E949E13609148097091490940
:10802000072E000C880B990B0E94B0752091460218
:108030003091470240914802509149020E94B67720
:1080400020E030E040E752E40E94B67720914A09F0
:1080500030914B0940914C0950914D090E944A774B
:108060004B015C0180924A0990924B09A0924C0905
:10807000B0924D0980924E0990924F09A0925009FA
:10808000B092510980914C0290914D02A0914E0204
:10809000B0914F0289839A83AB83BC838091480956
:1080A00090914909892B71F420915209309153091B
:1080B0004091540950915509C501B4010E94A97518
:1080C00087FD8AC11092F307309245023092440234
:1080D00010924909109248090E94BF16609339090D
:1080E00070933A0980933B0990933C09A7E5B6E168
:1080F000B0935502A093540280916A00837F8860F8
:1081000080936A00ED9A112309F473C1E090560937
:10811000F09057090091580910915909209152097E
:1081200030915309409154095091550960914E097D
:1081300070914F0980915009909151090E94EF224E
:1081400010E040904E0950904F0960905009709097
:10815000510920910402309105024091060250918C
:108160000702C301B2010E9449776B017C0120E044
:1081700030E0A9010E94577818160CF03CC12AE0A3
:1081800037ED43E25CE3C701B6010E94577887FFF1
:108190003DC12091520930915309409154095091A9
:1081A0005509C301B2010E94577887FF2FC1C090C3
:1081B0005209D0905309E0905409F09055098090ED
:1081C0004E0990904F09A0905009B09051098091AC
:1081D0003D09811118C020913C0230913D0240912F
:1081E0003E0250913F02C701B6010E944977A501A6
:1081F00094010E94A975181634F030923D0960E090
:108200008AE00E94C015A5019401C701B6010E9431
:10821000A97518160CF4D4CE60E08AE00E94C0154F
:1082200060E089E00E94C01520914C0230914D021F
:1082300040914E0250914F02C701B6010E940F7645
:108240006B017C01AC019B0160913409709135098F
:1082500080913609909137090E944A7760933409DA
:108260007093350980933609909337090E94BA328A
:108270008090520990905309A0905409B0905509EC
:108280008091210865EE78E1811102C06BED78E103
:1082900084E29CE00E94CF131092210822E030E09B
:1082A000B701A60184E29CE00E94ED226AE384E229
:1082B0009CE00E94BA1323E030E0B501A40184E2FF
:1082C0009CE00E94ED226AE384E29CE00E94BA13E3
:1082D00040914C0250914D0260914E0270914F02BC
:1082E00022E030E084E29CE00E94D92210923D0915
:1082F0000E949E1387E596E1909355028093540265
:1083000080916A00837F886080936A00ED9A60E0C4
:108310008AE00E94C01560E089E00E94C0150E94BA
:10832000701E60E085E00E943E1E61E079E182E817
:108330009DE00E94CF1361E084E00E943E1E65EF45
:1083400078E182E89DE00E94CF1368EE73E080E060
:1083500090E01EC00E94701E60E080E00E943E1E01
:1083600080917409882359F16BE579E182E89DE0F9
:108370000E94CF1361E080E00E943E1E6BE479E131
:1083800082E89DE00E94CF1364EC79E080E090E009
:108390000F900F900F900F90DF91CF911F910F9141
:1083A000FF90EF90DF90CF90BF90AF909F908F9015
:1083B0007F906F905F904F903F900C948D166FE37D
:1083C00079E182E89DE00E94CF1361E080E00E94A5
:1083D0003E1E62E379E1D4CF8091F3078F5F8093F3
:1083E000F307883008F474CE1092450210924402CC
:1083F0006FCE11E0A6CE2AE037ED43E25CEBC70179
:10840000B6010E94A97518160CF4C3CE0E94701E06
:1084100060E080E00E943E1E67E279E182E89DE034
:108420000E94CF1340915609509157096091580905
:108430007091590922E030E082E89DE00E94ED222F
:1084400061E080E00E943E1E68E179E182E89DE003
:108450000E94CF13409152095091530960915409E1
:108460007091550922E030E082E89DE00E94ED2203
:1084700062E085E00E943E1E62E179E182E89DE0D3
:108480000E94CF1340914E0950914F0960915009BD
:108490007091510922E030E082E89DE00E94ED22D7
:1084A00063E085E00E943E1E6DE079E182E89DE098
:1084B0000E94CF1329813A814B815C81C501B401AF
:1084C0000E940F76AB01BC0122E030E082E89DE023
:1084D0000E94ED2280914E0990914F09A091500980
:1084E000B09151098093040290930502A093060273
:1084F000B09307025CCE1F93CF93DF9310917A095C
:10850000111105C020917909222309F46BC1EC01F6
:108510006BE975E00E94231F811107C061EA75E0D5
:10852000CE010E94231F882379F1112309F45AC137
:1085300081E08093E00761E088E00E94C01568EC6C
:1085400070E080E090E00E948D1660E088E00E947C
:10855000C0156AE577E087E89BE00E94CF136EE2E2
:1085600077E087E89BE00E94A42366E177E087E854
:108570009BE00E94A42364E177E087E89BE0DF9121
:10858000CF911F910C94CF1367EA75E0CE010E9442
:10859000231F811139C061EB75E0CE010E94231FBA
:1085A000811132C06BEB75E0CE010E94231F811157
:1085B00054C063EC75E0CE010E94231F882309F4A8
:1085C0006FC0112309F40EC181E08093DD0761E0E3
:1085D00088E00E94C01568EC70E080E090E00E94A6
:1085E0008D1660E088E00E94C01561E876E087E8BB
:1085F0009BE00E94CF1365E376E087E89BE00E9452
:10860000A42363E376E0B9CF112309F4EBC081E042
:108610008093DF0761E088E00E94C01568EC70E09D
:1086200080E090E00E948D1660E088E00E94C01516
:1086300062E177E087E89BE00E94CF1363EE76E08B
:1086400087E89BE00E94A4236BEC76E087E89BE040
:108650000E94A42369EC76E090CF112309F4C2C0F4
:1086600081E08093DE0761E088E00E94C01568EC3D
:1086700070E080E090E00E948D1660E088E00E944B
:10868000C01567EC76E087E89BE00E94CF1365E8B1
:1086900076E087E89BE00E94A42363E876E06DCF54
:1086A0006CEC75E0CE010E94231F8823E9F11123B1
:1086B00009F498C081E08093DC0761E088E00E94C3
:1086C000C01568EC70E080E090E00E948D1660E0DC
:1086D00088E00E94C01561E376E087E89BE00E9495
:1086E000CF136FE176E087E89BE00E94CF134091C3
:1086F000340950913509609136097091370922E0AB
:1087000030E087E89BE00E94D9226DE176E087E8BF
:108710009BE00E94CF1368E076E087E89BE00E9430
:10872000A42366E076E029CF64ED75E0CE010E94D7
:10873000231F882309F45AC0112309F453C010924F
:1087400034091092350910923609109237090E94A7
:10875000BA3261E088E00E94C01568EC70E080E009
:1087600090E00E948D1660E088E00E94C01564E0F1
:1087700076E087E89BE00E94CF1367EF75E087E81B
:108780009BE00E94A42365EF75E087E89BE00E94D0
:10879000CF136FED75E087E89BE00E94CF13409107
:1087A000340950913509609136097091370922E0FA
:1087B00030E087E89BE00E94D9226DED75E087E804
:1087C0009BE00E94CF1368EC75E087E89BE00E9475
:1087D000A42366EC75E087E89BE00E94CF1381E05C
:1087E0008093DB07DF91CF911F9108956AED75E0CB
:1087F000CE010E94231F811113C063EE75E0CE01EC
:108800000E94231F81110CC06CEE75E0CE010E9406
:10881000231F882369F1DF91CF911F910C94305C65
:10882000112301F381E08093DA0761E088E00E9480
:10883000C01568EC70E080E090E00E948D1660E06A
:1088400088E00E94C01564EC75E087E89BE00E9418
:10885000CF1364E875E087E89BE00E94A4236CE6F0
:1088600075E087E89BE00E94A4236AE675E085CE68
:1088700064EF75E0CE010E94231F882329F0DF9169
:10888000CF911F910C947E5C6FEF75E0CE010E943A
:10889000231F8823C1F068E675E087E89BE00E940B
:1088A000CF136EE475E087E89BE00E94A4238091DB
:1088B0007A09882329F00E94CA236CE475E05DCE12
:1088C0000E94B823FACF6AE076E0CE010E94231F0F
:1088D000882371F0112309F485CF6AE275E087E8F7
:1088E0009BE00E94A4230E94CA2368E275E045CE63
:1088F00069E176E0CE010E94231F882341F0112315
:1089000009F470CF0E94045D66E275E036CE62E243
:1089100076E0CE010E94231F811108C067E276E055
:10892000CE010E94231F882309F45CCF0E94C43229
:1089300061E088E00E94C01568EC70E080E090E0A3
:108940000E948D1660E088E00E94C01510927A099E
:1089500010927909109261091092E0071092DF07D6
:108960001092DE071092DD071092DC071092DB07F1
:108970001092DA071092F4071092F5070E94691D11
:1089800064E275E087E89BE00E94CF1364E175E044
:1089900087E89BE00E94A4236DEF74E087E89BE0EA
:1089A0000E94A42365ED74E087E89BE00E94A42365
:1089B0006EEB74E087E89BE00E94A4236CEB74E00C
:1089C000DCCDAF92BF92CF92DF92EF92FF920F93E6
:1089D0001F93CF93DF93CDB7DEB7CD58D1090FB634
:1089E000F894DEBF0FBECDBF8091ED079091EE07EA
:1089F000892B61F080917A098111CCC0809179092D
:108A00008111C8C01092EE071092ED0787E89BE035
:108A10000E945114892B51F00E94BF1660936A097D
:108A200070936B0980936C0990936D0980917A091A
:108A3000811105C080917909882309F4C4C080910F
:108A40007C098111C0C00E94BF1600916A09109173
:108A50006B0920916C0930916D09601B710B820BC1
:108A6000930B603C744D8140910508F4ACC00E94AA
:108A7000C43261E088E00E94C01568EC70E080E0DC
:108A800090E00E948D1660E088E00E94C015109270
:108A90007A0910927909109261091092E0071092F8
:108AA000DF071092DE071092DD071092DC071092AC
:108AB000DB071092DA071092F4071092F5070E9474
:108AC000691D0E94701E60E080E00E943E1E6BE9FE
:108AD00076E182E89DE00E94CF1361E080E00E9491
:108AE0003E1E69E876E182E89DE00E94CF1369E5C9
:108AF00076E187E89BE00E94A42362E476E187E8C0
:108B00009BE00E94A4236AE176E187E89BE00E9453
:108B1000A42363E076E187E89BE00E94A42361E060
:108B200076E187E89BE00E94CF1362EE72E087EF68
:108B30009CE00E94A5261092D9071092D80787E8DA
:108B40009BE00E945114892B09F4BDC587E89BE086
:108B50000E942F14182F61EE78E084E29CE00E94BE
:108B6000CF13612F84E29CE00E94BA1366ED78E097
:108B700084E29CE00E94CF13612F110F770B880BCA
:108B8000990B0E946E2164ED78E084E29CE00E94E3
:108B9000A423D5CF0E94BF160091E5071091E607E8
:108BA0002091E7073091E807601B710B820B930B54
:108BB00061397F458140910508F428CF89EB98E021
:108BC0000E94442723CF0E94682A84E00E949415C3
:108BD000892B09F00FC18091D7078111B3C00E9482
:108BE000BF166093D3077093D4078093D5079093F3
:108BF000D6070E94BF1660936A0970936B09809331
:108C00006C0990936D0981E08093D7070E94BF168D
:108C10000091CF071091D0072091D1073091D20752
:108C2000601B710B820B930B6A30710581059105F6
:108C300008F453C587E89BE00E945114892B09F47E
:108C40004CC50E94BF166093CF077093D0078093E6
:108C5000D1079093D20787E89BE00E942F14682FDA
:108C6000F0907A09F11005C080917909882309F400
:108C7000A6C40091ED071091EE070115110509F446
:108C80009CC48091FB0C9091FC0C6A3019F06D3003
:108C900009F082C4892B09F420C567EF7CE0CE017E
:108CA0008E579F4F0E946D2762EE72E087EF9CE027
:108CB0000E94A5261092D9071092D807BE016E57C0
:108CC0007F4FCE0188579F4F0E946D27CE01885756
:108CD0009F4F0E949124BE0168577F4FCE01845858
:108CE0009F4F0E946D27CE0184589F4F0E94EE2413
:108CF00064E476E0CE0184589F4F0E94231F8111C7
:108D00001CC066E476E0CE0184589F4F0E94231F6A
:108D1000811113C06DE476E0CE0184589F4F0E940C
:108D2000231F81110AC067E276E0CE0184589F4F6D
:108D30000E94231F882309F460C082E49BE00E9404
:108D40004427C9C10E94BF160091D3071091D407D0
:108D50002091D5073091D607601B710B820B930BC6
:108D6000683873418105910508F450CF6CE276E0D4
:108D700088E192E00E94C47A61E376E088E292E0C2
:108D80000E94C47A0E943B310E94323260E379E053
:108D900087E89BE00E94A4236FE376E088E092E0FE
:108DA0000E94C47A0E94073161E088E00E94C015E9
:108DB00068EC70E080E090E00E948D1660E088E052
:108DC0000E94C0156EE279E087E89BE00E94CF1315
:108DD00063E179E087E89BE00E94A42365EF78E0F7
:108DE00087E89BE00E94A42363EF78E087E89BE09C
:108DF0000E94CF131092D70709CF0E94BF1660932D
:108E0000E5077093E6078093E7079093E807033040
:108E1000110509F4E5C268F40130110509F4FEC03A
:108E20000230110509F467C11092EE071092ED07A8
:108E300052C10530110509F4E7C208F4D4C2063066
:108E4000110591F762EA76E0CE0184589F4F0E94A7
:108E5000231F811125C066EA76E0CE0184589F4F1A
:108E60000E94231F81111CC068EA76E0CE0184585D
:108E70009F4F0E94231F811113C069E975E0CE0145
:108E800084589F4F0E94231F81110AC06FED73E029
:108E9000CE0184589F4F0E94231F882309F476C374
:108EA000809102029091030223E2289F8001299F72
:108EB000100D11240C5B1F4FBE016F5F7F4FC80167
:108EC0000E94B61F8981882309F463C32091E107BA
:108ED0003091E2074091E3075091E40768A179A13E
:108EE0008AA19BA10E944A7768A379A38AA39BA326
:108EF00083E2FE013196DE01A95BBF4F01900D9226
:108F00008A95E1F7BE01695B7F4FC8010E94342A50
:108F1000C090E107D090E207E090E307F090E4070B
:108F20006CE579E084E29CE00E94CF13BE016F5FA4
:108F30007F4F84E29CE00E9436246AE384E29CE056
:108F40000E94BA1322E030E0B701A60184E29CE05F
:108F50000E94D922809160098823A1F020914A02C1
:108F600030914B0280910202909103022817390739
:108F700049F483E2FE013196A4E9B9E001900D9233
:108F80008A95E1F761E088E00E94C01568EC70E026
:108F900080E090E00E948D1660E088E00E94C0159D
:108FA00048A159A16AA17BA1CE0184960E94AF2657
:108FB000BE01605F7F4FCE0186599F4F0E9476278A
:108FC0006EEA76E0CE0180599F4F0E947627BE015F
:108FD00066597F4FCE0180599F4F0E94222663E938
:108FE00076E00E940826BE016C5D7F4F0E9422261B
:108FF000BC0187E89BE00E949023CE0180599F4FDF
:109000000E94AC25CE0186599F4F0E94AC25CE010F
:1090100084960E94AC250E941D275DC0C457DF4F77
:1090200088819981CC58D04001970E9708F04DC0A7
:10903000C857DF4F08811981C858D0406AE370E0F3
:10904000C8010E94B07A009721F0801B910B97FF16
:109050003CC0C8010E94DC1F67ED7AE00196B9F5BB
:10906000BE0168577F4F8DEC9CE00E94562782E03E
:1090700090E09093EE078093ED0765ED7AE087E846
:109080009BE00E94CF1364E576E0CE0101960E943A
:1090900076276DEC7CE0CE0101960E942226BC0171
:1090A00087E89BE00E949023CE0101960E94AC25A8
:1090B0006EEA7AE087E89BE00E94A4236CEA7AE0FB
:1090C00087E89BE00E94CF1306C063E07BE087E85F
:1090D0009BE00E94A423CE0184589F4F0E94AC25A0
:1090E000CE0188579F4F0E94AC25CE018E579F4FCF
:1090F0000E94AC25F2C2CE0188579F4F0E94862461
:109100006B017C016DE576E0CE0188579F4F0E9490
:10911000231F811114C06BE576E0CE0188579F4F65
:109120000E94231F81110BC06FE576E0CE018857A6
:109130009F4F0E94231F882311F40C94C95520E0EF
:1091400034E244E759E4C701B6010E945778181683
:109150001CF462E87AE0BBCFC092E107D092E2074C
:10916000E092E307F092E40783E090E09093EE074B
:109170008093ED071092F4071092F50760E87AE00B
:1091800087E89BE00E94CF134091E1075091E207EE
:109190006091E3077091E407CE0101960E94AF262B
:1091A00064E676E0CE0184960E947627BE016F5F6A
:1091B0007F4FCE0184960E942226BC0187E89BE067
:1091C0000E949023CE0184960E94AC25CE01019688
:1091D0000E94AC256AE67AE087E89BE00E94A4231F
:1091E00068E67AE087E89BE00E94CF13C090E10731
:1091F000D090E207E090E307F090E40720E030E051
:10920000A901C701B6010E94A97587FF03C0C12C3F
:10921000D12C7601B701A601CE0180599F4F0E9443
:10922000AF26E6968EAD9FADE697892B09F45AC01E
:10923000E2960EAD1FADE2976EE270E0C8010E94AB
:10924000B07A009709F44EC09C01201B310B8901B4
:1092500037FD48C050E040E0BE0160597F4FCE016D
:1092600086599F4F0E948727A801BE0160597F4FF2
:10927000CE01895B9F4F0E94852862EE72E0CE018D
:1092800084960E947627E096CEACDFACE09786010C
:1092900001501109F12CE12C83E0A82EB12CEC1423
:1092A000FD0484F5B701CE0186599F4F0E94A71394
:1092B000FC016081CE0184960E94352610161106AD
:1092C0005CF4C801B5010E946178892B29F46CE235
:1092D000CE0184960E943526FFEFEF1AFF0A015057
:1092E0001109DDCFBE0160597F4FCE0186599F4FD6
:1092F0000E946D2760E676E0CE01895B9F4F0E9459
:109300007627BBCFBE016C5D7F4FCE0101960E94D8
:109310006D27BE01695B7F4FCE0101960E94222618
:10932000BC01CE018A589F4F0E946D27CE01019645
:109330000E94AC25CE0184960E94AC25CE01895BAB
:109340009F4F0E94AC25CE0186599F4F0E94AC25AD
:10935000CE0180599F4F0E94AC2563E275E0CE019B
:10936000895B9F4F0E947627BE01695B7F4FCE01CC
:1093700084960E946D27BE016A587F4FCE01849665
:109380000E942226BC01CE0101960E946D276DEC41
:109390007CE0CE0186599F4F0E946D27AE014F5F42
:1093A0005F4FBE0166597F4F87E59AE00E942028F3
:1093B000CE0186599F4F0E94AC25CE0101960E9496
:1093C000AC25CE0184960E94AC25CE01895B9F4FCF
:1093D0000E94AC25CE018A589F4F0E94AC257BCEBF
:1093E00069E27AE074CEC857DF4F88819981C85806
:1093F000D0400E94DC1F60EF79E08F3F980709F4AE
:1094000066CE0E94912867CECE0188579F4F0E945A
:1094100086246B017C0120E030E0A9010E94A9753F
:10942000181654F420E034E244E759E4C701B601C9
:109430000E94577818161CF467EC79E048CEC09269
:10944000E107D092E207E092E307F092E40786E0BA
:1094500090E09093EE078093ED0720910202309107
:10946000030243E2429FC001439F900D1124BE01BD
:109470006F5F7F4F8C5B9F4F0E94B61F65EC79E05A
:1094800087E89BE00E94CF132091E1073091E2072B
:109490004091E3075091E40768A179A18AA19BA1BB
:1094A0000E944A77AB01BC01CE0184960E94AF2690
:1094B0004091E1075091E2076091E3077091E40762
:1094C000CE01895B9F4F0E94AF2648A159A16AA196
:1094D0007BA1CE0186599F4F0E94AF26BE01605FDF
:1094E0007F4FCE0180599F4F0E9476276EE676E02F
:1094F000CE018A589F4F0E947627BE0160597F4F48
:10950000CE018A589F4F0E9422266DE776E00E9486
:109510000826BE0166597F4F0E9422266CE876E03D
:109520000E940826BE01695B7F4F0E94222663E9E4
:1095300076E00E940826BE016C5D7F4F0E942226C5
:10954000BC0187E89BE00E949023CE018A589F4F80
:109550000E94AC25CE0180599F4F0E94AC25CE01C0
:1095600086599F4F0E94AC25CE01895B9F4F0E9478
:10957000AC25CE0184960E94AC256EE979E087E89F
:109580009BE00E94A4236CE979E09ACD8CE799E0F6
:10959000D6CB87E699E0D3CB889708F09EC087EFBB
:1095A0009CE00E9435268091D8079091D9070196BA
:1095B0009093D9078093D80790C0F11027C11091DC
:1095C0007909111129C28091FB0C9091FC0C6A3031
:1095D00021F06D3011F00C94C355892B09F47DC036
:1095E00068E172E087EF9CE00E94231F81112CC08C
:1095F0006DEC76E0CE0184960E947627BE016C5D0C
:109600007F4F87EF9CE00E9404258823B1F049E05A
:1096100050E067EF7CE0CE0101960E94852868E16A
:1096200072E0CE0101960E94231F11E0811101C05A
:1096300010E0CE0101960E94AC25CE0184960E94D6
:10964000AC25112309F45BC081E080937A098093F3
:10965000610961E088E00E94C01568EC70E080E07C
:1096600090E00E948D1660E088E00E94C01560E0E6
:1096700089E00E94C01560E08AE00E94C0150E9447
:10968000701E0E94621D6FEF75E187E89BE00E94EB
:10969000CF1363ED75E187E89BE00E94A42361EDA1
:1096A00075E187E89BE00E94CF1366EC75E187E8DF
:1096B0009BE00E94A42364EC75E187E89BE00E9494
:1096C000CF130E94CA2362EE72E087EF9CE00E94F3
:1096D000A5261092D9071092D807C357DF4F0FB6AF
:1096E000F894DEBF0FBECDBFDF91CF911F910F91D8
:1096F000FF90EF90DF90CF90BF90AF90089568E01B
:1097000072E087EF9CE00E94231F81112CC06DEC5A
:1097100076E0CE0184960E947627BE016C5D7F4F75
:1097200087EF9CE00E9404258823B1F049E050E0D7
:1097300067EF7CE0CE0101960E94852868E072E028
:10974000CE0101960E94231F11E0811101C010E09B
:10975000CE0101960E94AC25CE0184960E94AC25D4
:10976000112309F440C081E0809379098093610955
:1097700060E089E00E94C01561E088E00E94C015A9
:1097800068EC70E080E090E00E948D1660E088E078
:109790000E94C01560E08AE00E94C0150E94701E01
:1097A0000E94621D62EC75E187E89BE00E94CF1386
:1097B00066E975E187E89BE00E94A42364E975E10E
:1097C00087E89BE00E94CF136AE875E187E89BE099
:1097D0000E94A42368E875E187E89BE00E94CF130C
:1097E0000E94B82370CF66E875E187E89BE00E948D
:1097F000CF136CE275E187E89BE00E94A4236AE244
:1098000075E187E89BE00E94CF135DCF80916109ED
:10981000882309F401C18091CE07882309F4FCC094
:109820008091FB0C9091FC0C6A3021F06D3011F0AE
:109830000C94C355892B09F450CF67EF7CE0CE011F
:1098400001960E946D27CE0101960E9491246BE93A
:1098500075E0CE0101960E94231F811158C067EA6E
:1098600075E0CE0101960E94231F811150C06AED60
:1098700075E0CE0101960E94231F811148C06CEC57
:1098800075E0CE0101960E94231F811140C064ED56
:1098900075E0CE0101960E94231F811138C06BEB49
:1098A00075E0CE0101960E94231F811130C063EC48
:1098B00075E0CE0101960E94231F811128C062E24B
:1098C00076E0CE0101960E94231F811120C087EF10
:1098D0009CE00E9486246B017C0120E030E0A9011D
:1098E0000E94577887FF25C066EE74E187E89BE009
:1098F0000E94CF1364EA74E187E89BE00E94A423EE
:1099000062EA74E187E89BE00E94CF1378C010926E
:10991000CE07BE016F5F7F4FCE0184960E946D27F8
:10992000CE0184960E947B42CE0184960E94AC2593
:1099300066C020E030E040E251E4C701B6010E9479
:10994000A97518168CF2C0923C02D0923D02E092AA
:109950003E02F0923F020E94A95DC0903C02D0906E
:109960003D02E0903E02F0903F026DE47BE084E235
:109970009CE00E94CF1323E030E0B701A60184E20F
:109980009CE00E94D92261E088E00E94C01568EC4A
:1099900070E080E090E00E948D1660E088E00E9418
:1099A000C01568E275E187E89BE00E94CF1367E08D
:1099B00075E187E89BE00E94CF1340913C025091F3
:1099C0003D0260913E0270913F0223E030E087E863
:1099D0009BE00E94ED226FEF74E187E89BE00E941C
:1099E000A4236AEE74E187E89BE00E94A42368EE5A
:1099F00074E187E89BE00E94CF131092CE0762EEDD
:109A000072E087EF9CE00E94A5261092D907109281
:109A1000D807CE0101966CCB10916109112309F48E
:109A20005CCE8091F40781110C94D6558091E007AB
:109A300081110C9473568091DF0781110C94D655D7
:109A40008091DE0781110C94D6558091DD0781113C
:109A50000C94D6558091DC0781110C94D6558091D9
:109A6000DB0781110C94D6558091DA0781110C9493
:109A7000D6558091FB0C9091FC0C6A3021F06D3032
:109A800011F00C94C355892B09F427CE67EF7CE0C5
:109A9000CE0186599F4F0E946D27CE0186599F4F58
:109AA0000E949124BE0166597F4FCE0184960E9488
:109AB0006D27BE016C5D7F4FCE0101960E946D2720
:109AC000CE0101960E949124CE0101960E94EE24BF
:109AD0006CEE75E0CE0101960E94231F811108C033
:109AE00067ED76E0CE0101960E94231F8823B9F02E
:109AF0000E94305CCE0101960E94AC25CE01849676
:109B00000E94AC251123C9F162EE72E087EF9CE060
:109B10000E94A5261092D9071092D807E4C264EFDC
:109B200075E0CE0101960E94231F81111EC06EEDCB
:109B300076E0CE0101960E94231F811116C065EECA
:109B400076E0CE0101960E94231F811108C06AEEC3
:109B500076E0CE0101960E94231F882361F0FF204A
:109B600039F00E94CA231F2DC5CF0E947E5CC2CF50
:109B70000E94B823BFCF10E0BDCF6FEE76E0CE01DC
:109B800086599F4F0E94231F811177C068EF76E0AE
:109B9000CE0186599F4F0E94231F81116EC06BE931
:109BA00075E0CE0186599F4F0E94231F8111A2C0EC
:109BB00061EA75E0CE0186599F4F0E94231F8111F3
:109BC00099C067EA75E0CE0186599F4F0E94231F16
:109BD0008111C3C061EB75E0CE0186599F4F0E9491
:109BE000231F8111BAC06AED75E0CE0186599F4FDF
:109BF0000E94231F8111E4C063EE75E0CE018659F7
:109C00009F4F0E94231F8111DBC06BEB75E0CE01DB
:109C100086599F4F0E94231F811105C163EC75E097
:109C2000CE0186599F4F0E94231F882309F431C11A
:109C300080917A09882309F423C181E08093DD07AC
:109C400061E088E00E94C01568EC70E080E090E080
:109C50000E948D1660E088E00E94C0156FE772E1F7
:109C600087E89BE00E94CF1363E372E187E89BE003
:109C70000E94A42361E372E129C080917A098823BC
:109C800051F181E08093CE0761E088E00E94C01529
:109C900068EC70E080E090E00E948D1660E088E063
:109CA0000E94C01560EA74E187E89BE00E94CF1330
:109CB00066E674E187E89BE00E94A4236EE474E109
:109CC00087E89BE00E94A4236CE474E187E89BE0B2
:109CD0000E94CF1319CF6AE474E187E89BE00E94E9
:109CE000CF1364E374E187E89BE00E94A4230E9401
:109CF000B8230ACF80917A09882331F181E08093DB
:109D0000E00761E088E00E94C01568EC70E080E048
:109D100090E00E948D1660E088E00E94C01562E32A
:109D200074E187E89BE00E94CF1366EF73E187E858
:109D30009BE00E94A4236EED73E187E89BE00E9404
:109D4000A4236CED73E1C2CF6AED73E187E89BE079
:109D50000E94CF1364EC73E1C6CF80917A09882307
:109D600031F181E08093DF0761E088E00E94C01557
:109D700068EC70E080E090E00E948D1660E088E082
:109D80000E94C01562EC73E187E89BE00E94CF134C
:109D900065E873E187E89BE00E94A4236DE673E128
:109DA00087E89BE00E94A4236BE673E18FCF69E60E
:109DB00073E187E89BE00E94CF1363E573E193CFE3
:109DC00080917A09882331F181E08093DA0761E09C
:109DD00088E00E94C01568EC70E080E090E00E948E
:109DE0008D1660E088E00E94C01561E573E187E8A8
:109DF0009BE00E94CF1361E173E187E89BE00E9442
:109E0000A42369EF72E187E89BE00E94A42367EF37
:109E100072E15CCF65EF72E187E89BE00E94CF13AF
:109E20006FED72E160CF80917A09882301F181E0C2
:109E30008093DE0761E088E00E94C01568EC70E066
:109E400080E090E00E948D1660E088E00E94C015DE
:109E50006DED72E187E89BE00E94CF136BE972E140
:109E600087E89BE00E94A42369E972E12FCF67E9AC
:109E700072E187E89BE00E94CF1361E872E133CF83
:109E80006FE272E187E89BE00E94CF1369E172E123
:109E90002ACF6CEC75E0CE0186599F4F0E94231F9C
:109EA000882309F447C080917A098823D1F181E0A1
:109EB0008093DC0761E088E00E94C01568EC70E0E8
:109EC00080E090E00E948D1660E088E00E94C0155E
:109ED00067E172E187E89BE00E94CF1365E072E1E1
:109EE00087E89BE00E94CF134091340950913509D7
:109EF000609136097091370922E030E087E89BE0F5
:109F00000E94D92263E072E187E89BE00E94CF13B0
:109F10006EEE71E187E89BE00E94A4236CEE71E194
:109F2000D5CE6AEE71E187E89BE00E94CF1364ED25
:109F300071E1D9CE64ED75E0CE0186599F4F0E9444
:109F4000231F882309F462C080917A09882309F4C9
:109F500054C01092340910923509109236091092AB
:109F600037090E94BA3261E088E00E94C01568ECAF
:109F700070E080E090E00E948D1660E088E00E9432
:109F8000C01562ED71E187E89BE00E94CF1365EC9C
:109F900071E187E89BE00E94A42363EC71E187E80C
:109FA0009BE00E94CF136DEA71E187E89BE00E947D
:109FB000CF13409134095091350960913609709161
:109FC000370922E030E087E89BE00E94D9226BEA63
:109FD00071E187E89BE00E94CF1366E971E187E8B1
:109FE0009BE00E94A42364E971E187E89BE00E9462
:109FF000CF1381E08093DB0787CD62E971E187E8C9
:10A000009BE00E94CF136CE771E16DCE61E077E0D9
:10A01000CE0101960E947627BE016F5F7F4FCE0171
:10A0200086599F4F0E940425182FCE0101960E9449
:10A03000AC25112309F499C080917A09882309F489
:10A0400091C04BE050E0BE0166597F4FCE01895B65
:10A050009F4F0E948528BE01695B7F4FCE018059CA
:10A060009F4F0E946D27E2966EAD7FADE2974FE065
:10A0700050E0CE0140960E94D97A1F8ECE014096C4
:10A080000E94DC1F8F3F980799F566E87BE087E820
:10A090009BE00E94A4230E94701E60E080E00E946A
:10A0A0003E1E67E77BE082E89DE00E94CF1360EDF3
:10A0B00077E080E090E00E948D160E94CA23CE01D6
:10A0C00080599F4F0E94AC2562EE72E087EF9CE0C2
:10A0D0000E94A5261092D9071092D807CE01895B5D
:10A0E0009F4F0E94AC25CE0186599F4F0C94784813
:10A0F0001982188A18A219A21AA21BA223E2FE0131
:10A100003196DE01949601900D922A95E1F743E293
:10A11000489F9001499F300D1124BE016C5D7F4F17
:10A12000C9018C5B9F4F0E94342A61E088E00E9445
:10A13000C01568EC70E080E090E00E948D1660E051
:10A1400088E00E94C01562E67BE087E89BE00E9401
:10A15000A4230E94701E60E080E00E943E1E65E520
:10A160007BE0A1CF69E571E1BECD6DE077E0CE0186
:10A1700001960E947627BE016F5F7F4FCE01865900
:10A180009F4F0E940425182FCE0101960E94AC25F6
:10A19000112309F478C080917A09882309F46AC0F0
:10A1A0004FE050E0BE0166597F4FCE0184960E9479
:10A1B000852868E172E0CE0184960E94231F8823DF
:10A1C00009F449C004E410E01982188A18A219A2FF
:10A1D0001AA21BA2BE016F5F7F4FC8010E94342AE2
:10A1E0000D5D1F4F0A3187E0180771F76BE97BE0BF
:10A1F00084E29CE00E94A42361E088E00E94C015F4
:10A2000068EC70E080E090E00E948D1660E088E0ED
:10A210000E94C01567E571E187E89BE00E94CF13BB
:10A220006DE371E187E89BE00E94A4236BE371E199
:10A2300087E89BE00E94CF130E94CA2362EE72E07F
:10A2400087EF9CE00E94A5261092D9071092D807AC
:10A25000CE01849646CF69E371E187E89BE00E94D6
:10A26000CF1364E271E187E89BE00E94A42362E2DD
:10A2700071E1DECF60E271E187E89BE00E94CF13DD
:10A280006AE071E130CD69E176E0CE0186599F4FF9
:10A290000E94231F882381F080917A09882319F076
:10A2A0000E94045D31CC68E071E187E89BE00E9488
:10A2B000CF1362EF70E117CD62E276E0CE018659EE
:10A2C0009F4F0E94231F81111CC067E276E0CE01E0
:10A2D00086599F4F0E94231F811113C060EF70E1C8
:10A2E00087E89BE00E94CF1380917A0963EC7FE0BE
:10A2F000811102C06CE87FE087E89BE00E94A42304
:10A3000003CC0E94C43261E088E00E94C01568EC72
:10A3100070E080E090E00E948D1660E088E00E948E
:10A32000C01510927A091092790910926109109261
:10A33000E0071092DF071092DE071092DD071092FF
:10A34000DC071092DB071092DA071092F4071092E4
:10A35000F5070E94691D6EEE70E187E89BE00E94A0
:10A36000CF136EED70E187E89BE00E94A42367ECB9
:10A3700070E187E89BE00E94A4236FE970E187E821
:10A380009BE00E94A42368E870E187E89BE00E94BC
:10A39000A42366E870E19ACC1092E007BACA20E0E4
:10A3A00030E44CE156E4C701B6010E94A9751816C5
:10A3B0000CF489C4C0924C02D0924D02E0924E023D
:10A3C000F0924F020E94A331C0904C02D0904D02F7
:10A3D000E0904E02F0904F0260EB7BE084E29CE064
:10A3E0000E94CF1322E030E0B701A60184E29CE096
:10A3F0000E94D92261E088E00E94C01568EC70E0FC
:10A4000080E090E00E948D1660E088E00E94C01518
:10A410006AE87FE087E89BE00E94CF1366E67FE072
:10A4200087E89BE00E94CF1340914C0250914D026F
:10A4300060914E0270914F0222E030E087E89BE08D
:10A440000E94D92261E57FE087E89BE00E94A42377
:10A450006FE47FE087E89BE00E94CF131092E00753
:10A46000CECA8091DF07882309F4F9C08091FB0CE4
:10A470009091FC0C6A3019F06D3009F084C3892B7F
:10A4800009F42BC967EF7CE0CE0101960E946D278D
:10A49000CE0101960E9491246BE975E0CE010196F0
:10A4A0000E94231F811177C06AED75E0CE010196ED
:10A4B0000E94231F81116FC067EA75E0CE010196EB
:10A4C0000E94231F811167C06CEC75E0CE010196DC
:10A4D0000E94231F81115FC064ED75E0CE010196DB
:10A4E0000E94231F811157C06BEB75E0CE010196CE
:10A4F0000E94231F81114FC063EC75E0CE010196CD
:10A500000E94231F811147C062E276E0CE010196CE
:10A510000E94231F81113FC06CEE75E0CE010196B1
:10A520000E94231F811137C064EF75E0CE010196B0
:10A530000E94231F81112FC06FEF75E0CE0101969D
:10A540000E94231F811127C06AE076E0CE010196A8
:10A550000E94231F81111FC069E176E0CE010196A0
:10A560000E94231F811117C087EF9CE00E94862460
:10A570006B017C012DEC3CEC4CEC5DE30E945778C8
:10A5800087FF0CC064E77EE087E89BE00E94A4237D
:10A5900062E77EE0B7C91092DF07BBC920E030E078
:10A5A00040E251E4C701B6010E94A975181654F3A0
:10A5B000C0924602D0924702E0924802F0924902CD
:10A5C0000E94E031C0904602D0904702E0904802DD
:10A5D000F09049026AEB7BE084E29CE00E94CF139A
:10A5E00022E030E0B701A60184E29CE00E94D9227B
:10A5F00061E088E00E94C01568EC70E080E090E0C7
:10A600000E948D1660E088E00E94C01565EF7EE034
:10A6100087E89BE00E94CF1365ED7EE087E89BE032
:10A620000E94CF1340914602509147026091480228
:10A630007091490222E030E087E89BE00E94D92235
:10A6400063ED7EE087E89BE00E94CF136EEB7EE037
:10A6500087E89BE00E94A4231092DF07D0C9809175
:10A66000DA07882309F4D6C08091FB0C9091FC0C8A
:10A670006A3019F06D3009F0C7C0892B09F42DC874
:10A6800067EF7CE0CE0101960E946D27CE01019616
:10A690000E9491246BE975E0CE0101960E94231F70
:10A6A000811174C06AED75E0CE0101960E94231FEE
:10A6B00081116CC067EA75E0CE0101960E94231FEC
:10A6C000811164C06CEC75E0CE0101960E94231FDD
:10A6D00081115CC064ED75E0CE0101960E94231FDC
:10A6E000811154C06BEB75E0CE0101960E94231FCF
:10A6F00081114CC063EC75E0CE0101960E94231FCE
:10A70000811144C062E276E0CE0101960E94231FCF
:10A7100081113CC06CEE75E0CE0101960E94231FB2
:10A72000811134C064EF75E0CE0101960E94231FB1
:10A7300081112CC06FEF75E0CE0101960E94231F9E
:10A74000811124C06AE076E0CE0101960E94231FA9
:10A7500081111CC069E176E0CE0101960E94231FA1
:10A76000811114C08D819E810A970A9790F060E74D
:10A770007EE087E89BE00E94CF136EE17EE087E8F1
:10A780009BE00E94A4236CE17EE0BCC81092DA0733
:10A79000C0C869817A8143E150E088E292E00E947A
:10A7A000D97A10923B020E94323261E088E00E9426
:10A7B000C01568EC70E080E090E00E948D1660E0CB
:10A7C00088E00E94C0156AE17EE087E89BE00E9475
:10A7D000CF136DEF7DE087E89BE00E94CF1368E226
:10A7E00072E087E89BE00E94382368EE7DE087E80E
:10A7F0009BE00E94A42366EE7DE087E89BE00E9438
:10A80000CF131092DA07FBC8449710F00C946D4BED
:10A810000C94CF4A8091DE07882309F44EC08091C2
:10A82000FB0C9091FC0C6A3019F06D3009F098C067
:10A83000009711F40C946D4B04970C9750F066EB55
:10A840007DE087E89BE00E94A42364EB7DE00C940C
:10A85000014C6091F70C7091F80C88E192E00E9435
:10A86000C47A0E943B3161E088E00E94C01568EC28
:10A8700070E080E090E00E948D1660E088E00E9429
:10A88000C01562EB7DE087E89BE00E94CF1366E98C
:10A890007DE087E89BE00E94A42361E87DE087E8F3
:10A8A0009BE00E94A4236FE77DE087E89BE00E9485
:10A8B000CF131092DE070C94634B8091DD07882341
:10A8C00009F454C08091FB0C9091FC0C6A3019F093
:10A8D0006D3009F045C0009711F40C946D4B04974E
:10A8E0000C9750F06AE47DE087E89BE00E94A42387
:10A8F00068E47DE00C94014C6091F70C7091F80CC9
:10A9000088E092E00E94C47A0E94073161E088E00A
:10A910000E94C01568EC70E080E090E00E948D1607
:10A9200060E088E00E94C01566E47DE087E89BE077
:10A930000E94CF1365E27DE087E89BE00E94A4239C
:10A9400060E17DE087E89BE00E94A4236EE07DE06B
:10A9500087E89BE00E94CF131092DD070C94634BB5
:10A960000F9710F00C946D4B0C94CF4A8091DC073C
:10A97000882309F485C08091FB0C9091FC0C6A300F
:10A9800019F06D3009F0FFC0892B11F40C946D4B58
:10A9900067EF7CE0CE0101960E946D27CE01019603
:10A9A0000E9491246BE975E0CE0101960E94231F5D
:10A9B000811162C06AED75E0CE0101960E94231FED
:10A9C00081115AC067EA75E0CE0101960E94231FEB
:10A9D000811152C064ED75E0CE0101960E94231FE3
:10A9E00081114AC06BEB75E0CE0101960E94231FD6
:10A9F000811142C063EC75E0CE0101960E94231FD5
:10AA000081113AC062E276E0CE0101960E94231FD6
:10AA1000811132C06CEE75E0CE0101960E94231FB9
:10AA200081112AC064EF75E0CE0101960E94231FB8
:10AA3000811122C06FEF75E0CE0101960E94231FA5
:10AA400081111AC06AE076E0CE0101960E94231FB0
:10AA5000811112C069E176E0CE0101960E94231FA8
:10AA600081110AC066E67CE087E89BE00E94A4238F
:10AA700064E67CE00C94824C1092DC070C94894CC8
:10AA80008091DB07882311F40C946D4B8091FB0CB3
:10AA90009091FC0C6A3019F06D3009F074C0892B6C
:10AAA00011F40C946D4B67EF7CE0CE0101960E948F
:10AAB0006D27CE0101960E9491246BE975E0CE01CD
:10AAC00001960E94231F81115AC06AED75E0CE01E4
:10AAD00001960E94231F811152C067EA75E0CE01E2
:10AAE00001960E94231F81114AC06BEB75E0CE01D5
:10AAF00001960E94231F811142C063EC75E0CE01D4
:10AB000001960E94231F81113AC062E276E0CE01D5
:10AB100001960E94231F811132C06CEE75E0CE01B8
:10AB200001960E94231F81112AC064EF75E0CE01B7
:10AB300001960E94231F811122C06FEF75E0CE01A4
:10AB400001960E94231F81111AC06AE076E0CE01AF
:10AB500001960E94231F811112C069E176E0CE01A7
:10AB600001960E94231F81110AC064EC7BE087E8F4
:10AB70009BE00E94A42362EC7BE00C94824C109238
:10AB8000DB070C94894C4E9710F00C946D4B0C9491
:10AB9000CF4A20E030E0A901C701B6010E94A975A3
:10ABA000181614F40C949F480C94A948FF2011F433
:10ABB0000C946D4B8091E007882309F452CC80916E
:10ABC000FB0C9091FC0C6A3011F06D30E1F6892B92
:10ABD00011F40C946D4B67EF7CE0CE0101960E945E
:10ABE0006D27CE0101960E9491246BE975E0CE019C
:10ABF00001960E94231F8111CFCB6AED75E0CE0133
:10AC000001960E94231F8111C7CB6CEC75E0CE0129
:10AC100001960E94231F8111BFCB64ED75E0CE0128
:10AC200001960E94231F8111B7CB6BEB75E0CE011B
:10AC300001960E94231F8111AFCB63EC75E0CE011A
:10AC400001960E94231F8111A7CB62E276E0CE011C
:10AC500001960E94231F81119FCB6CEE75E0CE01FF
:10AC600001960E94231F811197CB64EF75E0CE01FE
:10AC700001960E94231F81118FCB6FEF75E0CE01EB
:10AC800001960E94231F811187CB6AE076E0CE01F6
:10AC900001960E94231F81117FCB69E176E0CE01EE
:10ACA00001960E94231F811177CB87EF9CE00E94C1
:10ACB00086246B017C012AE037ED43E25CE30E94CD
:10ACC000577887FF6CCB6DE47FE087E89BE00E94BC
:10ACD000CF1369EF7EE087E89BE00E94A42367EF33
:10ACE0007EE00C94824CF1106ACF0C946D4B1F9255
:10ACF0000F920FB60F9211240BB60F922F933F9322
:10AD00004F935F936F937F938F939F93AF93BF9373
:10AD1000EF93FF9387E89BE00E947114FF91EF91FE
:10AD2000BF91AF919F918F917F916F915F914F9163
:10AD30003F912F910F900BBE0F900FBE0F901F9061
:10AD400018951F920F920FB60F9211240BB60F9207
:10AD50002F938F939F93EF93FF93E091970BF09135
:10AD6000980B8081E0919D0BF0919E0B82FD1DC0A0
:10AD700090818091A00B8F5F8F732091A10B821720
:10AD800041F0E091A00BF0E0E957F44F958F8093EC
:10AD9000A00BFF91EF919F918F912F910F900BBE80
:10ADA0000F900FBE0F901F9018958081F2CF1F92C9
:10ADB0000F920FB60F9211240BB60F922F933F9361
:10ADC0004F935F936F937F938F939F93AF93BF93B3
:10ADD000EF93FF9384E29CE00E947114FF91EF9146
:10ADE000BF91AF919F918F917F916F915F914F91A3
:10ADF0003F912F910F900BBE0F900FBE0F901F90A1
:10AE000018951F920F920FB60F9211240BB60F9246
:10AE10002F938F939F93EF93FF93E091340CF091D6
:10AE2000350C8081E0913A0CF0913B0C82FD1DC005
:10AE3000908180913D0C8F5F8F7320913E0C821723
:10AE400041F0E0913D0CF0E0EC5DF34F958F809385
:10AE50003D0CFF91EF919F918F912F910F900BBE21
:10AE60000F900FBE0F901F9018958081F2CF1F9208
:10AE70000F920FB60F9211242F933F938F939F93AE
:10AE8000AF93BF938091D5089091D608A091D70831
:10AE9000B091D8083091D40823E0230F2D3758F50E
:10AEA0000196A11DB11D2093D4088093D5089093DD
:10AEB000D608A093D708B093D8088091D90890916C
:10AEC000DA08A091DB08B091DC080196A11DB11D44
:10AED0008093D9089093DA08A093DB08B093DC083C
:10AEE000BF91AF919F918F913F912F910F900FBE86
:10AEF0000F901F90189526E8230F0296A11DB11DF3
:10AF0000D2CF1F920F920FB60F9211240BB60F9251
:10AF10002F933F934F935F936F937F938F939F9361
:10AF2000AF93BF93EF93FF93E0916002F0916102C2
:10AF30001995FF91EF91BF91AF919F918F917F9163
:10AF40006F915F914F913F912F910F900BBE0F909A
:10AF50000FBE0F901F9018951F920F920FB60F9271
:10AF600011240BB60F922F933F934F935F936F93E0
:10AF70007F938F939F93AF93BF93EF93FF93E09152
:10AF80005E02F0915F021995FF91EF91BF91AF9131
:10AF90009F918F917F916F915F914F913F912F91F1
:10AFA0000F900BBE0F900FBE0F901F9018951F9221
:10AFB0000F920FB60F9211240BB60F922F933F935F
:10AFC0004F935F936F937F938F939F93AF93BF93B1
:10AFD000EF93FF93E0915402F09155021995FF9180
:10AFE000EF91BF91AF919F918F917F916F915F9101
:10AFF0004F913F912F910F900BBE0F900FBE0F906E
:10B000001F9018951F920F920FB60F9211240BB636
:10B010000F922F933F934F935F936F937F938F93F1
:10B020009F93AF93BF93EF93FF93E0915202F09100
:10B0300053021995FF91EF91BF91AF919F918F911D
:10B040007F916F915F914F913F912F910F900BBE28
:10B050000F900FBE0F901F9018951F920F920FB672
:10B060000F9211240BB60F922F933F934F935F9340
:10B070006F937F938F939F93AF93BF93EF93FF93C0
:10B08000E0915C02F0915D021995FF91EF91BF9103
:10B09000AF919F918F917F916F915F914F913F9170
:10B0A0002F910F900BBE0F900FBE0F901F90189511
:10B0B0001F920F920FB60F9211240BB60F922F937F
:10B0C0003F934F935F936F937F938F939F93AF9330
:10B0D000BF93EF93FF93E0915A02F0915B021995B1
:10B0E000FF91EF91BF91AF919F918F917F916F9160
:10B0F0005F914F913F912F910F900BBE0F900FBE1C
:10B100000F901F9018951F920F920FB60F92112457
:10B110000BB60F922F933F934F935F936F937F9351
:10B120008F939F93AF93BF93EF93FF93E091580258
:10B13000F09159021995FF91EF91BF91AF919F91B5
:10B140008F917F916F915F914F913F912F910F90D0
:10B150000BBE0F900FBE0F901F9018951F920F926D
:10B160000FB60F9211240BB60F922F933F934F936C
:10B170005F936F937F938F939F93AF93BF93EF935F
:10B18000FF93E0915602F09157021995FF91EF91CC
:10B19000BF91AF919F918F917F916F915F914F91EF
:10B1A0003F912F910F900BBE0F900FBE0F901F90ED
:10B1B00018951F920F920FB60F9211240BB60F9293
:10B1C0002F933F934F935F936F937F938F939F93AF
:10B1D000AF93BF93EF93FF938091B900887F803640
:10B1E00009F44DC008F040C0883209F4A9C028F520
:10B1F000803109F49DC0C8F4882309F4FBC088306D
:10B2000009F496C0FF91EF91BF91AF919F918F91FB
:10B210007F916F915F914F913F912F910F900BBE56
:10B220000F900FBE0F901F901895883109F488C0B9
:10B23000803241F78093AA0814C0803409F49DC07D
:10B2400040F48033B9F38833E9F68093AA0885EC9B
:10B25000B0C0803509F485C0883509F496C08834BB
:10B2600089F60E941629CECF883909F48CC038F5AA
:10B27000883729F050F4883611F0803719F683E0CA
:10B280008093AC081092850857C0883809F47BC0B9
:10B29000803919F0803809F0B5CF80918508803267
:10B2A00008F071C0E091850881E08E0F80938508D9
:10B2B0008091BB00F0E0EB59F74F80833DC0803BAD
:10B2C00039F0E0F4803A09F479C0883A09F09ACF6D
:10B2D00084E08093AC081092640810926308E091B7
:10B2E000810BF091820B19958091630881110FC039
:10B2F00081E0809363081092430809C0803C09F400
:10B30000A6CF883C09F4A3CF883B09F07BCFE0911E
:10B31000640881E08E0F80936408F0E0ED5BF74FE6
:10B3200080818093BB00909164088091630829C05C
:10B33000809187088093BB0085EC8093BC0062CF2E
:10B340009091A9088091A808981758F5E091A9084C
:10B3500081E08E0F8093A908F0E0E857F74F8081D5
:10B36000E9CFE091A90881E08E0F8093A908809130
:10B37000BB00F0E0E857F74F80839091A9088091D7
:10B38000A8089817C8F285E8D8CFE091A90881E00D
:10B390008E0F8093A9088091BB00F0E0E857F74F2B
:10B3A00080838091AB0881115CCF81E08093860817
:10B3B00084EA8093BC001092AC0824CF85EC809383
:10B3C000BC001092AC0880918508803230F4E09186
:10B3D0008508F0E0EB59F74F10826091850870E026
:10B3E000E0917F0BF091800B85E698E01995109223
:10B3F000850808CF1092AA0834CF96E0899FD00123
:10B400001124AD5EB24F90967C936E935F9791E05E
:10B4100091969C939197E091800DF091810D909180
:10B420007F0D992339F0309751F0811108C0809138
:10B430002F0D1994309719F05C968C91FACF0895DE
:10B440000F931F93CF93DF93C82FD62F86E0C89F0B
:10B45000F0011124ED5EF24F11A2878D90A1813091
:10B460009105F1F058F082309105F1F1039709F45C
:10B4700040C0DF91CF911F910F9108956623C9F3CA
:10B4800061E070E08C2F0E94FD590E94BF1660930E
:10B490006B0D70936C0D80936D0D90936E0DE9CFD5
:10B4A0000E94BF1600916B0D10916C0D20916D0DD7
:10B4B00030916E0DAB01BC01401B510B620B730B45
:10B4C00080917D0D90917E0DB0E0A0E084179507EE
:10B4D000A607B70748F462E070E08C2FDF91CF91A8
:10B4E0001F910F910C94FD5963E070E0D111C1CF11
:10B4F000F4CF70E060E0F1CF6F927F928F929F92D5
:10B50000AF92BF92CF92DF92EF92FF920F931F9371
:10B51000CF93DF9381E080937F0D0E94BF1600914F
:10B520006F0D1091700D2091710D3091720DAB0166
:10B53000BC01401B510B620B730B80917B0D9091F2
:10B540007C0DB0E0A0E084179507A607B70708F0C8
:10B5500014C1C0E08091790DC81760F4E091750DB9
:10B56000F091760DEC0FF11D62E080810E94F215E2
:10B57000CF5FF0CF712C812C912C5401839480915A
:10B580007A0D781608F05FC0072D10E0E091770D76
:10B59000F091780DE00FF11F61E080810E94F215BB
:10B5A000E091770DF091780DE00FF11F60E0808160
:10B5B0000E94C015D501C401072C04C0880F991F33
:10B5C000AA1FBB1F0A94D2F76C017C01E094F0948F
:10B5D000612C8091790D6816F8F4C62DD0E0E091C9
:10B5E000750DF091760DEC0FFD1F80810E94941572
:10B5F0002496CC0FDD1FCD5ED24F892B41F488817C
:10B6000099818C299D29998388836394E2CF8881CD
:10B6100099818E219F21F7CFE091770DF091780DE0
:10B62000E00FF11F61E080810E94C0158091770DCD
:10B630009091780D080F191F60E0F80180810E9439
:10B64000F21573949CCFC3E1DDE0FE018FEF9FEF15
:10B65000278D30A1232B21F4148E968F858F11A274
:10B6600036962DE0EF34F20799F7F12C96E0D92EBB
:10B670008091790DF81608F050C0E12C0F2D10E0E4
:10B68000000F111F055E124F20917A0DE21608F08F
:10B6900042C0F801608171810E2C02C076956795D9
:10B6A0000A94E2F7F29E900111242E0D311DE3E180
:10B6B000FDE080E0458D568D2417350709F461C003
:10B6C0008F5F36968A30B1F760FF23C0E3E1FDE07B
:10B6D00090E080E0448D411117C0E091730DF0912E
:10B6E000740DE20FF31F4081D89EF001D99EF00D3A
:10B6F0001124ED5EF24F448F368F258F10A2178EE6
:10B7000061E00E94205A05C0019636968A30910564
:10B7100009F7E394B9CFF394ABCF10E089A181117D
:10B72000182F2696FDE0CF34DF07C1F70E94BF1621
:10B7300060936F0D7093700D8093710D9093720DE7
:10B740001123D9F08091340D8823B9F08091320D06
:10B750009091330D019789F480912F0DDF91CF9156
:10B760001F910F91FF90EF90DF90CF90BF90AF901F
:10B770009F908F907F906F90089510927F0D80E042
:10B78000EDCF6170BECFCF92DF92EF92FF920F9319
:10B790001F93CF93DF938C01EB0169017A016DEA6E
:10B7A00076E184E29CE00E94CF13B80184E29CE041
:10B7B0000E9436246AE384E29CE00E94BA13BE0130
:10B7C00084E29CE00E9436246AE384E29CE00E94CA
:10B7D000BA1322E030E0B701A60184E29CE0DF91D9
:10B7E000CF911F910F91FF90EF90DF90CF900C942D
:10B7F000D922FC0180819181009711F00C9468712D
:10B8000060E070E0CB0108950F931F93CF93DF9317
:10B81000CDB7DEB762970FB6F894DEBF0FBECDBFCF
:10B820008C01CB01F80111821082138212821582E1
:10B8300014824AE0BE016F5F7F4F0E948F71BE018C
:10B840006F5F7F4FC8010E94A52662960FB6F894DD
:10B85000DEBF0FBECDBFDF91CF911F910F91089535
:10B8600080915102811106C060E777E087E89BE094
:10B870000C94A42381E090E09093EE078093ED0771
:10B880000E94BF166093E5077093E6078093E70771
:10B890009093E80762EE72E08DEC9CE00E94A52692
:10B8A0001092E1071092E2071092E3071092E4076A
:10B8B00061E088E00E94C01568EC70E080E090E0F4
:10B8C0000E948D1660E088E00E94C0156CEF77E062
:10B8D00087E89BE00E94CF136EEB77E087E89BE060
:10B8E0000E94A42367EA77E087E89BE00E94A423F4
:10B8F00065EA77E087E89BE00C94CF13CF93DF9362
:10B90000CDB7DEB72C970FB6F894DEBF0FBECDBF14
:10B9100084E090E09093EE078093ED070E94BF16BD
:10B920006093E5077093E6078093E7079093E80735
:10B9300062EE72E08DEC9CE00E94A5261092E10779
:10B940001092E2071092E3071092E4078FEF9FEF47
:10B95000909303028093020261E088E00E94C01588
:10B9600068EC70E080E090E00E948D1660E088E076
:10B970000E94C01564E978E087E89BE00E94CF133D
:10B98000809151028823C9F161E578E087E89BE066
:10B990000E94A42362EE72E0CE0107960E947627F1
:10B9A00063EE72E0CE0101960E947627AE01495FF8
:10B9B0005F4FBE016F5F7F4F84E498E00E942028B4
:10B9C000CE0101960E94AC25CE0107960E94AC25BF
:10B9D00060E078E087E89BE00E94A4236EEF77E0C8
:10B9E00087E89BE00E94CF132C960FB6F894DEBF39
:10B9F0000FBECDBFDF91CF91089567E178E087E872
:10BA00009BE00E94A423E4CFEF92FF920F931F9339
:10BA1000CF93DF93CDB7DEB7EB970FB6F894DEBFC9
:10BA20000FBECDBF63E673E087E89BE00E94A423CE
:10BA300084E4E82EF12C10E000E0BE016F5F7F4F40
:10BA4000C7010E94B61F8981882309F460C048A1FC
:10BA500059A16AA17BA1CE01C6960E94AF26BE0164
:10BA6000605F7F4FCE01C0960E947627B801CE015D
:10BA70008A960E94045C63E173E0CE0184960E9482
:10BA80007627BE01665D7F4FCE0184960E942226F6
:10BA900069E173E00E940826BE01605D7F4F0E944D
:10BAA000222661E273E00E940826BE016A5C7F4F95
:10BAB0000E942226BC0187E89BE00E949023CE01D1
:10BAC00084960E94AC25CE018A960E94AC25CE01B8
:10BAD000C0960E94AC25CE01C6960E94AC250F5F91
:10BAE0001F4F83E2E80EF11C0233110509F0A5CFC8
:10BAF0000E94CA23EB960FB6F894DEBF0FBECDBFEF
:10BB0000DF91CF911F910F91FF90EF900895B801B1
:10BB1000CE018A960E94045C63E173E0CE018496B4
:10BB20000E947627BE01665D7F4FCE0184960E94FB
:10BB300022266CE273E00E940826BC0187E89BE0A5
:10BB40000E949023CE0184960E94AC25CE018A9655
:10BB5000C4CF6CE372E080E490E00E946F3161ED4D
:10BB600072E084E29CE00E94CF1340913C0250912D
:10BB70003D0260913E0270913F0223E030E084E29A
:10BB80009CE00C94D922EF92FF920F931F93CF93D6
:10BB9000DF931F921F92CDB7DEB78FEDE82E88E0BE
:10BBA000F82E0EE117E01A830983F70161917F01F6
:10BBB000CE0101960E941B2A0F5F1F4F0B35F7E045
:10BBC0001F0789F70F900F90DF91CF911F910F9171
:10BBD000FF90EF90089510928A0B1092890B88EED7
:10BBE00093E0A0E0B0E080938B0B90938C0BA0933C
:10BBF0008D0BB0938E0B24E932E03093880B2093A9
:10BC0000870B4DEC50E05093940B4093930B4CEC0E
:10BC100050E05093960B4093950B48EC50E05093B6
:10BC2000980B4093970B49EC50E050939A0B40933C
:10BC3000990B4AEC50E050939C0B40939B0B4EECBD
:10BC400050E050939E0B40939D0B1092A00B1092CE
:10BC5000A10B1092A20B1092A30B1092270C109222
:10BC6000260C8093280C9093290CA0932A0CB09357
:10BC70002B0C3093250C2093240C25EC30E03093D2
:10BC8000310C2093300C24EC30E03093330C2093B3
:10BC9000320C20EC30E03093350C2093340C21EC46
:10BCA00030E03093370C2093360C22EC30E03093A8
:10BCB000390C2093380C26EC30E030933B0C209369
:10BCC0003A0C10923D0C10923E0C10923F0C1092C8
:10BCD000400C1092C40C1092C30C8093C50C90932E
:10BCE000C60CA093C70CB093C80C86EA92E0909360
:10BCF000C20C8093C10C1092850D1092840D8CECB7
:10BD000092E09093830D8093820D87E28093860D5D
:10BD100084E180938B0D84E080938C0D10928D0DC7
:10BD20001092150D1092190D1092180D10921A0DF7
:10BD300082EC92E09093140D8093130DEFE2FDE0FE
:10BD4000108214821382158236968DE0EB36F80746
:10BD5000B9F78AE692E09093760D8093750D86E6AA
:10BD600092E09093780D8093770D84E08093790D25
:10BD700080937A0D8EE692E09093740D8093730D0C
:10BD80008AE090E090937C0D80937B0D84EF91E0AE
:10BD900090937E0D80937D0D1092810D1092800DF9
:10BDA00010926F0D1092700D1092710D1092720D15
:10BDB00010927F0D88EB92E09093040D8093030D19
:10BDC00085E38093110D85E08093120D62EE72E0A1
:10BDD0008DEF9CE00E94762762EE72E087EF9CE098
:10BDE0000E94762762EE72E081EF9CE00E94762747
:10BDF00062EE72E08BEE9CE00E94762762EE72E0CB
:10BE000085EE9CE00E94762762EE72E08FED9CE06A
:10BE10000E9476276DE177E089ED9CE00E9476270D
:10BE20006DE177E083ED9CE00E94762762EE72E0A0
:10BE30008DEC9CE00C947627CF93DF93CDB7DEB7E3
:10BE4000ED970FB6F894DEBF0FBECDBF789484B5E2
:10BE5000826084BD84B5816084BD85B5826085BD06
:10BE600085B5816085BD80916E00816080936E0094
:10BE70001092810080918100826080938100809186
:10BE80008100816080938100809180008160809337
:10BE900080008091B10084608093B1008091B000F7
:10BEA00081608093B00080919100826080939100C6
:10BEB00080919100816080939100809190008160D9
:10BEC000809390008091A10082608093A100809176
:10BED000A10081608093A1008091A0008160809387
:10BEE000A000809121018260809321018091210135
:10BEF00081608093210180912001816080932001E5
:10BF000080917A00846080937A0080917A008260C8
:10BF100080937A0080917A00816080937A0080918A
:10BF20007A00806880937A001092C10088E199E2DB
:10BF30000FB6F894A895809360000FBE90936000B0
:10BF400084E29CE00E94721387E89BE00E947213D7
:10BF5000A8951FB7F8948091DE08811127C0E6E606
:10BF6000FFE18491E0E2FFE19491E82FF0E0EE0F31
:10BF7000FF1FEF52F14EA591B491EC91E92321F40A
:10BF800061E085E30E94C01561E085E30E94F2153F
:10BF90008CB580618CBD8CB580648CBD61E084E320
:10BFA0000E94F21561E083E30E94F2158091DE08A1
:10BFB0008F5F8093DE081FBF0E944D1762E370E021
:10BFC00080E090E00E948D166EE683E09DE00E9486
:10BFD0001217182F6BEC7FE184E29CE00E94CF13D4
:10BFE000412F50E070E060E020E184E29CE00E949C
:10BFF000222160EE72E084E29CE00E941321115045
:10C0000067E77FE11E3F10F46AEA7FE184E29CE08B
:10C010000E94A4230E947B1E0E94691DA89562E0D5
:10C0200082E00E94F21561E089E00E94F21562E070
:10C0300083E00E94F21561E08AE00E94F21562E05E
:10C040008CE00E94F21561E088E00E94F21562E047
:10C0500084E00E94F21560E089E00E94C01560E073
:10C060008AE00E94C015BE01605D7F4FCE01C4967C
:10C070000E9486206B017C0120E030E0A9010E9433
:10C08000577887FD55C3A7019601C701B6010E94E5
:10C090005C7881114DC3C0923409D0923509E09289
:10C0A0003609F092370966E472E084E090E00E947D
:10C0B0005E2064E471E284E29CE00E94CF13409130
:10C0C000460250914702609148027091490222E075
:10C0D00030E084E29CE00E94D922C0904602D090D9
:10C0E0004702E0904802F0904902A7019601C7017B
:10C0F000B6010E945C78811114C02DEC3CEC4CEC34
:10C100005DE3C701B6010E94A97587FD0AC020E062
:10C1100030E040E251E4C701B6010E94577818169A
:10C1200094F480E090E0A0E8BFE38093460290930F
:10C130004702A0934802B093490266E472E084E0AB
:10C1400090E00E946F3178E2E72E72E0F72EE1E393
:10C15000CE2EE6E0DE2E08E010E0C8010E9484202A
:10C16000882309F44BC3D7018C930F5F1F4FBFEF98
:10C17000EB1AFB0AEFEFCE1ADE0A0C31110569F754
:10C1800010923B026EE271E284E29CE00E94CF13C7
:10C1900068E272E084E29CE00E94382358E1E52ED8
:10C1A00052E0F52E6CE2C62E66E0D62EC8010E9443
:10C1B0008420882309F425C3D7018C930F5F1F4F78
:10C1C000BFEFEB1AFB0AEFEFCE1ADE0A0C321105B5
:10C1D00069F7109227026CE472E08CE290E00E9412
:10C1E0005E206DE171E284E29CE00E94CF134091F9
:10C1F0004C0250914D0260914E0270914F0222E02C
:10C2000030E084E29CE00E94D922C0904C02D090A1
:10C210004D02E0904E02F0904F02A7019601C70137
:10C22000B6010E945C78811114C020E030E040E843
:10C230005FE3C701B6010E94A97587FD0AC020E02F
:10C2400030E44CE156E4C701B6010E945778181655
:10C2500094F480E090E0A8E4B2E480934C029093E0
:10C260004D02A0934E02B0934F026CE472E08CE258
:10C2700090E00E946F3168E072E080E390E00E94FD
:10C2800038208091080281110CC06FE376E088E0CD
:10C2900092E00E94C47A68E072E080E390E00E943D
:10C2A000D3306FE071E284E29CE00E94A423C12CB1
:10C2B000D12C760104E410E0BE016F5F7F4FC8010E
:10C2C0000E94B61F8981882309F49EC269E071E249
:10C2D00084E29CE00E94CF13C701B6010E946E2148
:10C2E00062E071E284E29CE00E94CF13BE016F5FC6
:10C2F0007F4F84E29CE00E9436246AEF70E284E281
:10C300009CE00E94CF13BE01605F7F4F84E29CE0FF
:10C310000E9436246FEE70E284E29CE00E94CF130C
:10C3200048A159A16AA17BA122E030E084E29CE00F
:10C330000E94D9220D5D1F4FFFEFCF1ADF0AEF0ACF
:10C34000FF0A0A3127E0120709F0B6CF6CE372E06A
:10C3500080E490E00E945E20C0903C02D0903D02BC
:10C36000E0903E02F0903F02A7019601C701B6019E
:10C370000E945C78811113C020E030E0A901C70160
:10C38000B6010E94A97587FD0AC020E030E048ECA4
:10C3900052E4C701B6010E945778181674F410923F
:10C3A0003C0210923D0210923E0210923F026CE35A
:10C3B00072E080E490E00E946F316DED7FE184E2F5
:10C3C0009CE00E94CF1340913C0250913D0260914D
:10C3D0003E0270913F0223E030E084E29CE00E9444
:10C3E000D9228CE197E00E94842091E0813009F00D
:10C3F00090E09093740980917409811104C0809138
:10C400007309882331F068E870E284E29CE00E94BE
:10C41000A4238DE197E00E94842091E0813019F0FF
:10C420008F3F09F090E0909351028BED97E00E94CE
:10C43000842091E0813009F090E090935E090E94A1
:10C44000D81DBE016C5D7F4F8CED97E00E945E2091
:10C45000CCA0DDA0EEA0FFA0A7019601C701B60108
:10C460000E945C788111E1C120E030E0A901C701A0
:10C47000B6010E94A97587FDD8C120E030E543ECE4
:10C4800057E4C701B6010E94577818160CF4CDC1C5
:10C49000C0926202D0926302E0926402F09265025E
:10C4A0006AE670E284E29CE00E94CF13409162024F
:10C4B00050916302609164027091650222E030E065
:10C4C00084E29CE00E94D922809151026EE370E2E6
:10C4D000811102C067EF7FE184E29CE00E94A42307
:10C4E0003FEDE32E38E0F32E0EE117E0C8010E9485
:10C4F000D076D7018D937D010F5F1F4F0B35B7E0CD
:10C500001B07A1F78091DF088F5F823008F095C18B
:10C510001092DF0863ED7CE0CE0184960E946D27C7
:10C52000BE016C5D7F4FCE018A960E944926BE01F6
:10C53000665D7F4F89ED9CE00E946125CE018A9661
:10C540000E94AC25CE0184960E94AC2584E79DE133
:10C55000909353028093520280916A008C7F826094
:10C5600080936A00EC9A87E596E190935502809358
:10C57000540280916A00837F886080936A00ED9AFC
:10C5800060E082E00E943E1E61E671E282E89DE08A
:10C590000E94CF1361E087E00E943E1E69E571E2D0
:10C5A00082E89DE00E94CF1322242A94322CA89581
:10C5B0000E94BF1600917D0910917E0920917F098C
:10C5C00030918009601B710B820B930B60327F4BA3
:10C5D00082409105F0F00E94BF1660937D09709330
:10C5E0007E0980937F099093800980917C09811155
:10C5F00010C080917B0981110CC080917A09811152
:10C6000008C080917909811104C00E947B1E0E949C
:10C61000691D0E94EF3E0E94BF160091750910919E
:10C6200076092091770930917809601B710B820B94
:10C63000930B603375478105910548F167E771E217
:10C6400084E29CE00E94CF136091450270E090E08C
:10C6500080E00E946E216AE384E29CE00E94BA13AB
:10C660006091440270E090E080E00E946E2160EEF4
:10C6700072E084E29CE00E9413210E94BF16609346
:10C680007509709376098093770990937809809162
:10C690007409811104C080917309882321F060E03E
:10C6A00089E00E94C015809172098823F9F00E94E8
:10C6B000BF1600916E0910916F0920917009309199
:10C6C0007109601B710B820B930B613375478105F8
:10C6D000910560F060E08AE00E94C0151092720936
:10C6E0006EE076E284E29CE00E94A4230E94BF16E2
:10C6F00000916A0910916B0920916C0930916D09C4
:10C70000601B710B820B930B603E73498440910553
:10C7100028F080917C09882309F4ACC00E94E14490
:10C7200080917A09882309F4FEC00E9400153FCF4A
:10C73000BE01665D7F4F90E080E00E945E20CAA44B
:10C74000DBA4ECA4FDA4A7019601C701B6010E94D9
:10C750005C7881114AC020E030E0A901C701B60130
:10C760000E94577887FD41C020E23CEB4EEB5CE431
:10C77000C701B6010E94A97587FF37C0C09234096E
:10C78000D0923509E0923609F0923709B701A60137
:10C79000CE0101960E94AF266EE577E0CE01849629
:10C7A0000E947627BE016F5F7F4FCE0184960E9464
:10C7B00022266FE777E00E940826BC0184E29CE015
:10C7C0000E949023CE0184960E94AC25CE01019652
:10C7D0000E94AC2560913409709135098091360929
:10C7E000909137090E9459325ECC10923409109210
:10C7F00035091092360910923709ECCFF601808185
:10C80000B2CCF6018081D8CC69EE70E284E29CE083
:10C810000E94CF13C701B6010E946E2161EE70E243
:10C8200084E29CE00E94A42385CDC12C40E8D42E54
:10C830004BE3E42E45E4F42E2BCE10921B096FED52
:10C8400078E0CE018A960E947627BE01665D7F4F12
:10C85000CE0184960E944926BE016C5D7F4F89ED12
:10C860009CE00E946125CE0184960E94AC25CE01F9
:10C870008A966ACE0E94C43260E089E00E94C015A8
:10C880000E94701E60E080E00E943E1E61E076E241
:10C8900082E89DE00E94CF1361E080E00E943E1E8E
:10C8A00061EF75E282E89DE00E94CF1361E088E0CD
:10C8B0000E94C01568EC70E080E090E00E948D1648
:10C8C00060E088E00E94C01568EE73E080E090E0D0
:10C8D0000E948D160E94701E1092660910926709C0
:10C8E0001092680910926909109262091092630906
:10C8F000109264091092650905E010E0A89564E6BD
:10C9000070E080E090E00E948D1601501109B1F7AF
:10C9100088E198E00FB6F894A895809360000FBE68
:10C9200090936000FFCF809179098111FECE8091B4
:10C9300061098111FACE8091510281110E94682A09
:10C94000809160098111E8C480917B09882309F4F2
:10C9500035C28091320990913309029709F0EAC0FB
:10C960000E94BF1600911C0910911D0920911E09FB
:10C9700030911F09601B710B820B930B613F79444F
:10C980008240910508F4D6C08CEA97E00E94E52623
:10C990008CE00E949415892B09F0B9C480917C0920
:10C9A00081115AC480917B09811156C4609162093A
:10C9B00070916309809164099091650920E030E0ED
:10C9C00048E452E40E94577887FD46C40E94BF168F
:10C9D00060936A0970936B0980936C0990936D0959
:10C9E00065EE74E284E29CE00E94A42361E08AE0A8
:10C9F0000E94C01561E088E00E94C01568EC70E0FC
:10CA000080E090E00E948D1660E088E00E94C015F2
:10CA10006091620970916309809164099091650940
:10CA20006093560970935709809358099093590958
:10CA300020914C0230914D0240914E0250914F0294
:10CA40000E94B677609352097093530980935409FA
:10CA5000909355090E94701E60E080E00E943E1E87
:10CA60006DED74E282E89DE00E94CF13409152097F
:10CA700050915309609154097091550922E030E0BA
:10CA800082E89DE00E94ED221092620910926309F3
:10CA90001092640910926509109266091092670954
:10CAA00010926809109269090E94BA3281E080935D
:10CAB0007C090E946D3F10927C0960E08AE00E9430
:10CAC000C0150E94701E0E94C43210926609109216
:10CAD0006709109268091092690910926209109210
:10CAE0006309109264091092650910925609109218
:10CAF0005709109258091092590910924E09109234
:10CB00004F09109250091092510910925209109237
:10CB10005309109254091092550910924A09109223
:10CB20004B0910924C0910924D091092490910922C
:10CB30004809FBCD0E947C5A182F882309F428CF7E
:10CB400061E088E00E94C01560E570E080E090E060
:10CB50000E948D1660E088E00E94C0158091320925
:10CB600090913309123431F4029709F411CF89EB13
:10CB700097E00CCF009709F083C01A3211F560914D
:10CB8000EF0C7091F00C6115710531F06150710975
:10CB90008BEE9CE00E94FE1E61E087E00E943E1E3C
:10CBA0006CEC71E282E89DE00E94CF1361E087E0C7
:10CBB0000E943E1E6BEE7CE082E89DE00E94C11365
:10CBC000E7CE133209F04AC08091EF0C9091F00C3F
:10CBD0000A97D9F062E080E00E943E1E67E172E2AF
:10CBE00082E89DE00E94CF1360EB74E080E090E06B
:10CBF0000E948D1662E080E00E943E1E62E072E2BA
:10CC000082E89DE00E94CF13C3CEE1E0F0E0F09314
:10CC10003309E093320962EE72E085EE9CE00E94F7
:10CC2000A5260E94701E60E080E00E943E1E64EF18
:10CC300071E282E89DE00E94CF1361E080E00E94F3
:10CC40003E1E68EE71E282E89DE00E94CF1363E031
:10CC500080E00E943E1E67ED71E2D2CF80ED810F31
:10CC60008A3008F099CF8091EF0C9091F00C0A97E0
:10CC700008F092CF612F8BEE9CE00E9435268CCF7E
:10CC8000019709F085CE1A32F1F46091E90C7091A8
:10CC9000EA0C6115710531F06150710985EE9CE077
:10CCA0000E94FE1E61E08BE00E943E1E6BE771E277
:10CCB00082E89DE00E94CF1361E08BE00E943E1E5F
:10CCC00065EE7CE079CF133209F066C085EE9CE01A
:10CCD0000E9486246B017C0120E030E048E452E4AD
:10CCE0000E94A97587FF17C062E080E00E943E1E87
:10CCF0006AEB71E282E89DE00E94CF1360EB74E082
:10CD000080E090E00E948D1662E080E00E943E1E6E
:10CD100065EA71E275CF82E090E0909333098093E9
:10CD200032090E94BF1660931C0970931D098093FD
:10CD30001E0990931F096AE971E284E29CE00E9457
:10CD4000CF136BEE7CE084E29CE00E94C1136AEC9E
:10CD500074E084E29CE00E94362422E030E0B701D7
:10CD6000A60184E29CE00E94D9220E94701E60E02D
:10CD700080E00E943E1E6AE871E282E89DE00E9427
:10CD8000CF1361E080E00E943E1E63E871E282E81A
:10CD90009DE00E94CF130ECF80ED810F8A3008F006
:10CDA00081CF8091E90C9091EA0C079708F07ACF37
:10CDB000612F85EE9CE00E94352674CF80915F093B
:10CDC000882309F4A2C0C0902809D0902909E090D6
:10CDD0002A09F0902B09C114D104E104F10459F09F
:10CDE0000E94BF166C197D098E099F0961347E4728
:10CDF0008540910528F198E8892E93E1992EA12C80
:10CE0000B12C0E94BF160091240910912509209190
:10CE10002609309127096B017C01C01AD10AE20A68
:10CE2000F30AC814D904EA04FB0488F010925F09DD
:10CE300041E06AE372E28DE492E20E943824A8CDD8
:10CE400088EA882E81E6982EA12CB12CDACF0E9498
:10CE5000BF160091200910912109209122093091DB
:10CE60002309601B710B820B930B643F714081059A
:10CE7000910508F48DCD0E94BF1660932009709330
:10CE8000210980932209909323090E94BF16609381
:10CE90006A0970936B0980936C0990936D09C701BF
:10CEA000B60124EF31E040E050E00E941877022FF5
:10CEB000037061E08DE00E943E1E10E06EE21017EC
:10CEC00008F060E282E89DE00E94BA131F5F133011
:10CED000A9F763E080E00E943E1E60E372E282E810
:10CEE0009DE00E94CF13C701B60128EE33E040E079
:10CEF00050E00E941877BA01A9012AE082E89DE07B
:10CF00000E9422216CE272E27BCE80917C09811129
:10CF10003FCD80917409811107C08091730912E09F
:10CF2000811103C010E005C011E060E089E00E94BB
:10CF3000C01580915002811709F467C01093500208
:10CF40000E94701E113009F04DC061E080E00E9427
:10CF50003E1E6FED75E282E89DE00E94CF1362E015
:10CF600080E00E943E1E6FEC75E282E89DE00E9428
:10CF7000CF130E94BF1600915A0910915B092091AE
:10CF80005C0930915D09601B710B820B930B603D56
:10CF900077408105910508F4FBCC0E94BF16609391
:10CFA0005A0970935B0980935C0990935D096091C5
:10CFB00066097091670980916809909169090E94DA
:10CFC000AE756B017C0162E872E284E29CE00E9433
:10CFD000CF1322E030E0B701A60184E29CE00E947A
:10CFE000D922D6CC123089F461E080E00E943E1E46
:10CFF00063EC75E282E89DE00E94CF1362E080E07E
:10D000000E943E1E66EB75E2B0CF1111B2CF0E94B6
:10D01000BF1600912E0910912F09209130093091EF
:10D020003109601B710B820B930B683572408105CF
:10D03000910508F44EC00E94BF1660936A09709370
:10D040006B0980936C0990936D0960E080E00E9409
:10D050003E1E6CE577E082E89DE00E943624C09099
:10D06000DD0CD090DE0C10E000E080912C09909156
:10D070002D09800F911FB6010E9461787C0160E04C
:10D08000802F0E943E1EB70189ED9CE00E94A713ED
:10D09000DC016C9182E89DE00E94BA130F5F1F4F84
:10D0A0000431110511F780912C0990912D090196F9
:10D0B000B6010E94617890932D0980932C090E94FB
:10D0C000BF1660932E0970932F09809330099093B7
:10D0D000310961E089E00E94C01510915E091123B9
:10D0E00071F011E08091660990916709A09168093B
:10D0F000B0916909892B8A2B8B2B09F010E061E034
:10D1000080E00E943E1E80915102882309F488C06D
:10D11000112309F478C061EA75E282E89DE00E947B
:10D12000CF1362E080E00E943E1E6CE875E282E868
:10D130009DE00E94CF1363E080E00E943E1E62E00B
:10D1400075E282E89DE00E94CF13409166095091FC
:10D15000670960916809709169092AE082E89DE099
:10D160000E9422216EEF74E282E89DE00E94CF13BC
:10D1700080915E09882309F4FCCE80916609909124
:10D180006709A0916809B0916909892B8A2B8B2BBB
:10D1900009F0EFCE0E947C5A833409F0EACE81E098
:10D1A00080937B09109233091092320962EE72E08B
:10D1B0008BEE9CE00E94A52662EE72E085EE9CE07C
:10D1C0000E94A52660E089E00E94C0150E94701EA2
:10D1D00060E080E00E943E1E64E772E282E89DE02B
:10D1E0000E94CF1361E080E00E943E1E6CE672E276
:10D1F00082E89DE00E94CF1363E080E00E943E1E23
:10D2000069E572E2B2CE67E775E282E89DE00E94CE
:10D21000CF1362E080E00E943E1E62E675E287CF97
:10D22000112369F06DE475E282E89DE00E94CF135E
:10D2300062E080E00E943E1E68E375E278CF63E220
:10D2400075E282E89DE00E94CF1362E080E00E94D8
:10D250003E1E6EE075E26BCF6091660970916709C2
:10D2600080916809909169096115710581059105A1
:10D2700009F44DC00E94AE7520E030E048E452E46D
:10D280000E94A97587FF43C00E94BF1660936A0978
:10D2900070936B0980936C0990936D090E94701EC6
:10D2A00060E080E00E943E1E60ED74E282E89DE056
:10D2B0000E94CF1361E080E00E943E1E6AEC74E29F
:10D2C00082E89DE00E94CF13409166095091670962
:10D2D00060916809709169092AE082E89DE00E94E6
:10D2E000222161E088E00E94C01568EC70E080E0D7
:10D2F00090E00E948D1660E088E00E94C01568EE04
:10D3000073E080E090E00E948D160E94701E809174
:10D310006009882309F409CA0E947C5A182F8823BF
:10D3200009F4C3C00E94BF1660936A0970936B0929
:10D3300080936C0990936D090E94BF166093440915
:10D3400070934509809346099093470961E088E00E
:10D350000E94C01564E670E080E090E00E948D16A7
:10D3600060E088E00E94C015123431F51092600927
:10D37000109243091092420930924B0220924A02C5
:10D380000E94BF1660934409709345098093460933
:10D39000909347090E94701E60E080E00E943E1E4C
:10D3A00069EB74E282E89DE00E94CF1368EE73E0BF
:10D3B00080E090E00E948D1680914309882309F453
:10D3C0004DC0113409F071C01092430981E080937F
:10D3D000420962EE72E08FED9CE00E94A5260E9459
:10D3E000BF1660933E0970933F0980934009909364
:10D3F00041090E94BF1660934409709345098093C8
:10D400004609909347090E94701E60E080E00E94E8
:10D410003E1E69EA74E282E89DE00E94CF1361E05B
:10D4200080E00E943E1E67EA74E282E89DE00E946E
:10D43000CF1362E080E00E943E1E63E974E282E85E
:10D440009DE00E94CF1363E080E00E943E1E63E8EF
:10D4500074E282E89DE00E94CF1327C0123409F0E5
:10D46000E2C0109260091092420930924B02209261
:10D470004A020E94BF166093440970934509809345
:10D480004609909347090E94701E60E080E00E9468
:10D490003E1E62E774E282E89DE00E94CF1368EED0
:10D4A00073E080E090E00E948D168091420988230D
:10D4B00009F46BC00E94BF1600913E0910913F090C
:10D4C0002091400930914109601B710B820B930B35
:10D4D000603375478105910508F457C00E94701E9E
:10D4E00061E673E282E89DE00E94CF1360EB74E096
:10D4F00080E090E00E948D161092420981E08093B6
:10D50000430962EE72E08FED9CE00E94A5260E9426
:10D51000BF16609344097093450980934609909320
:10D5200047090E94701E60E080E00E943E1E6AE58E
:10D5300073E282E89DE00E94CF1363EA79E082E81B
:10D540009DE00E94362461E080E00E943E1E6EE471
:10D5500073E282E89DE00E94CF134091B30950919D
:10D56000B4096091B5097091B60922E030E082E813
:10D570009DE00E94ED2263E080E00E943E1E69E390
:10D5800073E282E89DE00E94CF13809160098823B6
:10D5900009F4CBC80E94BF160091440910914509B7
:10D5A0002091460930914709601B710B820B930B48
:10D5B000683873418105910508F4B7C81092600975
:10D5C000109243091092420930924B0220924A0273
:10D5D00062EE72E08FED9CE00E94A5260E94701E14
:10D5E00060E080E00E943E1E6CE273E282E89DE013
:10D5F0000E94CF1361E080E00E943E1E6DE173E265
:10D6000082E89DE00E94CF1361E088E00E94C0158F
:10D6100064EF71E080E090E00E948D1660E088E0A9
:10D620000E94C01582C880914209882309F4ADCFB9
:10D63000133209F00CC58FED9CE00E94912480917B
:10D64000E30C9091E40C892B09F062C061E088E062
:10D650000E94C01564E670E080E090E00E948D16A4
:10D6600060E088E00E94C0150E94701E65E674E2CA
:10D6700082E89DE00E94CF1360EB74E080E090E0D0
:10D680000E948D161092420981E08093430962EE58
:10D6900072E08FED9CE00E94A5260E94BF16609369
:10D6A00044097093450980934609909347090E9465
:10D6B000701E60E080E00E943E1E6EE574E282E82B
:10D6C0009DE00E94CF1363EA79E082E89DE00E942A
:10D6D000362461E080E00E943E1E62E574E282E84A
:10D6E0009DE00E94CF134091B3095091B40960911D
:10D6F000B5097091B60922E030E082E89DE00E9411
:10D70000ED2263E080E00E943E1E6DE374E2A1CE54
:10D710008FED9CE00E9486246B017C0120E030E0CC
:10D7200048E452E40E94A97587FF2DC061E088E0BB
:10D730000E94C01564E670E080E090E00E948D16C3
:10D7400060E088E00E94C0150E94701E6BE274E2E7
:10D7500082E89DE00E94CF1360EB74E080E090E0EF
:10D760000E948D1662EE72E08FED9CE00E94A5266D
:10D7700061E080E00E943E1E69E274E282E89DE082
:10D780000E94CF139AC0A70196016091B3097091CE
:10D79000B4098091B5099091B6090E94A97587FFD7
:10D7A00029C061E088E00E94C01564E670E080E076
:10D7B00090E00E948D1660E088E00E94C0150E94F3
:10D7C000701E69E174E282E89DE00E94CF1360EB75
:10D7D00074E080E090E00E948D1662EE72E08FEDC2
:10D7E0009CE00E94A52661E080E00E943E1E67E169
:10D7F00074E2C4CF0E945D1FA70196010E94A97523
:10D8000087FF8BC00E945D1F6B017C0161E088E097
:10D810000E94C01564E670E080E090E00E948D16E2
:10D8200060E088E00E94C0150E94701E64E074E20F
:10D8300082E89DE00E94CF1361E080E00E943E1EDE
:10D8400020E030E048E452E4C701B6010E94577876
:10D8500087FD48C065EF73E282E89DE00E94CF1328
:10D86000C701B6010E942878AB01BC012AE082E81A
:10D870009DE00E94222164EC79E080E090E00E942B
:10D880008D160E94701E60E080E00E943E1E64EBD8
:10D8900073E282E89DE00E94CF1363E080E00E9483
:10D8A0003E1E64EA73E282E89DE00E94CF1362EEBE
:10D8B00072E08FED9CE00E94A5260E94BF16609347
:10D8C0003E0970933F0980934009909341090E945B
:10D8D000BF1660934409709345098093460990935D
:10D8E0004709E3CD66EE73E282E89DE00E94CF1324
:10D8F00062E080E00E943E1E65ED73E282E89DE0FA
:10D900000E94CF1363E080E00E943E1E64EC73E24D
:10D9100082E89DE00E94CF13AECF10924209209181
:10D920004C0230914D0240914E0250914F02C7017E
:10D93000B6010E94B67760935209709353098093A1
:10D94000540990935509C0925609D0925709E09214
:10D950005809F09259090E94701E60E080E00E9410
:10D960003E1E6CE973E282E89DE00E94CF13409175
:10D97000520950915309609154097091550922E060
:10D9800030E082E89DE00E94ED2261E080E00E94AC
:10D990003E1E62E973E282E89DE00E94CF1360EBD5
:10D9A00074E080E090E00E948D1681E080937C0915
:10D9B0008091740981115AC280917309811156C2F4
:10D9C00060E089E00E94C01510923D090E94701E1F
:10D9D00060E080E00E943E1E6DE073E282E89DE020
:10D9E0000E94CF1361E08AE00E94C01510924E0998
:10D9F00010924F09109250091092510910924A0941
:10DA000010924B0910924C0910924D09109249093D
:10DA1000109248090E94BF166093390970933A0921
:10DA200080933B0990933C0980904C0290904D026A
:10DA3000A0904E02B0904F02809146029091470212
:10DA4000A0914802B09149028EAB9FABA8AFB9AF8D
:10DA5000E0905609F0905709009158091091590922
:10DA60002091520930915309409154095091550920
:10DA700060E070E0CB010E94EF2210E0A8950E94C8
:10DA8000EF3E0E94BF16C0903909D0903A09E0904D
:10DA90003B09F0903C096C197D098E099F09683E8D
:10DAA00073408105910550F30E949E1360914809CF
:10DAB00070914909072E000C880B990B0E94B075D4
:10DAC0002EA93FA948AD59AD0E94B67720E030E0BD
:10DAD00040E752E40E94B67720914A0930914B0901
:10DAE00040914C0950914D090E944A776B017C018D
:10DAF000C0924A09D0924B09E0924C09F0924D092C
:10DB0000C0924E09D0924F09E0925009F09251090B
:10DB1000AC019B01C501B4010E940F766AAF7BAFD7
:10DB20008CAF9DAF8091480990914909892B71F480
:10DB3000209152093091530940915409509155094F
:10DB4000C701B6010E94A97587FDF8C11092380976
:10DB5000B1E0B0934502B09344021092490910928B
:10DB600048090E94BF166093390970933A0980935F
:10DB70003B0990933C09E7E5F6E1F0935502E09309
:10DB8000540280916A00837F886080936A00ED9AD6
:10DB9000112309F4E0C1E0905609F0905709009173
:10DBA0005809109159092091520930915309409117
:10DBB00054095091550960914E0970914F09809117
:10DBC0005009909151090E94EF2210E040904E09B7
:10DBD00050904F0960905009709051092091400277
:10DBE000309141024091420250914302C301B2017F
:10DBF0000E9449776B017C0120E030E0A9010E947E
:10DC0000577818160CF0A9C12AE037ED43E25CE31F
:10DC1000C701B6010E94577887FFAAC12091520917
:10DC2000309153094091540950915509C301B201F3
:10DC30000E94577887FF9CC140904E0950904F0931
:10DC40006090500970905109C0905209D0905309CA
:10DC5000E0905409F090550980913D09811119C057
:10DC600020913C0230913D0240913E0250913F0292
:10DC7000C701B6010E944977A30192010E94A975CC
:10DC800018163CF0F1E0F0933D0960E08AE00E9454
:10DC9000C015A3019201C701B6010E94A97518160B
:10DCA0000CF4ECCE60E08AE00E94C015A70196015A
:10DCB000C501B4010E940F764B015C01AC019B01D0
:10DCC0006091B3097091B4098091B5099091B6093A
:10DCD0000E9449776093B3097093B4098093B509A2
:10DCE0009093B609A50194016091340970913509AA
:10DCF00080913609909137090E944A7760933409E0
:10DD00007093350980933609909337090E94E51D79
:10DD100081111BC08091B2098634B9F484E999E07D
:10DD20000E94381F7C0197FFD0C1E7EBF9E0F12C8E
:10DD3000E12C8081882309F4B1C12FEFE21AF20AA5
:10DD4000739648E1E416F104A1F720914A0230915C
:10DD50004B0283E2E4E9F9E0DE01119601900D92B5
:10DD60008A95E1F7F3E2F29FC001F39F900D112431
:10DD7000BE016F5F7F4F8C5B9F4F0E94342A0E94D1
:10DD8000BA32C0905209D0905309E0905409F090F3
:10DD900055096BE872E284E29CE00E94CF1364E9CB
:10DDA00079E084E29CE00E9436246AE384E29CE00D
:10DDB0000E94BA1322E030E0B501A40184E29CE0A5
:10DDC0000E94ED226AE384E29CE00E94BA1323E001
:10DDD00030E0B701A60184E29CE00E94ED226AE3F4
:10DDE00084E29CE00E94BA1340914C0250914D0293
:10DDF00060914E0270914F0222E030E084E29CE09C
:10DE00000E94D92210923D090E949E1387E596E157
:10DE1000909355028093540280916A00837F8860BA
:10DE200080936A00ED9A60E08AE00E94C01560E08D
:10DE300089E00E94C0150E94701E60E085E00E948B
:10DE40003E1E61EA72E282E89DE00E94CF1361E02B
:10DE500084E00E943E1E65E972E282E89DE00E9435
:10DE6000CF1368EE73E080E090E01FC00E94701E48
:10DE700060E080E00E943E1E80917409882309F4CE
:10DE800050C06BEF72E282E89DE00E94CF1361E028
:10DE900080E00E943E1E6BEE72E282E89DE00E94EE
:10DEA000CF1364EC79E080E090E00E948D16109230
:10DEB0007C090E94701E60E080E00E943E1E6BE8BC
:10DEC00073E282E89DE00E94CF1363EA79E082E882
:10DED0009DE00E94362461E080E00E943E1E6FE7D4
:10DEE00073E282E89DE00E94CF134091B309509104
:10DEF000B4096091B5097091B60922E030E082E87A
:10DF00009DE00E94ED2268EB7BE080E090E00E94C3
:10DF10008D161092600930924B0220924A020C94A6
:10DF200063656FED72E282E89DE00E94CF1361E0CD
:10DF300080E00E943E1E62ED72E2AFCF8091380910
:10DF40008F5F80933809883008F407CE109245021D
:10DF50001092440202CE11E039CE2AE037ED43E2BE
:10DF60005CEBC701B6010E94A97518160CF456CED9
:10DF70000E94701E60E080E00E943E1E67EC72E22C
:10DF800082E89DE00E94CF134091560950915709B5
:10DF9000609158097091590922E030E082E89DE0D3
:10DFA0000E94ED2261E080E00E943E1E68EB72E27A
:10DFB00082E89DE00E94CF1340915209509153098D
:10DFC000609154097091550922E030E082E89DE0AB
:10DFD0000E94ED2262E085E00E943E1E62EB72E24A
:10DFE00082E89DE00E94CF1340914E0950914F0965
:10DFF000609150097091510922E030E082E89DE083
:10E000000E94ED2263E085E00E943E1E6DEA72E20E
:10E0100082E89DE00E94CF1322E030E04AAD5BAD84
:10E020006CAD7DAD82E89DE00E94ED2280914E09AD
:10E0300090914F09A0915009B091510980934002ED
:10E0400090934102A0934202B0934302F5CD1A325D
:10E0500069F462EE72E08FED9CE00E94A52661E01B
:10E0600080E00E943E1E6EE673E288CB812F012E77
:10E07000000C990BC0970A9708F01CCA612F8FED0E
:10E080009CE00E94352661E080E00E943E1E6FED1C
:10E090007CE082E89DE00E94C1130FCCE3E1EE9D9D
:10E0A0008001EF9D100D11240954164F4EE050E0F1
:10E0B00064E979E0C8010E94D97AD8011E961C92C1
:10E0C000F8011786108A118A128A83E18E9D8001D9
:10E0D0008F9D100D11240954164FA5019401D801EC
:10E0E0001F966D917D918D919C9152970E944A77D8
:10E0F000F8016787708B818B928B27CE8DEC9CE02B
:10E100000E94AC2583ED9CE00E94AC2589ED9CE04B
:10E110000E94AC258FED9CE00E94AC2585EE9CE032
:10E120000E94AC258BEE9CE00E94AC2581EF9CE028
:10E130000E94AC2587EF9CE00E94AC258DEF9CE00F
:10E140000C94AC25EF920F931F93CF93DF93E801CC
:10E1500034E047FD34E1042E000C550B57FF03C09B
:10E16000519541955109E32E022F242FAE010E94B3
:10E17000C971CE01DF91CF911F910F91EF9008955A
:10E180008F929F92AF92BF92CF92DF92EF92FF92C7
:10E19000CF93DF93EC01688179818A819B8161153E
:10E1A00071058105910521F464E279ED8BE597E035
:10E1B0002DE133EF41E050E00E94E67649015A013B
:10E1C0009B01AC01A7EAB1E40E9405776B017C01D9
:10E1D000ACEEB4EFA50194010E941377C60ED71ED2
:10E1E000E81EF91EF7FE06C081E0C81AD108E10852
:10E1F00080E8F80AC882D982EA82FB82C701B601A8
:10E200009F77DF91CF91FF90EF90DF90CF90BF90FD
:10E21000AF909F908F9008958F929F92AF92BF92F0
:10E22000CF92DF92EF92FF9260917E0270917F0217
:10E23000809180029091810261157105810591059F
:10E2400021F464E279ED8BE597E02DE133EF41E0D5
:10E2500050E00E94E67649015A019B01AC01A7EA11
:10E26000B1E40E9405776B017C01ACEEB4EFA5012F
:10E2700094010E941377C60ED71EE81EF91EF7FE02
:10E2800006C081E0C81AD108E10880E8F80AC09207
:10E290007E02D0927F02E0928002F0928102C7015A
:10E2A000B6019F77FF90EF90DF90CF90BF90AF9037
:10E2B0009F908F90089560937E0270937F02809369
:10E2C0008002909381020895662777270C94427309
:10E2D0001F93FC0199278827BC01E8941191103203
:10E2E000E9F3193010F01E30C8F31B3251F01D3223
:10E2F00049F4689406C00E949A71610F711D811DD6
:10E30000911D119110531A30B0F33EF49095809501
:10E31000709561957F4F8F4F9F4F1F910895BB2739
:10E320004A3031F4992322F4BDE2909581959F4FB4
:10E330000C94B071592F482F372F262F660F771F57
:10E34000881F991F660F771F881F991F620F731F01
:10E35000841F951F660F771F881F991F0895BB277D
:10E36000FB015527AA27880F991FAA1FA41710F091
:10E37000A41B83955051B9F7A05DAA3308F0A95D9D
:10E38000A193009779F7B111B1931192CB010C943D
:10E3900099758F929F92AF92BF92CF92DF92EF9238
:10E3A000FF920F931F93CF93DF9300D000D000D044
:10E3B000CDB7DEB76A01F22EB02E102FFBE3AF2EE1
:10E3C000A01608F41BE31F5F012F27E0AE014F5F8B
:10E3D0005F4F0E94A074BC018981982F9970913081
:10E3E00009F44EC09BE2E1FC04C09E2D9170E0FC5C
:10E3F00049C05E2D5071E82FE87083FF55C084E05E
:10E40000911101C083E0EF2DE81B8F1508F0E0E0CB
:10E41000D6018E2F20E25523C9F1992329F0D60188
:10E420009C93C60101966C0196012D5F3F4FE2FE61
:10E4300033C08EE4D6018C9391E411969C9311978E
:10E4400012968C93D9018E2F90E281112AC0E20F8F
:10E45000F32FF11D10828EEF9FEF29960FB6F894DF
:10E46000DEBF0FBECDBFDF91CF911F910F91FF9007
:10E47000EF90DF90CF90BF90AF909F908F900895D6
:10E480009DE2B7CF90E2B5CF2D9381508111FCCFA3
:10E49000CE0ED11CE0E0C1CF8EE6D6018C9391E682
:10E4A000CCCF9D938150D1CF482F447082FF3DC087
:10E4B00084E0911101C083E08F1510F4EF2DE81B6B
:10E4C000D6018E2F20E2552309F1992329F0D60198
:10E4D0009C93C60101966C0196012D5F3F4FE2FEB1
:10E4E0001BC089E4D6018C938EE411968C9311970E
:10E4F00086E412968C93D9018E2F90E2882309F43A
:10E50000A6CF9D938150FACF2D9381508111FCCFDE
:10E51000CE0ED11CE0E0D9CF89E6D6018C938EE6F1
:10E5200011968C93119786E6E4CF9B0177FF02C08A
:10E5300030E020E0A1E0B0E0911102C0B0E0A0E046
:10E54000F9013196AE0FBF1F8B2C912CBB2009F423
:10E5500061C05401EFEFAE1ABE0AAA0DBB1DFA1638
:10E560001B0619F014F04F2D4A1B511188C0E3FC13
:10E5700059C07601A42FB0E2A1114FC0C40ED11C26
:10E58000992309F45BC040E0D6011196F60190830F
:10E590006D01552309F448C0012F060F9A81582FA9
:10E5A000507184FF03C0913309F4015010160CF030
:10E5B00047C0093008F008E0EEE2FE2E5B01A01A29
:10E5C000B10885019194819491082F3F320729F475
:10E5D000D601FC92F60131966F016217730794F130
:10E5E000021713077CF5DB01A21BB30BAA24A3942B
:10E5F000B12CAC0EBD1EAA0DBB1D11968C912150E5
:10E600003109D601119628153905F4F0F6018083F9
:10E610006D01DBCFB12CA12CA0CFF701B1937F010D
:10E62000A150AACF9111B0CFD601942F50E302C0D0
:10E630005D9391509111FCCFC40ED11C40E0ACCF42
:10E6400001E0BACF80E3DBCF6217730731F4963372
:10E6500088F4953311F4552369F0F6018083FD01A8
:10E66000842F90E2811108C0A40FB11D1C9290E08C
:10E6700080E0F3CE81E3F1CF91938150F3CF9111FC
:10E6800083CF8ACF8F929F92AF92BF92CF92DF9229
:10E69000EF92FF920F931F93CF93DF935C017B0167
:10E6A0006115710519F0DB018D939C9385010F5F56
:10E6B0001F4FF501D0818D2F90E00E9478756C017D
:10E6C000892BB9F5DD32B9F50F5F1F4FD5011196D2
:10E6D000DC91C1E05801F1E0AF1AB10843E050E02D
:10E6E00064EA71E0C5010E948175892B69F56801B2
:10E6F00082E0C80ED11C45E050E06FE971E0C60130
:10E700000E948175892B21F4680197E0C90ED11C04
:10E71000E114F10419F0D701CD92DC9260E070E0D1
:10E7200080E89FEFC111FFC060E070E080E89FE7E4
:10E73000FAC05801BBCFDB3229F485010E5F1F4FB1
:10E74000F501D181C0E0C6CF43E050E06CE971E053
:10E75000C5010E948175892BE9F0F80110E000E005
:10E7600020E030E0A9015F01B0ED8B2E8D0E89E035
:10E770008815C8F19C2E689491F88C2F8870C2FF80
:10E7800016C0811102C00F5F1F4F3196D501DC9179
:10E79000C92DE9CFE114F10429F00E5F1F4FF701F5
:10E7A0001183008360E070E080EC9FE7BCC08823A9
:10E7B00011F001501109A5E0B0E00E9405779B011E
:10E7C000AC01220F331F441F551F280D311D411D61
:10E7D000511D283999E93907490799E15907A8F2E4
:10E7E000C6609C2ED2CFAEEF8A1206C0C3FD3CC0DD
:10E7F0009C2E689493F8C9CFDF7DD534A9F580812C
:10E800008D3239F4C061DF011296818162E070E0DF
:10E8100006C0DF018B32C1F3119661E070E08053D6
:10E820005D01A61AB70A8A30F8F4E0E8CE16ECE0EB
:10E83000DE065CF4B601660F771F660F771FC60E03
:10E84000D71ECC0CDD1CC80ED11C5D01FFEFAF1A2A
:10E85000BF0A8C9180538A30A8F1C4FF03C0D194C1
:10E86000C194D1080C0D1D1DC1FF09C0E114F104B4
:10E8700031F081E0A81AB108D701AD92BC92CA016B
:10E88000B9010E94AE75C370C33009F490584B01B2
:10E890005C0120E030E0A9010E94A975882309F4F9
:10E8A00040C0C3EDD1E017FF05C0119501951109D6
:10E8B000CBEBD1E06E01B8E1CB1AD10880E2E82EB3
:10E8C000F12C0FC0D501B1CFFE01259135914591B5
:10E8D00054910E191F09C501B4010E940F764B0116
:10E8E0005C01D501C4010E151F0574F72497F5943A
:10E8F000E794CC16DD06A9F78A2F880F8B2F881F87
:10E900008F3F49F020E030E0A901C501B4010E9429
:10E91000A975811106C082E290E090938F0D8093DB
:10E920008E0DC501B401DF91CF911F910F91FF9022
:10E93000EF90DF90CF90BF90AF909F908F90089511
:10E94000283008F027E03327DA01990F311D87FDC1
:10E95000916000966105710539F432602E5F3D9338
:10E9600030E32A95E1F708959F3F30F08038710534
:10E97000610509F03C5F3C5F3D93913008F0806891
:10E98000911DDF93CF931F930F93FF92EF92192F57
:10E99000987F9695E92F96959695E90FFF27EF5C5E
:10E9A000FD4F99273327EE24FF24A701E7010590A7
:10E9B0000894079428F4360FE71EF81E491F511DCE
:10E9C000660F771F881F991F0694A1F7059007947B
:10E9D00028F4E70EF81E491F561FC11D770F881F28
:10E9E000991F661F0694A1F70590079428F4F80E66
:10E9F000491F561FC71FD11D880F991F661F771FFC
:10EA00000694A1F70590079420F4490F561FC71FDD
:10EA1000D81F990F661F771F881F0694A9F7849146
:10EA20001095177041F0D695C79557954795F7946F
:10EA3000E7941A95C1F7E7EDF1E068941590159108
:10EA400035916591959105907FE27395E118F10AF2
:10EA5000430B560BC90BD009C0F7E10CF11E431F45
:10EA6000561FC91FD01D7EF4703311F48A95E6CF6E
:10EA7000E894015030F0080F0AF40027021708F458
:10EA8000202F2395022F7A3328F079E37D932A955E
:10EA9000E9F710C07D932A9589F6069497956795B6
:10EAA000379517951794E118F10A430B560BC90BCC
:10EAB000D00998F023957E9173957A3308F070E32E
:10EAC0007C932013B8F77E9170617D9330F083952D
:10EAD00071E37D9370E32A95E1F71124EF90FF90A5
:10EAE0000F911F91CF91DF91992787FD9095089500
:10EAF00091110C947C76803219F089508550C8F7BA
:10EB00000895FB01DC014150504088F08D91813423
:10EB10001CF08B350CF4805E659161341CF06B3514
:10EB20000CF4605E861B611171F3990B0895881BCC
:10EB3000FCCFDC01FC01672F71917723E1F732975D
:10EB400004C07C916D9370836291AE17BF07C8F3C8
:10EB500008950E94EB7508F481E00895E89409C0D7
:10EB600097FB3EF490958095709561957F4F8F4F00
:10EB70009F4F9923A9F0F92F96E9BB279395F69516
:10EB8000879577956795B795F111F8CFFAF4BB0F94
:10EB900011F460FF1BC06F5F7F4F8F4F9F4F16C0F8
:10EBA000882311F096E911C0772321F09EE8872F82
:10EBB000762F05C0662371F096E8862F70E060E03E
:10EBC0002AF09A95660F771F881FDAF7880F9695B7
:10EBD000879597F90895990F0008550FAA0BE0E85B
:10EBE000FEEF16161706E807F907C0F0121613060F
:10EBF000E407F50798F0621B730B840B950B39F44F
:10EC00000A2661F0232B242B252B21F408950A26B4
:10EC100009F4A140A6958FEF811D811D08950E94E2
:10EC200022760C9496760E94887638F00E948F7631
:10EC300020F0952311F00C947F760C9485761124A6
:10EC40000C94CA760E94A77670F3959FC1F3950F36
:10EC500050E0551F629FF001729FBB27F00DB11D60
:10EC6000639FAA27F00DB11DAA1F649F6627B00DF0
:10EC7000A11D661F829F2227B00DA11D621F739FD9
:10EC8000B00DA11D621F839FA00D611D221F749FE7
:10EC90003327A00D611D231F849F600D211D822F2E
:10ECA000762F6A2F11249F5750409AF0F1F0882355
:10ECB0004AF0EE0FFF1FBB1F661F771F881F915082
:10ECC0005040A9F79E3F510580F00C947F760C943C
:10ECD000CA765F3FE4F3983ED4F3869577956795BF
:10ECE000B795F795E7959F5FC1F7FE2B880F911DAC
:10ECF0009695879597F9089599278827089597F904
:10ED00009F6780E870E060E008959FEF80EC0895D1
:10ED100000240A94161617061806090608950024FA
:10ED20000A9412161306140605060895092E039474
:10ED3000000C11F4882352F0BB0F40F4BF2B11F4E8
:10ED400060FF04C06F5F7F4F8F4F9F4F089557FD47
:10ED50009058440F551F59F05F3F71F04795880F49
:10ED600097FB991F61F09F3F79F0879508951216E0
:10ED700013061406551FF2CF4695F1DF08C016168C
:10ED800017061806991FF1CF86957105610508943D
:10ED90000895E894BB2766277727CB0197F9089554
:10EDA000F999FECF92BD81BDF89A992780B5089553
:10EDB000262FF999FECF1FBA92BD81BD20BD0FB697
:10EDC000F894FA9AF99A0FBE01960895052E97FBCA
:10EDD0001EF400940E94FD7657FD07D00E9418771C
:10EDE00007FC03D04EF40C94FD7650954095309579
:10EDF00021953F4F4F4F5F4F0895909580957095A7
:10EE000061957F4F8F4F9F4F08950E943A77A59F3E
:10EE1000900DB49F900DA49F800D911D1124089515
:10EE2000B7FF0C9405770E940577821B930B08951A
:10EE3000A1E21A2EAA1BBB1BFD010DC0AA1FBB1FFE
:10EE4000EE1FFF1FA217B307E407F50720F0A21B70
:10EE5000B30BE40BF50B661F771F881F991F1A94DD
:10EE600069F760957095809590959B01AC01BD0107
:10EE7000CF010895A29FB001B39FC001A39F700D61
:10EE8000811D1124911DB29F700D811D1124911DB2
:10EE900008955058BB27AA270E9461770C94967654
:10EEA0000E94887638F00E948F7620F039F49F3FD8
:10EEB00019F426F40C9485760EF4E095E7FB0C9497
:10EEC0007F76E92F0E94A77658F3BA176207730777
:10EED0008407950720F079F4A6F50C94C9760EF412
:10EEE000E0950B2EBA2FA02D0B01B90190010C015A
:10EEF000CA01A0011124FF27591B99F0593F50F472
:10EF0000503E68F11A16F040A22F232F342F4427C9
:10EF1000585FF3CF469537952795A795F0405395C1
:10EF2000C9F77EF41F16BA0B620B730B840BBAF091
:10EF30009150A1F0FF0FBB1F661F771F881FC2F7FC
:10EF40000EC0BA0F621F731F841F48F48795779510
:10EF50006795B795F7959E3F08F0B0CF9395880FCA
:10EF600008F09927EE0F9795879508950E94CA7724
:10EF70000C9496760E948F7658F00E94887640F026
:10EF800029F45F3F29F00C947F7651110C94CA76D6
:10EF90000C9485760E94A77668F39923B1F35523E4
:10EFA00091F3951B550BBB27AA276217730784079C
:10EFB00038F09F5F5F4F220F331F441FAA1FA9F332
:10EFC00035D00E2E3AF0E0E832D091505040E69520
:10EFD000001CCAF72BD0FE2F29D0660F771F881F81
:10EFE000BB1F261737074807AB07B0E809F0BB0B74
:10EFF000802DBF01FF2793585F4F3AF09E3F510588
:10F0000078F00C947F760C94CA765F3FE4F3983ED8
:10F01000D4F3869577956795B795F7959F5FC9F770
:10F02000880F911D9695879597F90895E1E0660FF1
:10F03000771F881FBB1F621773078407BA0720F06A
:10F04000621B730B840BBA0BEE1F88F7E0950895D3
:10F050000E94AF7688F09F5798F0B92F9927B75143
:10F06000B0F0E1F0660F771F881F991F1AF0BA956C
:10F07000C9F714C0B13091F00E94C976B1E008958B
:10F080000C94C976672F782F8827B85F39F0B93F7D
:10F09000CCF3869577956795B395D9F73EF490951F
:10F0A0008095709561957F4F8F4F9F4F08950E9477
:10F0B000EB7508F48FEF08950E94EB75880B990BA0
:10F0C000089597FB072E16F4009407D077FD09D01A
:10F0D0000E947D7807FC05D03EF4909581959F4F66
:10F0E0000895709561957F4F0895EE0FFF1F881F5B
:10F0F0008BBF0790F691E02D1994AA1BBB1B51E121
:10F1000007C0AA1FBB1FA617B70710F0A61BB70B97
:10F11000881F991F5A95A9F780959095BC01CD013C
:10F1200008950F931F93CF93DF938230910510F4CE
:10F1300082E090E0E091920DF091930D30E020E0BC
:10F14000B0E0A0E0309799F42115310509F44AC0E8
:10F15000281B390B24303105D8F58A819B81611534
:10F16000710589F1FB0193838283FE0111C0408107
:10F1700051810281138148175907E0F04817590758
:10F1800099F4109761F012960C93129713961C93B2
:10F190003296CF01DF91CF911F910F910895009387
:10F1A000920D1093930DF4CF2115310551F04217B4
:10F1B000530738F0A901DB019A01BD01DF01F80115
:10F1C000C1CFEF01F9CF9093930D8093920DCDCFE6
:10F1D000FE01E20FF31F819391932250310939838D
:10F1E0002883D7CF2091900D3091910D232B41F49E
:10F1F00020918402309185023093910D2093900DDF
:10F2000020918202309183022115310541F42DB7FE
:10F210003EB74091860250918702241B350BE09146
:10F22000900DF091910DE217F307A0F42E1B3F0B08
:10F230002817390778F0AC014E5F5F4F2417350768
:10F2400048F04E0F5F1F5093910D4093900D8193A6
:10F2500091939FCFF0E0E0E09CCFCF93DF930097B6
:10F26000E9F0FC01329713821282A091920DB091C5
:10F27000930DED0130E020E01097A1F42081318161
:10F28000820F931F2091900D3091910D281739070F
:10F2900009F061C0F093910DE093900DDF91CF9153
:10F2A0000895EA01CE17DF07E8F54A815B819E01E8
:10F2B00041155105B1F7E901FB83EA834991599161
:10F2C000C40FD51FEC17FD0761F480819181029670
:10F2D000840F951FE90199838883828193819B83A1
:10F2E0008A83F0E0E0E012968D919C91139700974D
:10F2F000B9F52D913C911197CD010296820F931F84
:10F300002091900D3091910D2817390739F63097DB
:10F3100051F51092930D1092920DB093910DA09310
:10F32000900DBCCFD383C28340815181840F951F40
:10F33000C817D90761F44E5F5F4F88819981480FE4
:10F34000591F518340838A819B8193838283211536
:10F35000310509F0B0CFF093930DE093920D9ECF5D
:10F36000FD01DC01C0CF13821282D7CF4F925F9292
:10F370006F927F928F929F92AF92BF92CF92DF92C5
:10F38000EF92FF920F931F93CF93DF938C0100971F
:10F3900099F4CB01DF91CF911F910F91FF90EF90E6
:10F3A000DF90CF90BF90AF909F908F907F906F90A5
:10F3B0005F904F900C949178FC01E60FF71F9C0131
:10F3C00022503109E217F30708F4AEC0D901CD91FC
:10F3D000DC911197C617D70720F1C530D10578F019
:10F3E000CE0104978617970750F0C61BD70B2297BC
:10F3F000C193D1936D937C93CF010E942D79C80165
:10F40000DF91CF911F910F91FF90EF90DF90CF9000
:10F41000BF90AF909F908F907F906F905F904F9034
:10F4200008955B01AC1ABD0A4C018C0E9D1EA09183
:10F43000920DB091930D512C412CF12CE12C109791
:10F4400031F58091900D9091910D8815990509F0F5
:10F450005CC04616570608F058C080918202909111
:10F460008302009741F48DB79EB740918602509178
:10F470008702841B950BE817F90708F055C0F09335
:10F48000910DE093900DF90171836083B8CF8D9158
:10F490009C91119712966C90129713967C901397EB
:10F4A000A815B90559F56C0142E0C40ED11CCA1467
:10F4B000DB0420F1AC014A195B09DA0112961597B9
:10F4C00080F06282738251834083D9016D937C9373
:10F4D000E114F10471F0D7011396FC93EE931297A7
:10F4E0008ECF22968C0F9D1FF90191838083F301AB
:10F4F000EFCFF093930DE093920D81CF481659060C
:10F5000008F42C017D01D3019ACFCB010E949178A0
:10F510007C01009749F0AE01B8010E94A77AC801AA
:10F520000E942D7987016BCF10E000E068CF911128
:10F53000089581548A5108F4805E855A0895911186
:10F54000089581568A5108F4805285580895FB0128
:10F55000DC0102C001900D9241505040D8F708954F
:10F56000FC018191861721F08823D9F79927089506
:10F570003197CF010895FB01DC018D910190801935
:10F580000110D9F3990B0895FB01DC0101900D9254
:10F590000020E1F70895FB01DC014150504030F0BC
:10F5A0008D910190801919F40020B9F7881B990BEF
:10F5B0000895FB01DC014150504048F001900D924C
:10F5C0000020C9F701C01D9241505040E0F7089556
:10F5D00013E1CEE3D3E100E006C0802FFE010E94DC
:10F5E00075782196011DCF33D10780E00807A9F770
:04F5F000F894FFCFBD
:10F5F400FFFFFFFF000080BF313233340000000002
:10F604000000000000000000313430380000000029
:10F6140000000000000000002B3235353736373843
:10F624003330333139000000000000009A99993ECC
:10F63400000080BF01010000F040FFFF00004842CD
:10F64400FF01A613A613A613A613A613A613A613A7
:10F65400A61300803B453E3F40414243444531327E
:10F66400334134353642373839432A302344010094
:10F6740000000000940D80000000400014005400BD
:10F68400000000009314F3132014E01451142F14F9
:10F694004314000000004C1C1F1C711DF51B181C9A
:10F6A400051CF61B000000000E1AB019CB16000052
:10F6B40000002E16EE15BD1500000000F81EF31311
:10F6C400711DB9136E616E00696E66006F76660017
:10F6D4000D0A0057656B61206B61646920796120B4
:10F6E4006D74656A61004361726420466F756E646F
:10F6F4002C204E616D653A002C2042616C616E6372
:10F70400653A00536C6F7420003A204E616D653D7C
:10F71400002C2042616C616E63653D003A20456DAA
:10F72400707479003E3E3E20434152442044455487
:10F7340045435445443A20004552524F523A43619E
:10F74400726420416C7265616479204578697374D0
:10F75400732C204E616D653A005355434345535312
:10F764003A436172642053617665642C204E616D66
:10F77400653A0070726F63657373436172645363B7
:10F78400616E3A205461673D002C204C656E6774AD
:10F79400683D0050726F63657373696E67205246EB
:10F7A4004944207363616E3A205461673D004552B9
:10F7B400524F523A53746F726167652046756C6C90
:10F7C40020284D6178200020636172647329003120
:10F7D40000454550524F4D2077726974652066612B
:10F7E400696C656420666F7220757365725061730D
:10F7F40073776F726421205265747279696E672E13
:10F804002E2E00454550524F4D2077726974652065
:10F814006661696C656420666F7220637573746FCA
:10F824006D50617373776F726421205265747279BD
:10F83400696E672E2E2E00424C4F434B45440041C7
:10F844004354495645004D4F42494C455041594F48
:10F85400464600485544554D4120494D455A494D69
:10F864005741004D4F42494C455041595F5741491A
:10F8740054004D4F42494C455041595F4F4B3A005B
:10F884004B49415349205349205341484948490071
:10F894004D4F42494C455041595F4641494C004DFA
:10F8A400414C49504F2059414D455348494E4457C6
:10F8B40041004341524453594E433A004341524458
:10F8C4004F4B3A00434152444E4F3A0042004341A9
:10F8D400524444454C3A004F46464341503A004E48
:10F8E40045543A0053455454494E47533A005344FF
:10F8F400434152443A00626C6F636B65640028684C
:10F90400616B756E61206A696E612900207C20003C
:10F91400207C20547368200053444C495354454E72
:10F92400443A002D2D2D204A756D6C61207961209B
:10F934006B616469206B77656E79652053443A2066
:10F9440000202D2D2D004C4F434B3A004D41494E84
:10F95400543A00464F52434556414C56453A0043AB
:10F964004152445245414445523A005343524F4C4C
:10F974004C544558543A0044454641554C54004D66
:10F984004F42494C455041594F4E0070726963656E
:10F994000050524943450063616C666163746F7241
:10F9A4000043414C464143544F52006E65777061A9
:10F9B40073730075736572706173730062616C6157
:10F9C4006E63650072657365740073657470686F47
:10F9D4006E650053455450484F4E450041444443DE
:10F9E4004152440041444442414C414E4345004449
:10F9F400454C455445434152440044454C455445C7
:10FA0400414C4C434152445300434152444C4953AA
:10FA140054006578697400455849540031343038CD
:10FA2400002B3235353736373833303331390031FE
:10FA340032333400580043414E43454C004748415B
:10FA4400495249004E616D653A2000302E30003035
:10FA54002E30300042616C616E63653A2000436F62
:10FA64006E6669726D3A204E616D653A002C204FC6
:10FA74006C642042616C616E63653A002C204164C1
:10FA8400643A002C204E65772042616C616E636598
:10FA94003A005945530059004E4449594F005355B3
:10FAA40043434553533A42616C616E63652055701C
:10FAB40064617465642C204E616D653A0050415355
:10FAC40053574F52443A0053414A494C49004F4E10
:10FAD40047455A41004D454E550048454C5000702D
:10FAE4007265636C6F736500505245434C4F5345C8
:10FAF4000044454C455445434152443A0044454C26
:10FB0400455445414C4C43415244533A00536D6172
:10FB140072746B656D626F205761746572205665EF
:10FB24006E6428532E572E56293A20576173696CF8
:10FB340069616E61206E6173693A202B323535201C
:10FB440037363720383330203331392E2000F09FB8
:10FB540093A6205568616D6973686F3A206A756D64
:10FB64006C61207961207A616D616E6920280029B9
:10FB7400206B75746F6B6120616E77616E6920799B
:10FB840061206177616C69202D3E206D66756D6F13
:10FB9400206D70796120776120574C004D554441A8
:10FBA40020554D454953484100494D454748414931
:06FBB40052495741000018
:00000001FF
